timestamp,cn0_dbhz,num_satellites,pseudorange_m,pseudorange_std_m,doppler_hz,lat,lon,alt_m,label
311,43.09771669732394,9,22023851.756361324,23.63066187334755,-665.4089394102477,13.082700714109924,80.27071899852406,85.45953217880925,genuine
25,20.24781701217642,7,21936599.3041578,45.81832413784652,-680.2633012625282,13.082708532265782,80.27071823005411,85.326396858496,jammed
587,15.0,0,,35.9652306580975,,13.08268539016774,80.27071391311593,79.32443484546685,jammed
941,46.32909787380542,9,21949150.202136043,78.67225830522446,-1460.7719675410747,13.08269881969677,80.27072089191219,85.3941745712997,spoofed
980,43.338295920610186,11,22002486.896884464,51.1451485238955,-824.9430275381188,13.082712578080212,80.2707137551628,83.17755222260166,spoofed
78,45.09550187790363,11,21996533.376896452,105.3922492061024,-1822.0602647941803,13.082720436507707,80.2707008371199,74.2593335259777,spoofed
281,39.77161331777504,11,21933404.05759193,128.57454517686654,-1883.1705446855742,13.082686837373727,80.27071587746534,76.14935958679656,spoofed
720,41.75955265769167,12,22000694.910466626,17.331643860852083,1103.8658638035106,13.082718599160435,80.2706945151001,72.60433722929119,genuine
537,15.0,0,,26.681047697786916,,13.08268190167807,80.27069638392146,80.39235039088506,jammed
493,45.07443467743352,8,21959194.32726252,109.15377011567028,-614.1456793610821,13.082691073188084,80.27068204543096,76.68516976515123,spoofed
716,25.570746491226163,4,22048979.2670578,48.0815519342219,77.74473770922737,13.082720406873941,80.2706975768005,74.35894647147126,jammed
536,40.65307170595564,9,21975326.589542307,17.85929591318355,-369.3137623367561,13.082681575217437,80.27069617744314,88.40153552989167,genuine
298,37.60819554380355,7,21984961.770757664,12.418512015692457,577.761367173166,13.082693552015195,80.2707200895051,76.38332670233883,genuine
104,39.66595579997531,7,21946620.311547756,20.191449644919096,1116.8732553957948,13.082719353118584,80.2706899172332,86.3296681327841,genuine
649,15.0,0,,31.02886757930602,,13.082706356899855,80.27071926666514,78.94518860314659,jammed
299,44.96324156685524,7,21906695.36034345,49.20645687533237,-3006.884224796706,13.0847884398667,80.27149645139374,80.32584533182116,spoofed
109,24.03346697742422,4,21984382.227917206,88.94966528994597,-414.2760650313133,13.08271628640611,80.27068846774954,83.59913990465688,jammed
899,38.1608948251847,10,21955626.808762893,17.91893272646474,-929.5201772798498,13.08268500646044,80.27071481764352,73.28822831266899,genuine
461,39.91657798512649,11,22045403.142175898,17.656116142962908,-607.8943402759321,13.082704147077925,80.27067950619053,78.3108133432487,genuine
590,39.26239674343225,9,22040291.45577265,164.7473654169325,-636.0386775518721,13.082687434230007,80.27071303613536,79.56314364753416,spoofed
664,41.11614833130586,9,21960575.467766017,32.40875538787065,-2003.8986666825372,13.081174073233626,80.27180391856027,73.74380607202504,spoofed
983,43.838957731070934,8,22038107.462097935,20.689783847000243,606.5313737825386,13.082715378555964,80.27071323921271,68.13111973232287,genuine
191,22.096435635141326,4,21973084.18985692,22.534628569894135,-929.4472122567128,13.082686165775737,80.27068596116426,84.0967046008722,jammed
3,15.0,0,,29.34653995259223,,13.082701439701484,80.27072068727387,82.25614692760917,jammed
692,45.639507979612524,8,21974361.761470005,156.92555802888668,1886.1485997991222,13.081075019435286,80.27239021611403,83.5506817643827,spoofed
463,36.81754141002177,7,21985681.693206742,15.92183353587832,-503.1562839462198,13.082703889556585,80.27067882254615,76.39825981320325,genuine
108,19.15865249186407,4,21928911.81753277,64.90289565258499,1604.914575072771,13.082717185065773,80.27068926448402,81.11449581501918,jammed
305,39.36775372324013,12,21998014.68588265,13.701929843271127,-255.2845924423797,13.082696382012747,80.27071919536006,77.61396685527568,genuine
14,28.620850916255442,3,22006617.325320132,49.01181026503345,-390.8086926991976,13.082706132638178,80.27071964682337,81.98992278781441,jammed
22,45.05635334668508,11,22065601.263110995,22.179970088838573,-48.07379820410516,13.082708359176634,80.27071952057464,75.58514046943013,genuine
770,47.09357345296019,9,22037111.819003664,104.89727590717162,-1053.2735735915287,13.08270595739045,80.27067979397894,82.10589541832113,spoofed
768,26.597376791815723,4,21990251.00569401,111.27352763420016,642.2490998525237,13.082707351262927,80.27068055019879,77.89871051149882,jammed
277,39.18562542323018,11,21934417.616027977,133.65604704470437,-175.27766142434643,13.082686126759183,80.27071467199198,80.1487537232943,spoofed
27,28.760242100229632,3,21988293.723135855,65.5317529330287,-231.02930166850453,13.082710144837645,80.27071634810616,85.35951478091329,jammed
476,21.101182928023455,3,21984665.135608703,44.999089973364825,-170.2008156426057,13.082696684927315,80.27068026689649,87.12539666312723,jammed
762,43.85003559076084,8,22012334.157480538,23.221508551168455,894.0593575465247,13.082707779986855,80.27068216256853,76.40298090156513,genuine
30,47.354119002176155,12,22053943.951951485,18.411962549063965,1254.5651576510656,13.08271010552636,80.27071509675882,85.49675871143828,genuine
464,25.246113367661785,5,21970697.418001223,73.1518260104349,-529.6753376620795,13.082701981365176,80.27068145087797,79.04446895110046,jammed
132,46.56844660108617,6,22081675.56584266,135.6523051240103,-3020.091948819137,13.082033287934749,80.26901709925309,78.74640543638863,spoofed
788,23.341632523131082,7,22013847.933760967,78.7996835057922,-58.94228925740913,13.082699867996393,80.27067887247019,80.2138378265398,jammed
410,13.682520064095623,5,21941954.402180664,33.494326529309404,2143.076666956128,13.08272005520768,80.270692977189,83.79766872881609,jammed
977,40.969157819488174,11,22016387.323497597,20.47761205747905,1428.4965988970446,13.082713211264156,80.27071558298758,76.83804121575322,genuine
961,42.32756779048355,7,22049796.934241112,16.181621410141002,-497.4687924835238,13.082705384567767,80.2707187723757,87.34785347880755,genuine
306,41.16385956911031,11,22022122.730248485,19.849022436958727,-598.999699184734,13.082697293436043,80.27071834018014,85.2526682495325,genuine
569,42.46993396871526,11,21984548.881740186,13.54967113031374,145.1451183602896,13.082681164440354,80.2707091433847,87.89501555794945,genuine
156,42.32568630368222,12,22063644.138437733,5.510927500501117,205.35559923446831,13.082701423713855,80.27067857440898,77.62792702317077,genuine
850,42.79543689429978,8,21953866.867114503,101.42967631588962,1342.318892555044,13.08268010379959,80.27069568508317,70.71306583142542,spoofed
244,33.41765444484912,2,22005567.521469906,55.9696006634596,-750.4076335360988,13.082680232522836,80.27070447107897,74.98068708191242,jammed
126,45.83420138691333,8,22003489.158307757,87.22285829276296,336.8114039780625,13.08271160469501,80.27068393071582,74.55370939930849,spoofed
599,37.562594850894676,12,22004729.626647886,24.131046734534,441.563917044479,13.082689442416765,80.27071712353897,81.65193877827991,genuine
351,20.426210618821855,4,22001634.761262663,25.61854543192994,142.0311758092495,13.08271434101233,80.27071577441701,78.50413260405205,jammed
230,25.464414244553993,3,22004880.199624773,52.074971908982505,1538.9814727250346,13.08268125566224,80.27069795223156,68.41285874896249,jammed
638,43.4489028561912,11,22016204.461116,11.881987451853202,-57.05285370074781,13.082702481320425,80.27071815603092,77.8834022550174,genuine
53,44.02445841189855,10,22026232.285810497,79.39583495158075,1541.803287667826,13.082717583766154,80.27071011493477,65.82877608683391,spoofed
615,38.793413374348695,9,22019522.746602695,16.175599715758324,447.0168277902068,13.082694547369234,80.27071902103731,75.09013847192175,genuine
925,48.62823060998108,10,21906085.60715952,103.4546973381684,-493.8547924465861,13.082694093343388,80.27071875451918,81.07156742960754,spoofed
160,38.542062329442544,10,21921168.29643351,126.28871706471831,1283.6212243279224,13.08251669502525,80.2684318939196,86.87453855733983,spoofed
722,36.298155386570194,11,21995096.321573373,21.0413141274025,381.92845874887064,13.082720286407085,80.27069337386477,78.1428693615268,genuine
461,41.8335155271001,11,22047794.901282124,166.9193425837262,-2650.579316189265,13.082704147077925,80.27067950619053,78.3108133432487,spoofed
460,42.97779285988423,12,21951768.037306547,146.79458756579146,146.78320807419982,13.08270652282254,80.2706806329099,79.79331359518045,spoofed
397,41.69679709592212,10,21940475.20667668,47.67143963546664,505.87621772490706,13.082718823916991,80.27070028004242,73.09184338032462,spoofed
785,42.11539900368051,6,22064373.355437525,148.18486066152497,1740.930298549645,13.081986745921725,80.27150643585637,75.26161498578811,spoofed
561,42.89439381053744,10,21976600.778979156,143.62957980313286,2039.3459437682495,13.082680228796482,80.27070391406113,93.0555133919392,spoofed
503,38.243741359897754,8,21973458.908593517,19.09723786308949,-519.6829676758647,13.082688182615522,80.27068410436712,80.38047239461258,genuine
83,41.888715585993644,9,21887600.36879818,119.69278943724703,1735.1874600963215,13.082719443358897,80.27069737251888,71.98499959235781,spoofed
905,47.150745426310195,9,21977696.531077057,16.994909503511728,-38.78712037652478,13.082686061629369,80.27071572356074,80.92073486455787,genuine
530,26.15573682076257,7,21926409.38243379,30.1670898335085,-726.0316178641505,13.082678920324792,80.27069279187207,87.45783258224382,jammed
92,40.94175421988962,8,22047138.290061265,22.05080997650968,162.56554671512396,13.082720781261797,80.27069546385904,81.42602963182878,genuine
411,37.99832069412413,12,21999552.053733893,106.80541370148472,-491.3447868127373,13.082719460256355,80.27069289460431,74.86958999534342,spoofed
872,30.210522000064223,7,21980610.602222536,37.386687954164614,-633.4931118940648,13.082682074097253,80.2707022066184,82.31433411127452,jammed
999,19.62228617604479,3,22054532.996804405,44.727777642757054,393.69190087664214,13.082718875791182,80.27070864317247,74.57410314944711,jammed
330,31.70129411364861,4,22033689.719683386,60.81067326102068,17.98675162098047,13.082705580406818,80.2707195123136,85.86056463738348,jammed
255,28.158476270291104,3,21961274.49692433,81.40185964087644,-310.2007461662614,13.082682350103754,80.27070794769179,83.480023933241,jammed
704,45.636923087969265,9,21958924.523544278,67.44324260095549,-341.30832394463687,13.086553830519602,80.26963769164384,84.16475603811342,spoofed
217,32.541590078299734,7,22032049.53596975,63.0999050457167,-166.92262744546576,13.082682480208316,80.27069310601152,80.92127611202277,jammed
898,43.19718884630115,11,22015439.963842407,9.764541396167727,-738.5320992225545,13.082683635602596,80.27071258512402,81.90981516742404,genuine
483,43.45194273832449,7,22078754.141380437,11.949505669714432,595.4668709997409,13.082696465586487,80.27067999698252,89.84612908411081,genuine
9,29.454003482420024,3,21989413.30987278,102.46235207928513,113.32923256607756,13.082702879550645,80.27071975104005,80.81535103966351,jammed
682,28.440727897064257,4,22025386.42258191,45.833881952289616,618.3244777475134,13.08271897226509,80.27070957290545,79.46249922784638,jammed
827,21.88036903009678,7,22057012.664047215,34.05967537844092,-1402.767003613072,13.082684559016746,80.27068663526191,87.31963202257167,jammed
246,24.933116224145415,3,22073869.683248732,86.13771691439376,-584.1593174500813,13.082680317520568,80.27070525477215,87.36612172819736,jammed
485,41.57398104708949,6,22008531.25392699,14.551346150441907,261.928876158032,13.082695151369808,80.2706800023271,88.04815528515817,genuine
643,42.42990083109265,9,22015954.74170118,17.687169271136685,-807.3202730934735,13.082705207244933,80.27071900752101,96.46927054184074,genuine
508,40.925737760306745,12,22014150.462504424,154.51209744500892,412.8263386086037,13.086211786756968,80.27248444089038,78.96088905639812,spoofed
836,41.1843449874424,10,21922374.626335,14.82660374990705,-953.5050487535001,13.082683440712731,80.27068956199062,92.47011408190953,genuine
619,47.216804898388524,12,22026034.604254734,67.37557054422501,1643.9330093065942,13.08261477235487,80.27024051985734,72.52922346725167,spoofed
910,40.120610380466246,11,21917625.185047626,8.761861004281037,1016.0343471415401,13.08268905909459,80.27071676397219,78.63451358022013,genuine
686,43.97700430294747,12,22011721.555824105,7.509801123044767,63.37203824331154,13.082718204963312,80.27070894911509,81.69052960753164,genuine
961,15.0,0,,75.24578276977176,,13.082705384567767,80.2707187723757,87.34785347880755,jammed
600,43.288526007252024,11,22039234.435806584,9.331144872901358,-1411.6928419074147,13.08268901578395,80.27071789410098,86.19853453534562,genuine
917,28.45220481127651,4,21914861.069405336,44.84418695467944,439.88848323818473,13.082689709177913,80.27071645691645,77.64638038874247,jammed
303,15.0,0,,70.12597542972071,,13.082695125795485,80.27071872833795,72.1723638626578,jammed
850,41.095418657289144,8,21951509.980244245,13.838163803116144,286.7676610934145,13.08268010379959,80.27069568508317,70.71306583142542,genuine
129,24.971551712451653,3,22009621.05588841,49.87966655934524,-759.3510908659282,13.082712490200155,80.27068258693919,76.46238351998026,jammed
195,39.76318245261044,6,21973259.433089074,8.60251602043051,574.6783095153303,13.082687351836102,80.2706872926216,78.75873233683912,genuine
295,42.44128105343112,6,21917083.22172089,22.397951868254676,-381.5072184266225,13.08269079683188,80.27071967617896,83.72204366848858,genuine
663,41.1441476533403,7,22033874.24210457,7.715072896093661,841.9384102393368,13.082712162521604,80.27071434425628,80.68618564483812,genuine
545,41.60203782154985,10,22046131.986139394,21.298529264402028,73.74168602146644,13.082680096806072,80.2707002245835,80.63620724486626,genuine
793,42.97816164983309,10,22048550.31679796,12.969331772645072,-104.3153911356243,13.082697898216852,80.2706803049504,76.96906526182933,genuine
118,46.00444722830229,9,22003929.93530575,13.038869935398585,-370.755690900317,13.082713422199504,80.27068725500557,80.31942112751666,genuine
910,42.063260463758525,11,21916468.072763395,74.36159074134272,-719.6205310217401,13.08268905909459,80.27071676397219,78.63451358022013,spoofed
738,37.52586399317999,11,22081058.698511396,131.14299977374546,-926.8099287780467,13.081573511575076,80.26829959200086,76.6111514963559,spoofed
981,38.17321185685823,7,21898419.02156685,4.31249701959706,206.1565770212443,13.082713047451891,80.27071430431218,74.88517416888799,genuine
101,28.779669512804073,2,22016042.48231623,45.35627473330104,-468.2721751461994,13.082717656202153,80.27069112681056,78.82310003593506,jammed
263,40.61168195295246,11,21948464.148403384,18.75074131616167,317.6252818351841,13.082681937604692,80.27071073477288,88.67536981257138,genuine
106,15.0,0,,45.47936717765168,,13.082717102948529,80.2706909020188,78.47161069349247,jammed
762,27.096794878072373,5,22012334.157480538,110.90256314946868,715.6947203929329,13.082707779986855,80.27068216256853,76.40298090156513,jammed
259,22.343008061956315,5,22054959.57777739,101.29669888317059,-287.6099353832149,13.082683931994536,80.270708142716,79.68007172185717,jammed
995,42.881800407565855,9,22040765.80360858,8.938158534701373,1407.6378155594398,13.08271709838096,80.27071095423992,73.33941285295069,genuine
259,38.41373466679039,7,22056075.36843789,93.7019097216586,-748.5594785577467,13.080311703447556,80.2735920033307,79.68007172185717,spoofed
403,26.834127419317117,4,21977501.480906766,29.47046481727701,-675.6400659965659,13.08271988523851,80.27069634248718,74.83252234269797,jammed
368,25.914275577020923,2,22051204.941992052,95.6187696566512,1653.529713653584,13.082718117415517,80.270709965341,80.38153405424524,jammed
343,29.382335033010495,2,22073913.946785804,84.8870574918903,-211.94919828242973,13.082712107555814,80.27071672942421,86.9156756993106,jammed
526,47.80154849289198,9,21961474.12926503,52.80697223022672,1826.7994371803563,13.082683312935966,80.27068913493066,86.07360737248891,spoofed
894,22.822880131023314,7,21997750.23961785,51.50636959411859,1248.1566288298277,13.082683239795585,80.27071173476652,79.54670912131412,jammed
453,25.83435642635506,4,21956439.19639871,86.78562909407202,-337.0758714891878,13.082707109543206,80.27068236484382,86.91260321204113,jammed
14,44.8512104624914,6,22009423.80907956,34.993610382050775,-2587.3960939781327,13.082706132638178,80.27071964682337,81.98992278781441,spoofed
560,30.706720699949948,4,22029155.406782888,21.204272198840343,436.0993975449943,13.08268039859678,80.27070470461138,70.97124937115869,jammed
538,36.01434923774882,9,21980154.30793811,16.785643381356607,475.9619665414414,13.082680499669383,80.27069572177773,77.97178683743581,genuine
187,25.006625477848907,5,21973109.43268214,41.775838163650306,24.04779156938531,13.082688110225135,80.2706830955871,73.07938286495735,jammed
624,46.88682531682858,12,22037990.398001615,70.8410835891644,-2486.3393199997217,13.08269892872086,80.27071948865198,72.95315306220729,spoofed
117,42.054630363808606,7,21997871.068947777,11.985108437164982,-463.55206846535947,13.082713946612877,80.27068540565786,79.69476007144546,genuine
229,41.39906316648653,12,22056821.102305464,81.96699643590654,-1803.890996352029,13.082680422115144,80.2706975112951,82.29915153232413,spoofed
142,37.09380262242753,10,22048090.35559673,47.28849292705328,-1121.57477135675,13.082704896915253,80.27068205354743,80.9938533874436,spoofed
661,41.95609293380639,9,22016626.615654882,28.358816898783424,288.95830724319694,13.08271151415625,80.27071421677525,81.05991274885805,genuine
457,39.52724515785989,12,21909933.269040473,45.30627423653047,-1210.7453348395243,13.08270554144837,80.27067899735616,84.75582585389463,spoofed
604,27.014743928900284,8,22077174.642800726,79.4812841273279,-236.19092031780318,13.082689629503367,80.27071763661739,81.8987143781398,jammed
979,43.10953177345776,10,21954619.12469497,8.454524738060073,-542.6799030729153,13.082713613195493,80.27071315857651,86.12198239964388,genuine
717,43.60172864951585,6,22067402.130112387,63.19328228395818,2749.2180130535016,13.081948148374813,80.27068552875619,80.88825688310651,spoofed
325,43.18153137946905,10,21893427.392469525,51.68934483093723,-1119.1284663454503,13.083141320225987,80.27007574566034,79.35620712135166,spoofed
99,18.856893290456263,4,22018898.549899735,16.64680608895854,-253.43232648730998,13.082719105877475,80.27069250356891,76.94696301850185,jammed
385,41.878641527756876,9,22034464.203324813,109.60892089762069,336.30342986548504,13.082719222050324,80.27070419952861,71.4695152989112,spoofed
707,45.01157625066231,12,22002924.03012742,122.2932089056655,-1889.2585797150587,13.086900500313842,80.2717785870612,82.68764914096973,spoofed
709,28.837614235201006,2,22054042.810247544,60.065830412259764,913.3227987809821,13.082718330478336,80.27069908059573,77.37811666531007,jammed
529,45.91179505417476,8,21933326.28406329,14.147951713825089,-709.912017601963,13.08268127600596,80.27069058928184,80.20927237891239,genuine
224,42.22622445406969,11,21933080.879433807,9.569827234829262,224.6834789804178,13.08268069241258,80.27069586639222,79.76823148709617,genuine
231,45.79170007685557,7,21951311.872954898,128.1044024026511,-1897.129894182017,13.082679763760755,80.27069644437991,85.55077057941338,spoofed
738,15.0,0,,44.552672104453734,,13.082718289404966,80.27069014152727,76.6111514963559,jammed
977,43.85189358365942,11,22017125.635244843,104.80008485972517,-708.7072051468606,13.082713211264156,80.27071558298758,76.83804121575322,spoofed
501,44.23796245492922,12,22015191.871281877,8.94973575155483,809.3283309653174,13.082688442891797,80.27068366341224,78.44952345705285,genuine
444,39.27642021690623,6,21957165.435569003,153.00221710281753,-297.45405497681804,13.082709410993305,80.27068350621363,79.54517552604335,spoofed
953,39.093928049650174,7,22038448.293578688,12.308504523416753,1120.2927335050645,13.082705473836725,80.27071910521335,85.66801179003,genuine
70,42.07596331133871,10,21966619.707035016,90.65297204236384,3742.740710860581,13.082719827098066,80.27070390846043,82.95526737821237,spoofed
373,42.633472261973985,7,21984416.88024509,72.65122521810576,-799.9032991917627,13.082720621227153,80.27070813810285,72.7876657457717,spoofed
716,38.09130513032828,7,22048979.2670578,14.692421601976813,240.49184541162916,13.082720406873941,80.2706975768005,74.35894647147126,genuine
399,42.449322204972674,7,21984946.05138649,116.35365741080409,2560.6829282626977,13.082718986568848,80.27069751197268,79.53820896581061,spoofed
942,26.40923547565648,3,22013820.718212686,72.46031978429592,637.864722974096,13.08269973268554,80.27072109195846,80.5569253066554,jammed
193,45.58828944364417,9,21994858.490917027,135.94605458952236,-271.6193990437032,13.082686641266221,80.27068554364624,87.46650781062878,spoofed
763,19.727805830833297,2,22054229.319573194,22.207270080371117,1086.9419098040426,13.082707175142081,80.27068085898752,86.95716589627656,jammed
877,46.109280959073246,9,21994660.659830216,89.7677675414571,0.0110758437184586,13.082680612962305,80.27070471514276,73.09878678344418,spoofed
852,44.27150339973028,6,21965411.512849886,15.887955584617961,-1804.1404467792347,13.082682001376783,80.27069503511875,78.2545291833004,genuine
923,41.67538500435875,11,22029770.318753283,85.97242302332575,2660.654408758264,13.082692145720706,80.27072039228622,78.53066551263205,spoofed
262,44.23416547289229,7,22110744.34249138,49.91917527996669,-2417.2404516251263,13.082683574138333,80.2707098811664,73.95439347659521,spoofed
26,47.41582719139692,12,21861159.3643856,67.21972624142705,2072.3984279151523,13.084078398558978,80.27170368309191,83.76400911470886,spoofed
399,40.23831684282529,7,21986679.32329624,11.688775903377037,501.9951173374756,13.082718986568848,80.27069751197268,79.53820896581061,genuine
896,40.309956735796575,7,22035298.48733494,6.366966594381108,1024.7553670243394,13.08268255031182,80.2707105643924,79.45939580891539,genuine
477,27.680647442670903,6,22005234.501494408,37.542585875269175,508.27471564244223,13.082698689719459,80.27067993273478,74.15682557005314,jammed
410,38.294536506392944,10,21941954.402180664,15.205900101745888,1957.0542871282587,13.08272005520768,80.270692977189,83.79766872881609,genuine
578,41.36870666424259,12,21986921.90494668,18.853493910473816,1132.7314196618145,13.082682824742916,80.27071098866392,80.24393552517316,genuine
971,41.73454517344356,8,21977974.6069576,21.812291220001065,-9.62393591915722,13.082711606897144,80.27071750595445,77.99883595047072,genuine
59,27.34205009609685,3,21931204.32056992,44.687037150636826,577.5857341091355,13.082720273158708,80.27070744556337,76.71156945603765,jammed
197,23.85737710829078,3,21930902.548431817,72.04820894893051,-1701.7964908742235,13.082685940406298,80.27068577400767,73.84026388957899,jammed
33,39.965568179380305,6,21893265.316626158,20.41175964895868,-1232.2835006787284,13.082711558177103,80.270715572167,86.35535935430072,genuine
728,39.14959770218442,10,21960297.82291506,5.779397744162376,-953.9855414259822,13.08271863066348,80.27069255181507,79.08544604906146,genuine
950,38.76757513660274,8,22127681.179191113,88.15324747584818,-3239.449017649139,13.084576558865578,80.27053358693072,85.44568591956681,spoofed
804,46.19914992500569,8,21987382.21539694,90.33828296749334,-2423.7853640500853,13.083141865609557,80.26732037487915,80.35632357789282,spoofed
746,15.0,0,,47.37949823241033,,13.082713479601697,80.27068586106087,75.28909501520347,jammed
472,41.28909040489976,12,21995569.30273734,11.591927237347832,-835.5331906467459,13.082698586333839,80.27067991732726,73.79131093924316,genuine
875,12.120326245699978,3,21944966.936788283,27.99803615378298,-1288.0370163430446,13.082681237681015,80.2707050133477,83.43433480667429,jammed
956,40.79807827599285,6,21980677.61063588,76.409007497905,-2170.098245586011,13.08270447284099,80.2707195886283,74.47113852392347,spoofed
352,40.57264084619551,6,21944084.70913967,11.895893071597056,2191.6033064866447,13.082714362794936,80.27071598663923,66.69017331421335,genuine
551,44.86208628783283,8,22030297.83314688,53.43583141666548,-2349.1366039714426,13.081969729992084,80.26814574764103,82.85724612758172,spoofed
113,36.43226023567207,10,21990371.304211713,46.69131086212066,-782.6858040299275,13.082714294868515,80.27068751100015,83.11821049805826,spoofed
465,40.85331178765167,12,22008216.032969095,8.65455192570094,1047.6205092115204,13.08270182573903,80.27067974624319,68.2241505741085,genuine
951,21.317366253149498,4,21981194.79047202,51.69779062941656,656.8066495421282,13.08270179012546,80.27072133211492,81.05555371810566,jammed
934,42.77405020477292,10,22091102.76106714,18.962537058363033,-1195.2898685750229,13.082698912556893,80.27071945088147,85.24132188195405,genuine
55,29.179516118938952,2,21921647.087488227,20.29661023474051,-1099.4991658850472,13.0827188191028,80.27070979054406,80.02770421395898,jammed
743,37.35041148363593,12,21954874.674677834,19.545798011069383,-62.98863379150218,13.08271426242789,80.27068573303451,89.18872815393378,genuine
803,46.18164246314712,7,21975086.88877688,53.203360733695796,-910.3891944405846,13.082693723358298,80.27068220678629,80.24469196354056,spoofed
918,45.96724969907428,12,21929808.001634985,146.385401179285,101.76946113148631,13.08269152254615,80.27071733606338,84.61827077684457,spoofed
446,44.668056041429956,10,22004741.34298652,21.325799727441634,-243.4724839343373,13.082709150641769,80.27068101079577,69.8845737348347,genuine
898,15.0,0,,29.963622807297096,,13.082683635602596,80.27071258512402,81.90981516742404,jammed
439,45.62296634269964,6,21934595.317699485,31.327140592283076,-758.489275403705,13.084417993422003,80.26687226556587,87.20538389120009,spoofed
867,17.07474234628236,4,21982386.74825251,41.81144109291515,-447.41128784114267,13.082681961119373,80.27070096534969,77.68710576356457,jammed
208,40.330475813680685,8,21881652.18827905,104.51217465007784,-2458.0317701590498,13.080974009338126,80.273785850424,88.07715136589297,spoofed
23,41.613676294828,7,21984241.28050574,17.77620037139712,10.062801881466598,13.08270859005626,80.27071873314617,82.07211664739319,genuine
637,21.758017632003984,5,21981098.035413425,47.31914149876863,326.7327663149425,13.08270346821981,80.27072059118255,79.04640061095948,jammed
616,42.624059660129056,7,22026156.79144972,127.08779362923552,-2035.5206191962318,13.082694887318393,80.27071918183472,84.95133248852471,spoofed
521,38.48606086714696,8,21997484.323737964,108.85856058895907,-183.9452327547524,13.081010709058377,80.27065277260728,87.38918150004136,spoofed
227,46.69211152820417,9,21966864.92958224,6.326942515314023,748.0870088182271,13.082680245597754,80.27069658602258,77.07407961736666,genuine
99,39.50456243772356,12,22020510.969401296,35.227285295121256,-1724.6131704955362,13.084342563059637,80.26880067823056,76.94696301850185,spoofed
831,45.903595504508935,11,21889026.287068848,17.926237656794278,836.051732616899,13.082686207546667,80.27068763567202,83.36493712082239,genuine
138,46.991827229229465,7,21999148.105533127,15.026614302258503,-101.80264718823004,13.082706270191022,80.27068237654476,73.31969122472297,genuine
952,20.77430425848106,3,21977095.909916595,89.03512293187897,499.9313381009806,13.082703751873263,80.2707196302296,86.23713168411841,jammed
236,16.55796291594281,3,21998458.37429579,36.61237843342301,141.13877633070877,13.082679708805555,80.27070018453439,79.497455815929,jammed
41,20.56839309355314,5,22037461.146360043,51.05104044746818,1088.2975603055274,13.082713708361549,80.27071275014113,74.14277406986865,jammed
683,40.69669270340679,10,22030150.342671335,18.13554800074583,-1679.921588580098,13.082716025195749,80.27070657792281,83.09558992506877,genuine
252,46.321744111013984,8,22015690.951005355,12.650673753902137,719.9997315437865,13.082679833464342,80.27070493458116,83.30336456501125,genuine
886,45.11236844661612,6,22039517.029089235,16.624423594122923,250.03193118606336,13.082681248396892,80.27070764647394,76.03473111934713,genuine
497,42.87074834889847,10,22009695.753281742,85.06455312939738,-1063.470431124186,13.08370953281836,80.27097859356446,78.6132336903449,spoofed
618,40.46505799651776,10,22009928.931034077,18.897647103857253,437.6978443514722,13.082696697177749,80.27071887439507,80.93041446845149,genuine
554,15.0,0,,55.94908058520533,,13.082681090741744,80.27070152820993,84.98692291853183,jammed
253,39.532857303929404,10,21975412.629013494,14.16612132999007,-581.5399671441255,13.08268014555195,80.27070607704586,79.92264618581599,genuine
563,40.08375425488886,9,21972066.00249341,100.07881925186824,-1774.362431053973,13.085158841531634,80.27120347919386,87.47772007600868,spoofed
418,18.806583728746666,4,21854142.005965147,18.175498228404923,-481.8123298736507,13.082716405318761,80.27069015248094,90.69087235242604,jammed
465,20.140807419625837,3,22008216.032969095,40.614962054354955,872.5218365243999,13.08270182573903,80.27067974624319,68.2241505741085,jammed
794,39.473973008334625,6,21923194.018847495,103.17337510570388,2483.1223469877964,13.082698347010346,80.27067943745712,85.25612986862963,spoofed
182,40.972681922915655,7,22018226.25189964,17.543297715090493,488.6728249093513,13.082691238368005,80.27068281599496,78.01102297087213,genuine
102,42.71107738676164,12,22010538.31594694,162.99904402904536,-2626.1380711856627,13.085276157700415,80.26848024560394,79.28213676680917,spoofed
880,29.381406847028444,3,21878037.51807137,41.61064512035001,-1543.7965455087224,13.082681920471503,80.27070645817626,76.37067978753387,jammed
147,15.0,0,,23.54003873832376,,13.082704885523158,80.27068109688555,77.1650083202938,jammed
924,41.58460539512567,11,21883645.010152735,21.141971841671925,1086.5473176839832,13.082691565199028,80.27071855440894,73.68124840296738,genuine
450,29.173408526604355,6,21909857.190179106,50.73809350913744,-263.5277101163142,13.08271013174925,80.27067995407762,85.99777234912914,jammed
65,29.755200677531683,6,21980398.010206465,70.35169375107371,525.7689191810616,13.082719915312046,80.27070697476162,79.96281826677205,jammed
301,40.071333064007575,11,21985676.059477087,162.12361784241295,-2763.2012134576444,13.082695147062669,80.27072158398292,78.25756960986551,spoofed
476,46.0401309116676,11,21982359.529546946,62.41178852912932,-1629.071240247759,13.082696684927315,80.27068026689649,87.12539666312723,spoofed
217,45.34349526860686,11,22032049.53596975,14.626155392176361,-117.65879960688335,13.082682480208316,80.27069310601152,80.92127611202277,genuine
531,39.6471947601876,7,22028257.66894049,18.67866680140082,-515.059211178002,13.08268127328897,80.27069275287532,86.45445726319704,genuine
989,40.793024603188385,7,21994985.11662783,19.371712142231935,47.27466642001387,13.082716845194176,80.27071261170411,78.03873190931924,genuine
844,43.81853750520603,8,22039965.13028541,147.73450751028867,-1612.380675326136,13.082682700557935,80.27069226473549,74.83510387150734,spoofed
380,42.26970111085758,11,21908580.234427925,3.7858618919478317,321.39913545579714,13.08271891408399,80.2707061357596,83.79878486509071,genuine
264,43.623196844056494,9,22001145.432319894,141.56734898279691,-218.26816568138725,13.082682589920806,80.27070734367244,87.73305705381787,spoofed
836,43.02725752262258,10,21919508.919888414,153.33928602332958,-1956.0719991468627,13.082683440712731,80.27068956199062,92.47011408190953,spoofed
302,25.79843683288182,2,21992596.37977261,60.58318170028454,-561.0032148273815,13.082696030264962,80.27071961687354,81.9221471880983,jammed
350,43.354559688499144,7,21897324.419671547,117.35671476374434,-2776.8251835527835,13.080810101414693,80.2676500963987,83.16157670233773,spoofed
935,43.47386721508901,8,21923890.03624043,6.974720104980381,-42.5251904558079,13.082695512538285,80.27071887229363,76.40282221741552,genuine
288,21.21497233441396,3,21950829.20106705,57.259395349857115,1080.6015488682442,13.082690320327945,80.27071680684128,87.67953524621316,jammed
615,19.94612297305122,6,22019522.746602695,40.78335828837192,317.84612325030605,13.082694547369234,80.27071902103731,75.09013847192175,jammed
951,43.12942150235246,6,21981194.79047202,12.893313626771503,339.398509964151,13.08270179012546,80.27072133211492,81.05555371810566,genuine
140,31.879766455681914,4,22054225.758046497,99.79740880255724,-948.9698137316745,13.082705500361179,80.27067880558198,79.09388280604045,jammed
865,46.09048537922457,7,22077262.535338826,88.0077558017839,1996.2356823616472,13.082679502882824,80.27070150041156,77.18137424551102,spoofed
682,45.129312521412984,10,22025386.42258191,15.88559915002515,269.2989653018743,13.08271897226509,80.27070957290545,79.46249922784638,genuine
991,45.698186276685576,8,22005355.251500472,18.664542787187674,1355.012992609994,13.082718411523745,80.27071123031544,82.3264493769917,genuine
766,17.616566535857807,7,21960761.0376422,39.20435277629343,941.6184761768441,13.082708469453818,80.27068196348989,85.91552704274035,jammed
511,26.35424344247568,4,21995290.27123246,20.96973500977608,-548.2812751468166,13.082684068092446,80.27068499399573,71.97433399270791,jammed
360,42.70562492962229,6,21963380.085736066,99.84089138194601,-343.1782235517753,13.082717085106186,80.27071189217219,80.05712257680656,spoofed
50,45.27509785661927,11,21986727.522573125,157.89561417069234,-1219.2297221442566,13.08271685061834,80.27071247632655,79.80208642513776,spoofed
838,48.12402488463173,6,21999622.658578057,51.48247032970408,1985.470741610655,13.082684318873229,80.27068830020896,89.8644792739024,spoofed
742,20.123385746240793,3,21995490.37933113,47.214162758458215,875.3329696578155,13.082715596125949,80.27068575571974,80.20683081840437,jammed
254,41.23790036307271,11,22042327.01212274,72.23472625919186,-661.1710127360434,13.082679587710443,80.27070705792165,78.15393354265595,spoofed
23,16.90261829780942,4,21984241.28050574,63.53604527115042,-553.738868898309,13.08270859005626,80.27071873314617,82.07211664739319,jammed
806,41.66942835867207,10,21955498.96251182,25.308995763658043,876.9138930842716,13.082691180953958,80.27068095635836,77.00586827271607,genuine
655,42.79850065947807,10,21996824.566278085,16.352426930550997,-316.73437152847816,13.08271180046043,80.2707165776999,77.77777738103451,genuine
385,40.01465927493644,9,22036242.73357781,16.5279009595124,-390.94605517037,13.082719222050324,80.27070419952861,71.4695152989112,genuine
10,44.19849493715707,11,22024935.972053487,19.59711838323493,1318.4897294591037,13.082705574957995,80.27071865594888,84.86870146715665,genuine
48,41.8884896312707,9,21992772.333121687,91.1382519318216,2652.89402041753,13.082715417037845,80.27071026638282,85.27020798081836,spoofed
419,44.20803909277749,8,22061375.460578155,63.051929736183766,-1039.48936674287,13.082718493078206,80.27069048613946,71.85181954757853,spoofed
390,19.07549260598467,4,22013336.80839883,49.17130218078184,-286.82405612851835,13.082719622094226,80.27070263267309,80.81203025421364,jammed
436,43.66683262636435,9,21981646.296742674,54.57439982592532,1741.19025428622,13.08271204598263,80.27068407280541,84.06517868443811,spoofed
114,21.711920209038457,5,21980809.953714613,21.37719446628748,-182.2730126277262,13.082714745502404,80.27068744494315,76.85781199408933,jammed
68,22.069117205967736,6,21942658.39589163,96.04523858177214,109.24311167245921,13.082719329824423,80.27070286078123,77.74499385276603,jammed
248,49.75987306221098,11,21932678.700161386,115.649477834124,-1148.5191850265414,13.082680531612983,80.27070555545356,87.40114934485653,spoofed
618,28.928438325816582,6,22009928.931034077,52.13465990608023,719.5945704411581,13.082696697177749,80.27071887439507,80.93041446845149,jammed
47,45.54550940079214,9,22009759.014606465,138.04911001512116,851.6803812034138,13.082714298364193,80.27071239811335,83.397012123633,spoofed
921,39.832486859191434,10,21962750.853063717,15.575656837539048,988.7987862107148,13.082692283002736,80.27071954335541,78.8594240914218,genuine
49,19.874546886933075,5,22068192.516246635,39.14834313732077,-375.16450079589805,13.082717174657414,80.27071107528933,77.83272335111067,jammed
321,42.73080354447444,7,22032760.04250411,44.92491159009621,-898.3863383346779,13.082704608641706,80.27072008566182,77.29923222963764,spoofed
158,27.273262826720043,5,21980718.500923842,45.666166782473304,873.4052824822398,13.082699183811128,80.27068060449216,74.5307642935128,jammed
570,38.37968185146238,7,21991356.445877828,15.02066441327433,332.2237522123628,13.0826819715331,80.27070822356781,82.19334083708505,genuine
519,46.87313565755206,8,22081349.095572285,67.25826377241984,-933.7426858971608,13.08309022458621,80.27132265069218,80.75940741644645,spoofed
291,47.320667023184065,11,22057701.192053996,51.97806734253129,-1356.6663599544213,13.08268974496877,80.27071842866968,71.18940993763728,spoofed
248,49.26266792310102,11,21934409.84171114,6.118161805768896,505.44375936954305,13.082680531612983,80.27070555545356,87.40114934485653,genuine
70,38.810784191655195,10,21968259.341801427,10.292311988850994,1341.2758385965572,13.082719827098066,80.27070390846043,82.95526737821237,genuine
868,40.5378146626675,12,22024016.71479407,10.358379346054864,-477.0973341094222,13.082679742041268,80.27070165772747,86.17739298732073,genuine
15,39.851768842791905,10,22003395.658458468,11.992695942204971,408.56635937081114,13.082705648026005,80.27071950909513,76.7404545599009,genuine
878,41.741449716063414,9,22079645.60445614,12.080565304538904,1417.207425989397,13.08268016172044,80.27070567723182,75.6194058415043,genuine
179,42.71456534900636,8,21988629.029367805,13.801914222826765,-1088.8135423259757,13.082691785513223,80.27068156327938,89.9637140041766,genuine
628,39.39853486871892,6,22003383.562903136,17.730559154462235,285.3701112287621,13.082699789691551,80.27071973522847,81.7573243079099,genuine
174,41.370123831994086,10,21964065.62644193,129.24370548260407,1703.2747529899443,13.082170995043263,80.2721718710235,75.44546392900021,spoofed
982,42.573704288659016,11,22010585.68920853,13.885889121213943,-413.299809579791,13.0827148487246,80.27071196505659,80.90431712327415,genuine
801,40.542430063235415,12,22125766.08872466,97.91064020060927,935.0242097250759,13.0830564597168,80.27266854176457,78.87539856247004,spoofed
118,26.02968353287288,5,22003929.93530575,33.46478771025838,-490.5526134064779,13.082713422199504,80.27068725500557,80.31942112751666,jammed
849,44.42249467568965,8,22040586.785499826,7.658681200655764,-448.26178626381414,13.08268080555523,80.2706931279225,82.7811956748664,genuine
168,43.61027101522891,9,22088636.60126454,35.64211175010322,-918.2132693989638,13.083419581831523,80.27162887987618,79.51248385541622,spoofed
543,41.55193343637561,10,21950315.106144674,10.82574423614249,-554.5495569139563,13.082678532120683,80.27069648956918,85.49074126093873,genuine
769,47.15922045809225,12,22022359.534959037,159.16423378603966,1289.3127789291027,13.082705457657873,80.27068111754717,82.77534860035672,spoofed
115,41.43889680443314,8,22013769.631256454,58.48767896711361,2131.5448812634936,13.082715011697506,80.27068759580978,67.50034637958802,spoofed
616,43.784550341206,7,22024817.151717037,21.07741208248847,446.8121452860502,13.082694887318393,80.27071918183472,84.95133248852471,genuine
34,44.85580627500166,12,22032491.751834486,127.50895654379529,-1061.292642775905,13.082714007337596,80.2707155140013,68.27105878748301,spoofed
122,21.652887555243858,4,21911150.668033697,68.52327598088465,-429.51643360306707,13.082711905961956,80.27068462098202,79.83804361609282,jammed
912,27.581291860517304,6,21982270.622637432,53.96774169229771,231.6405631314738,13.082688580684238,80.27071614901199,77.08724928325917,jammed
63,22.666915075767797,3,22040456.06554951,79.3948423299983,590.5903280856602,13.082719833305765,80.27070553714319,77.73402633015633,jammed
698,24.563439772995753,6,22001840.274954848,36.93317198887233,-752.4967849139591,13.082720257139808,80.27070330394822,75.15473761905102,jammed
95,39.453325437683475,12,21931386.968440976,94.1804637382712,-1714.2314694627944,13.08271977451786,80.27069359998033,81.91584511328097,spoofed
553,47.08768325682767,12,22005112.832982372,19.44491590202324,-141.61086886114956,13.082680038492727,80.27070211824662,81.3694196912984,genuine
51,21.771766441274334,3,21910963.094621826,30.341701466493312,1276.1411898926917,13.082714348157822,80.27071218163371,79.84786417548679,jammed
778,42.150964821061045,7,22045419.664863367,13.114035626054644,1475.2931307154154,13.082703538790339,80.27068332041797,82.30112336603145,genuine
775,42.50699319224445,9,22020818.40740695,20.40725234814266,-1016.9993279299225,13.082705001848142,80.27068080437111,82.83178189535336,genuine
317,40.256440441749305,12,22013690.192266177,12.897458282815546,-421.48255678974164,13.082701118248751,80.2707205401247,80.24987987353298,genuine
255,43.07077722480082,11,21959506.636003084,73.52954305164683,-2337.5717764177075,13.082682350103754,80.27070794769179,83.480023933241,spoofed
38,23.04875871749085,2,21941758.595176946,54.807057649830206,752.5997206936302,13.082712279533624,80.27071466316906,87.85697498475385,jammed
184,32.81948182595084,2,21985969.977658097,41.8634908277884,-5.9793666365669935,13.082688649220165,80.27068367914158,88.86394961545523,jammed
575,38.362943786855524,6,21982892.355463397,19.29523029088868,-175.6751914070078,13.082682012791583,80.27070858219889,81.11807453219853,genuine
282,24.842313320854075,3,22010533.34388623,56.06288078344837,594.7187977306082,13.082686699071052,80.27071617441591,79.52595720305005,jammed
471,26.914099675325346,5,22011919.41874187,69.32460103050023,-1645.9752639454086,13.0826996860933,80.27067920208259,87.22171851046716,jammed
436,40.66524940406612,9,21979820.394074034,19.348378783472455,604.2014207808805,13.08271204598263,80.27068407280541,84.06517868443811,genuine
219,39.30811319048577,8,21947421.77317697,102.47736869010795,1867.6775099484707,13.082680511166378,80.27069196558305,75.04224843712653,spoofed
124,44.087778114786445,10,21961990.495569054,23.286880601162483,-212.43237970338905,13.08271287836723,80.27068469238816,77.04944773921281,genuine
276,40.09235697576308,8,22003600.88209585,17.88354180771701,-1075.119129353067,13.082683525241022,80.27071503789769,90.35541299608307,genuine
839,26.84341771660875,3,21975422.95869214,67.4308226120675,423.50686423727205,13.082683538935145,80.27068881353307,79.21604104652123,jammed
820,40.796897190336466,7,22018316.6466825,19.315753693520694,-42.08967444431121,13.08268831039972,80.27068654946736,79.9211053981352,genuine
418,41.82715516318465,9,21854142.005965147,3.824822510506669,-1056.338517475528,13.082716405318761,80.27069015248094,90.69087235242604,genuine
704,44.62293405360337,9,21959330.479382668,12.908658048180953,254.6329621224918,13.082719747697157,80.27070127941538,84.16475603811342,genuine
589,49.15374400191768,7,22050275.05777626,121.62262608775744,-413.9614204061669,13.08268655439341,80.27071305537626,84.34033949222922,spoofed
962,39.494140048272996,9,21969770.069191024,10.284200378153052,-214.23565894014618,13.082708886572863,80.27071876022676,77.12490151772793,genuine
240,28.03626964731815,3,22045731.20269934,27.314720233109455,-352.9525459000813,13.082680073018798,80.27069989149174,83.38068692388428,jammed
567,40.36770963833822,11,22013643.12590129,27.359045380277347,-521.6596555222355,13.082680198224402,80.27070690858773,83.12872271544794,genuine
882,39.2222377477061,12,21965048.907344803,13.603895403941582,-105.87653868598903,13.082680974194377,80.27070775365164,70.63912129564713,genuine
906,44.61939794342091,9,22050600.0987462,130.43675484208987,-1032.554769424426,13.082687400721245,80.2707139520167,87.73563139771385,spoofed
316,42.166364539648015,12,21901308.30650705,13.177857909678792,-243.8942903947258,13.082700349443906,80.27072045294113,77.69003498822869,genuine
292,34.69528264620659,5,21920399.349887926,56.82685001193015,-391.4115892661039,13.08269143552679,80.27071715572805,76.77017434053113,jammed
878,40.808610670091426,9,22077709.127533305,69.61544998478273,3540.640403237196,13.08268016172044,80.27070567723182,75.6194058415043,spoofed
990,44.18332225054096,7,21992137.96316842,69.47591630573001,1838.354761454948,13.083336046723826,80.26805134623663,81.69136111913606,spoofed
541,40.688548193941585,12,21977775.546548855,151.05436151580008,-109.49261035259838,13.079760400141392,80.27371539768512,82.78279564046662,spoofed
413,44.16889133821819,8,21975194.479875732,82.1623294253684,1279.8086738089914,13.082717861018558,80.2706928175403,80.26425654934475,spoofed
192,41.04203169716003,6,22012397.378042594,13.801144935532042,341.98483369667076,13.082685639604756,80.27068605372274,74.56839721059261,genuine
430,25.25583332352811,7,21940380.23347788,74.18064637116885,800.2502209741297,13.08271581050183,80.27068546844623,75.10302916548615,jammed
320,42.40727190958933,9,21974679.784796678,132.3058243139187,-1101.1124892590192,13.086332701897637,80.2715869149376,80.22093917479793,spoofed
9,39.86739018106605,6,21989413.30987278,21.08862593725568,129.21972172307738,13.082702879550645,80.27071975104005,80.81535103966351,genuine
879,41.93004385867445,9,21982265.134852014,14.958600580352066,700.5244254826406,13.082680976407763,80.27070527342272,78.97506303200437,genuine
779,38.74336970791384,8,22006343.348814793,5.415920641174617,314.97999945151804,13.082701891129856,80.27068004084644,74.91620212580736,genuine
857,46.12495327928213,8,21997113.577046055,40.29076555810571,-1687.6021750410846,13.083236836383225,80.26903775854828,69.38181270478535,spoofed
949,31.398172168099983,11,22042652.88161143,44.726226287841754,2490.9005855275436,13.083502143153398,80.27494253956924,79.45259545196467,spoofed
52,25.482866565058806,3,21959837.995402414,76.7120284710812,1217.1522578727115,13.08271849091493,80.27071111172825,88.43997720734232,jammed
463,12.374106538108649,2,21985681.693206742,33.993502784622265,-610.2727392611628,13.082703889556585,80.27067882254615,76.39825981320325,jammed
69,41.521739187795966,8,21952988.939553715,20.667843514378124,1105.0232124471406,13.082720138278935,80.27070301962152,86.30767537405525,genuine
931,19.839759461101977,5,22105344.236663908,73.22126193598892,-304.8405276777612,13.082694764513976,80.27072044003019,82.46295775822436,jammed
401,46.16392126597791,6,21924637.319157775,142.29435991970604,245.1253307271577,13.082720339655546,80.27069727093391,80.46132800071588,spoofed
318,33.49447917868952,5,21999644.157243576,35.29038879132268,55.811675206904994,13.082701495021256,80.2707208244236,74.62653149154116,jammed
333,39.465706583899006,9,21956194.5037886,6.678218033348996,188.23176733589554,13.082708643055339,80.27071820563086,78.00354469125047,genuine
386,46.783246508276946,11,22070571.871973686,104.061834086959,2559.0728025146254,13.082720092758699,80.2707023094317,78.84597067255991,spoofed
718,42.174433247592184,6,22087221.39343922,147.75492763326295,2013.8967497088008,13.082719068478223,80.27069578879554,77.92253667880402,spoofed
914,44.468512862616,11,21973214.25636153,14.798288067329938,-1358.097847614498,13.082689720333537,80.27071619445222,81.20460356228077,genuine
663,43.46190641412281,7,22036129.959953677,98.27884483249782,-100.404895874918,13.082712162521604,80.27071434425628,80.68618564483812,spoofed
582,41.265552699619676,12,22002687.628149524,6.373228689961483,-384.73333293931256,13.082684081060671,80.27071112051652,78.33057587003223,genuine
86,18.444176948589856,5,21992348.70618969,92.81007446737391,1194.181242686298,13.082720578973692,80.2706975173546,77.76601296930565,jammed
17,23.556098701220563,4,22044780.262165718,50.25747829226824,-600.1044777490521,13.082707941980706,80.27071731402033,82.06736646552753,jammed
771,47.8138836484732,10,22033049.033575762,121.36368202566784,-1254.0470131029588,13.082704172882162,80.27068125231732,77.3003041070363,spoofed
259,38.562760479075045,7,22054959.57777739,20.395048196180568,-181.93650460452514,13.082683931994536,80.270708142716,79.68007172185717,genuine
820,42.10461871356095,7,22019657.497930393,51.93290942828175,-544.7858365615605,13.082047168838319,80.27116221404265,79.9211053981352,spoofed
697,25.49072171318968,5,21950042.755433448,74.97332786684204,224.3002543124398,13.082719940110303,80.27070259149036,85.07831141692832,jammed
196,43.60831698672261,10,21921373.58749988,9.839838774192113,-68.48583819291814,13.082686250150878,80.27068540762652,82.19486320209093,genuine
100,39.699473625514884,6,22024335.793993812,145.2485724223584,3758.954633879218,13.082719054651214,80.27069199735496,77.37908546872498,spoofed
837,48.66094597650383,12,22015296.264861867,29.390804040021173,2721.860724347432,13.082683136827336,80.270689490143,78.17451011994623,spoofed
293,11.116433795266396,1,22015077.615340646,42.57172616339485,1248.827082110403,13.082693767863034,80.27071750772888,72.7268093873503,jammed
480,42.55769935656319,10,22038492.84465277,16.589993472070237,236.88047169861645,13.082695893265923,80.27068030994825,70.66469909552518,genuine
683,41.1069562411434,10,22029220.80089114,135.00860955480974,-2202.779830199441,13.082716025195749,80.27070657792281,83.09558992506877,spoofed
361,42.95848466088374,9,21991567.412329976,14.69491324485796,-919.3274324309086,13.08271464761552,80.270712626768,74.96480887857446,genuine
776,39.26632157384504,12,21945477.637372475,13.36878159188086,-866.1654578294525,13.082704845516082,80.27067832379352,83.36077489100354,genuine
327,31.134619036631612,3,22061086.43331088,62.26619899327727,-334.83802516056545,13.082706549743845,80.27071949031615,91.72866519480503,jammed
302,44.15957003424547,6,21992596.37977261,13.712394005451042,-844.3470247645635,13.082696030264962,80.27071961687354,81.9221471880983,genuine
218,44.65835642096334,12,21995823.40839437,154.38604295567424,1029.1825235654228,13.08268034611735,80.2706956675026,76.08961063165819,spoofed
148,44.66495057696911,8,22032419.700561937,10.215816435601766,-517.9281645612939,13.082703592942758,80.27068207860766,74.78042179338782,genuine
514,43.977015304225205,8,22031283.77857981,18.69815602493281,933.0306452259894,13.08268520770908,80.27068728995214,79.12173597930072,genuine
998,42.32691046977886,7,21961900.42380865,16.207260798012147,-775.8544506094603,13.082717373350508,80.27070884213391,70.76064940097291,genuine
222,30.126128907923214,4,21973578.693444222,44.74573730867716,394.5783742464524,13.082680379372084,80.27069415675513,81.2480281550747,jammed
399,25.940951475751195,4,21986679.32329624,34.106469207714014,764.3219629262637,13.082718986568848,80.27069751197268,79.53820896581061,jammed
441,47.92634309449988,11,22000707.828239776,49.977491903927394,119.77994344334002,13.084150478287315,80.27336266818799,76.37091652633389,spoofed
338,44.88828009026674,9,22020730.814251333,10.021548865790965,-619.8175964626881,13.082708367429678,80.27071695793025,74.30868007862394,genuine
228,39.86689162360295,7,22096147.309703328,15.898233403900267,728.9824041525181,13.082679875163485,80.27070014386733,73.01563545358607,genuine
791,38.87421115269213,12,22034874.41559605,8.205613770384922,-571.3048737600411,13.082696819060503,80.27068135819474,78.01767058976746,genuine
648,42.41097675744326,10,22019711.8824721,16.275966758780083,-304.49987765309163,13.08270874984375,80.27071842752135,84.54530753902549,genuine
509,31.854876908919486,5,21929760.422619484,53.73040429738778,1274.6616106357924,13.082686525639055,80.2706824517902,76.19483048186608,jammed
290,41.37005655448279,10,22060644.184586156,15.47234995909819,-972.5250947775694,13.08268915124046,80.27071947947367,74.47397579591241,genuine
5,22.39465449825557,4,21971685.25422095,76.87976169793986,-625.303196989082,13.08270050861159,80.27071940705905,86.2555474115609,jammed
489,43.871139910031836,10,21961153.571640868,48.50602692257931,101.04934219193967,13.082691605253855,80.27067876985775,74.56073981266537,spoofed
454,42.173452837831945,6,22100048.155079506,20.84635054535086,-32.07592968354896,13.082707603955457,80.27068438515047,83.8338714613156,genuine
207,36.992247806633756,6,22007902.879083052,145.00792853714609,-40.151029837142346,13.082681375223563,80.27068976599834,73.37470183587322,spoofed
235,40.36463389983051,6,21995456.453518704,9.151949987605864,-588.6015922002557,13.082679845471349,80.27069759466956,84.59073112603917,genuine
634,41.223790059510144,6,22053423.103362214,16.84852962819565,-781.7969849054851,13.082702349088235,80.27071966019278,77.30914891725797,genuine
322,44.9281177336683,10,22046631.942149557,18.899348062613882,146.6737711987368,13.082702976167319,80.27071948556456,79.72486016804852,genuine
572,43.62591410083212,7,21999309.630259044,102.24857507119063,-1523.534318833892,13.081824336769474,80.27140412077122,69.17961564263464,spoofed
562,42.127855146380405,12,21909489.333945658,12.627435331904806,570.7683699555903,13.082680204665248,80.27070378805512,77.1282794576139,genuine
422,40.45255366343299,12,22049101.05312228,52.07988805310539,-2670.832197720687,13.082716611643393,80.2706890767913,77.91455886429024,spoofed
687,15.0,0,,36.20170359988413,,13.082718382896573,80.27070579483313,77.79421126527278,jammed
324,31.06396245640925,4,21986958.57707977,73.89508262318468,-237.00764935409364,13.08270253282896,80.27071995557945,76.91821473367443,jammed
762,46.794625526163955,8,22015180.97353375,132.71161399818345,2747.1345104854718,13.082707779986855,80.27068216256853,76.40298090156513,spoofed
284,28.742703059691497,5,22073117.76317367,48.01761301938317,-1565.193537994296,13.08268868619463,80.2707158714597,87.78447300048717,jammed
628,20.25928422029689,2,22003383.562903136,45.760325869661436,-292.2065120064292,13.082699789691551,80.27071973522847,81.7573243079099,jammed
685,40.80224207272005,12,22106057.170131683,10.064724227315567,963.6060412849247,13.082717450049724,80.27070850393461,79.0488854083845,genuine
151,23.38632225960771,4,21994041.558133602,54.805988079038954,955.4834833978539,13.08270236708245,80.27067863277126,76.06856939173758,jammed
985,24.4771127072323,5,22090826.349807005,50.960655778036966,51.354886207062464,13.082715702082618,80.27071297756252,84.80513838309953,jammed
818,27.564786311474343,1,22002796.96750662,53.452542451579056,165.8919648402779,13.082687686594165,80.27068465327216,80.88384839112952,jammed
590,14.143895263893604,5,22038853.647949547,67.38668119266676,193.16810139240485,13.082687434230007,80.27071303613536,79.56314364753416,jammed
140,42.81998938674083,10,22056083.531482123,143.11255822925463,253.51849675713834,13.08068698234136,80.2706731503626,79.09388280604045,spoofed
757,44.52577431027616,12,22034860.10891584,133.60007281824872,2741.6588016683495,13.082712467858695,80.27068414733279,75.17093840407907,spoofed
824,15.0,0,,42.88704158205294,,13.08268630147821,80.27068664713734,78.61298207621918,jammed
212,23.976410655039007,5,22012990.392840274,3.6715381301384014,687.7481718721951,13.082681841736864,80.27069133042066,78.28135664231073,jammed
918,45.408571780214245,12,21927932.460013296,13.209686652144127,-601.6229779692475,13.08269152254615,80.27071733606338,84.61827077684457,genuine
87,29.5636262997077,6,22027510.124801323,39.736913857855114,-519.945777313288,13.082719863111754,80.2706981341662,80.81045904279421,jammed
454,41.74261243003129,6,22097069.383391395,85.27683977795546,1783.829426219173,13.082707603955457,80.27068438515047,83.8338714613156,spoofed
245,38.78144354681492,6,21980568.34094666,10.735310911038638,-1269.9942589850411,13.082680080273994,80.27070449594292,73.15754283238807,genuine
234,40.17729040564098,12,22001876.16161698,8.677848194113931,197.6053659873393,13.082679683866212,80.2706980168768,71.36517257211767,genuine
242,37.605679021608424,9,21990522.224423036,13.824246766927823,1235.5595824949382,13.082681062450686,80.27070320657417,85.04025131430296,genuine
912,43.38895522162531,11,21982270.622637432,23.355606142816235,195.8210270389255,13.082688580684238,80.27071614901199,77.08724928325917,genuine
923,40.57137695200816,11,22030811.769827664,15.683011415063504,293.6428213447105,13.082692145720706,80.27072039228622,78.53066551263205,genuine
621,42.08026918492734,10,22003134.915161837,11.666245748965721,901.554514569839,13.082697886343734,80.27071847251057,80.97202938470284,genuine
482,42.22880044543302,7,22010863.65791143,14.374777920700579,-203.07004890042646,13.082696290374807,80.27067989691287,82.66088079922577,genuine
70,26.55291173533753,4,21968259.341801427,36.645423841826485,1445.1325206858944,13.082719827098066,80.27070390846043,82.95526737821237,jammed
101,45.853616327848975,11,22017834.91693964,84.46544304993674,-1738.975923443042,13.082717656202153,80.27069112681056,78.82310003593506,spoofed
701,41.38734837202325,6,21990984.648857523,8.49110131293245,226.62943852051657,13.08271993417067,80.27070318638735,77.14708649073175,genuine
688,40.852898767126746,8,21949881.212711688,17.82458640636456,1884.656945278521,13.082721590474033,80.27070698460516,81.26132132001716,genuine
489,43.663963090783575,10,21960701.169603433,8.393179641773653,-644.7342228941533,13.082691605253855,80.27067876985775,74.56073981266537,genuine
276,16.19027894038429,4,22003600.88209585,37.228122601900566,-532.8988299108133,13.082683525241022,80.27071503789769,90.35541299608307,jammed
775,15.0,0,,55.1581901135021,,13.082705001848142,80.27068080437111,82.83178189535336,jammed
895,44.62334902635852,10,21901957.720076524,9.631487936410995,145.91137177910062,13.082685341267764,80.27071157060313,73.82187950335658,genuine
753,27.14736332161263,7,21997264.778157536,76.14735476740599,-208.72701377339052,13.08271239615247,80.2706858674411,84.53229060406181,jammed
747,46.075834935976395,12,21929553.666091334,166.18442098055377,-1958.1654530481314,13.082714682043202,80.2706851288154,82.10100253431627,spoofed
53,41.20082195910675,10,22027559.586435083,6.325119589772836,-608.6917960385415,13.082717583766154,80.27071011493477,65.82877608683391,genuine
680,44.46904003902718,7,22003831.870533396,47.090698211657084,2073.29297667105,13.082716994487596,80.27071047835814,86.9302216019304,spoofed
579,42.58300850499844,8,22004626.298908517,55.52826438189702,827.5246993322717,13.082684558268493,80.27071111390609,85.90613382207496,spoofed
66,39.83337258337308,9,22007929.27919744,146.5651578252255,-1517.7908854310633,13.082718640228535,80.2707074527632,71.29840217332789,spoofed
634,40.12441289037448,6,22052162.82483576,77.4399347945849,1309.0224440416628,13.082702349088235,80.27071966019278,77.30914891725797,spoofed
727,43.91829310115307,9,22004299.674037382,6.6924754013074494,2616.8208977716718,13.08271975291663,80.27069217998465,82.88442655299325,genuine
74,23.513533408915688,4,21920645.084960088,71.53053821960333,865.6883780324993,13.08272036354524,80.27070200936456,73.78770756271295,jammed
268,40.77365532840516,6,21944341.637601506,86.52762582384511,-1016.3549232694851,13.085528934569421,80.27288880302457,86.91163722948232,spoofed
638,43.81985599804852,11,22016687.81743451,103.32222290965379,-937.7608568900616,13.082702481320425,80.27071815603092,77.8834022550174,spoofed
719,39.44429929588168,11,21956679.19306703,20.08488524118928,-96.06819605499541,13.082719950642813,80.27069595208002,75.23731666852157,genuine
768,38.800397605899946,7,21990251.00569401,23.05955238733745,694.2204164209452,13.082707351262927,80.27068055019879,77.89871051149882,genuine
944,42.723397892392775,9,21993513.189840574,24.62506400867926,-769.9780829448683,13.082701092488913,80.27072141019578,85.86781171877801,genuine
866,23.560628231509853,7,21950098.820335306,15.591043034393875,178.4767383805368,13.082680154629905,80.27070267101419,77.96810392631465,jammed
587,39.90634148978702,7,21942316.25418001,16.14730182229215,62.28537941384331,13.08268539016774,80.27071391311593,79.32443484546685,genuine
725,24.331075865180964,7,22004633.97230145,50.11838056516331,1324.0191541193572,13.082719623545731,80.27069438667101,83.25369713828614,jammed
286,40.766524633190954,8,22006895.79994433,158.06896708255763,-396.99203099642386,13.08269054964582,80.27071537373354,79.84207625393435,spoofed
332,40.252673928553136,11,22077940.812389955,24.622480185062866,184.80798180441113,13.082706740276482,80.27072126863999,67.21160131082996,genuine
61,31.056409995988066,5,21963569.475737024,12.391424157145599,-380.38237600346736,13.082719141698627,80.27070711919302,83.14074638878907,jammed
354,47.84752285256381,8,22031606.98240598,62.58123466946133,-1823.5195203256312,13.082714327214445,80.27071394305622,86.36211080142024,spoofed
351,45.5272873159798,11,21998965.9067702,72.25194891138747,1385.7481500847737,13.08271434101233,80.27071577441701,78.50413260405205,spoofed
349,48.58903366427547,8,21937113.585197486,155.66917542936397,1248.9118421597143,13.082712792353492,80.27071677688178,78.36128791666619,spoofed
320,43.95587585604415,9,21976893.646241378,12.323722166847109,-585.6063463245715,13.08269997349664,80.27071945058842,80.22093917479793,genuine
813,30.630400228412483,4,22064551.452759206,32.59803738221118,118.49350339625593,13.082690862540787,80.27068423561623,76.34766870545525,jammed
56,18.48373975762724,4,21963782.87402959,65.52504928324792,-732.1977948452475,13.082717324468831,80.2707085556277,74.57214882542249,jammed
708,26.440173115758228,3,22030239.579127528,68.85267521366859,1393.1555895612826,13.082718806588051,80.27069935021784,80.36794555509738,jammed
951,44.70031736964737,6,21983561.480542455,149.08166991040494,-1616.9944446514664,13.08270179012546,80.27072133211492,81.05555371810566,spoofed
890,39.91740819300997,12,21969295.761232782,17.13061973409713,-304.3462087856094,13.08268380194672,80.27071203357546,79.19187117987582,genuine
571,18.767202556498276,4,22048227.534111965,75.79975070942525,-1265.0813987126432,13.082679655388594,80.270708879943,84.67971320650783,jammed
432,24.581063695358353,7,21949138.782944918,44.882691167638995,-922.503520510893,13.082714456271146,80.27068674487663,78.85000401986109,jammed
486,29.74872993728868,6,21971977.526559845,70.69685252997911,-380.3441682808699,13.082694376772578,80.27068236366902,77.20264628425548,jammed
861,38.39425216110147,10,22007504.05651725,11.89269016211113,675.1512567132448,13.082678098515839,80.27069963258137,80.7374532721647,genuine
98,42.99943556680859,12,21963521.14029322,18.564987126725498,358.5137157013651,13.082718211526252,80.27069280410562,86.07278427976972,genuine
414,29.912068777034996,3,22021772.916797873,38.20154377004761,-1098.5875650400762,13.082718117522736,80.27069310171241,91.63902668213296,jammed
334,27.834389383648656,3,21988677.270772792,74.11507363692795,-1016.6833840452327,13.082705839797534,80.27071790722283,73.10717928198946,jammed
897,15.0,0,,49.03236407305661,,13.082682596512496,80.27071266724177,76.27434591384656,jammed
40,43.85813542800861,7,21952028.612342905,20.22820060104633,-1068.5764074436556,13.082714713458788,80.27071277954857,87.05583587074638,genuine
296,42.73998497421775,8,21999604.774231337,14.457316836574217,1238.9804467702895,13.082689784440737,80.27071872354944,78.12299918012383,genuine
47,21.26353575640404,5,22011847.76943596,60.75640443409822,208.74182192921705,13.082714298364193,80.27071239811335,83.397012123633,jammed
190,47.77396133308353,6,22029437.12145542,108.32482044452314,726.0530713435535,13.082687053883161,80.27068244672337,71.390243652267,spoofed
202,42.22646226725436,8,22118730.327501323,15.728151571719424,-132.52038054721714,13.08268425939003,80.27068714583424,77.67125995797319,genuine
771,22.016448506699497,5,22030422.586821485,4.387660625458064,-609.109669653659,13.082704172882162,80.27068125231732,77.3003041070363,jammed
677,23.448859688305177,4,21985017.34679723,93.07489975355139,-78.21651029427171,13.082716106679944,80.2707109326139,78.28739575650306,jammed
422,40.51399911950316,12,22051267.401712887,24.154771443782828,-521.0369010881157,13.082716611643393,80.2706890767913,77.91455886429024,genuine
838,46.5934666887188,6,21998319.828002192,13.012583325352844,817.235092785189,13.082684318873229,80.27068830020896,89.8644792739024,genuine
735,30.73671781224895,6,22024254.088353205,59.15947586417079,999.75238918296,13.082717782812724,80.270689338599,78.30772126879043,jammed
746,46.49398630608579,10,21959700.31955841,10.736534426825902,-678.819980282113,13.082713479601697,80.27068586106087,75.28909501520347,genuine
900,42.9742292633,10,21942008.035711654,18.00545918707147,200.2381381318711,13.082685601009885,80.27071295310546,80.07350912639718,genuine
841,42.08894119246156,6,22138371.79460161,13.765881022442072,121.27187585561833,13.082682863671408,80.27069152261322,88.48345868616228,genuine
702,39.42296569932211,7,22000703.604143675,13.967771207947303,-1311.5119243716551,13.082718733901764,80.27070249444378,79.05928657430951,genuine
547,39.47865989514223,6,22095822.24383677,10.550980053257948,-25.083760541201432,13.0826804069506,80.2706975446915,69.23876467688181,genuine
765,25.19796127367573,4,21881135.4754135,65.88949516098337,369.70210819397727,13.08270845801091,80.27068107828433,80.36388784970775,jammed
496,37.42148478946219,11,22027266.163098354,23.13700669732343,-827.2889116237682,13.082690429630668,80.2706833249837,81.68353595878153,genuine
751,41.25183824028686,11,21920891.649193656,10.780950107376384,172.2750346309994,13.082715940559908,80.2706836960926,73.43780573899738,genuine
264,20.78549610479537,3,22003520.956366364,70.68941099063248,-1415.4568283309054,13.082682589920806,80.27070734367244,87.73305705381787,jammed
997,32.021451835636924,4,22038297.772636313,49.28293808185893,-622.9354829647228,13.0827175292159,80.27070814713541,73.692124688011,jammed
456,43.79139540888533,9,22009288.584371865,141.47659034595958,-327.1382855674419,13.081886622388764,80.27174643268157,89.25426817145635,spoofed
472,46.86598789046945,12,21994122.000416696,78.88024649959947,-228.63191782378044,13.082698586333839,80.27067991732726,73.79131093924316,spoofed
668,41.88546773855964,9,22028837.101172693,99.69548168449873,901.5360277819361,13.082714434849924,80.27071354783217,81.68838509352348,spoofed
353,44.03440922491553,11,21980772.494499106,18.93099634326457,693.0929879880318,13.082713282670682,80.27071483270966,64.68565938412846,genuine
203,24.532798144029424,3,21913114.27024314,54.29321155501042,-867.0843300871143,13.082685186408785,80.27068724646502,78.37420298498122,jammed
601,40.556152781610876,11,22043541.138518333,21.642394053958654,440.2760811239106,13.082690683912567,80.27071807938542,73.45537761573257,genuine
754,46.49565422831107,10,22059173.695389338,103.86014183329274,104.36172995952688,13.08589316749548,80.27379407738323,77.4933990364086,spoofed
280,26.211359891015064,5,22014845.793536805,73.41384585732251,-808.2213809523361,13.082688089673054,80.27071582872803,85.41171527217624,jammed
396,43.90033271343963,8,21960841.006914243,17.10808414954915,-1130.8138589221223,13.082718489189588,80.27070038653187,78.12759055257091,genuine
169,41.89809368466142,12,22059569.48201457,12.887195086006269,-135.0740681623729,13.082697797602279,80.27068156772559,76.40526484065218,genuine
76,40.93186838415866,7,21989003.210236683,18.199680829003956,627.9634309503346,13.082721616364573,80.2707006718886,86.26052712254295,genuine
359,31.076782829388666,2,22023756.4033674,39.74861648527961,86.3269010830926,13.082715392181592,80.27071164057881,77.90208078674499,jammed
602,45.87671187744847,11,21961456.611847315,123.80278570382023,1576.299913881629,13.082692263859947,80.27071644991092,79.77431309743578,spoofed
79,42.851213453244675,11,21926337.74686577,48.3986733920874,1188.3245779033018,13.082721043644824,80.2707009407251,77.70861165841359,spoofed
654,26.924669157515844,7,22006368.123782825,36.4615371137835,-1357.977562083112,13.082708522814766,80.27071870643186,82.17459839759974,jammed
289,41.741279329835095,7,22034388.056579992,16.923842721024965,1459.9032142456922,13.082690423600537,80.27071746508291,78.17034136476427,genuine
695,17.118770622802682,6,22036304.918072317,30.796516920308946,786.7237907843885,13.082719546636223,80.27070452739578,77.35537470427128,jammed
164,46.22434389317203,10,22005493.080020044,54.70239254503643,2209.9242615489643,13.08269629574882,80.27068036000792,70.94777147820844,spoofed
625,28.290099304141524,5,22027757.284097243,35.13384395470743,-610.6870117856027,13.082698844802879,80.27072195443147,83.03646112493222,jammed
831,24.52558941016175,5,21889026.287068848,46.102727866135446,973.1765809449458,13.082686207546667,80.27068763567202,83.36493712082239,jammed
190,24.218628689051386,3,22032010.682966437,75.57905749925764,531.9808458112134,13.082687053883161,80.27068244672337,71.390243652267,jammed
700,20.44193285385573,6,21907184.421644278,45.651825477863845,-705.068587354592,13.082720749113657,80.27070259583256,86.27703855243321,jammed
564,26.483336527304722,1,21945355.23794506,57.73751106825661,-341.11530961431265,13.082680837948304,80.2707067133182,80.1339672155972,jammed
826,42.07729319508175,10,22062888.947543472,13.434230305458597,80.11432996806117,13.08268395961425,80.27068598698946,74.35998395778238,genuine
161,39.97996567889737,6,22019895.065385867,159.1179336184031,1168.4279182221933,13.082697565868393,80.27067811164446,77.98463069496928,spoofed
223,37.43249596020129,11,22027782.145275872,131.67758546776653,2147.0297138294395,13.083110494782993,80.27133358215983,70.44092420124248,spoofed
148,26.7805077295353,4,22032419.700561937,31.553087009491154,-913.4701676814407,13.082703592942758,80.27068207860766,74.78042179338782,jammed
866,36.93215244411064,11,21950606.509014808,42.04227533012501,931.7911767190594,13.083662518644559,80.2717173595098,77.96810392631465,spoofed
900,32.8095164980921,6,21942008.035711654,79.69628902905951,50.86955089484954,13.082685601009885,80.27071295310546,80.07350912639718,jammed
847,44.12821393711197,12,21897261.934616234,23.437765197433194,-64.88572523948893,13.08268125788856,80.27069397590999,79.01685814875489,genuine
29,41.81980538672323,7,21978168.73282304,117.78620072657517,-2114.0647336473203,13.082711999732346,80.27071656887638,81.04839654545745,spoofed
988,41.243450601323886,8,21998208.762666702,21.550198464334752,183.51012919396757,13.08271721246868,80.27071399179559,64.91809376739894,genuine
49,42.16894767372223,10,22068192.516246635,14.772209366227296,-213.117660154007,13.082717174657414,80.27071107528933,77.83272335111067,genuine
804,27.676920497790373,2,21984694.047577,37.78844461709636,-204.8373860112653,13.082693127056677,80.27068080787053,80.35632357789282,jammed
374,25.235590083999917,3,22011778.493531995,65.4881603061189,198.85815718453858,13.082718713298155,80.2707093243042,85.43543594626217,jammed
985,42.84289347126957,9,22089981.72161017,86.52994785081249,1018.9313147043074,13.083730197613772,80.27195666383156,84.80513838309953,spoofed
993,45.287019678764764,6,22068886.81181374,15.44754499881907,342.108975103796,13.082715955484007,80.27070986173676,78.94871124113286,genuine
858,36.863034311785775,7,22011281.926357605,74.17938725717225,1313.0866566071177,13.082679313906883,80.27069705076744,80.2856380672678,spoofed
723,38.25840327524168,9,21967536.854019493,26.170465403988658,1375.2872560183428,13.082719850996225,80.27069455897427,79.57452514787542,genuine
953,24.74928786768696,5,22038448.293578688,34.252891474056646,881.0689256315611,13.082705473836725,80.27071910521335,85.66801179003,jammed
981,15.0,0,,12.508299896558038,,13.082713047451891,80.27071430431218,74.88517416888799,jammed
137,44.09531641973595,11,22007296.91470724,14.721574736750028,-522.2370350766356,13.082706921250422,80.27067881925201,77.73121132618627,genuine
825,15.0,0,,28.012014503066414,,13.082686458981675,80.2706845802833,67.20041716848752,jammed
313,15.0,0,,40.6509874375245,,13.082698967893316,80.27071943225627,83.88967110013772,jammed
455,26.982696283804977,4,22002820.57835848,39.29564579991938,-545.5264960436622,13.082707511937642,80.27067877239034,88.54949627963691,jammed
672,40.21531293990879,9,21914538.694804493,11.90178508492994,-819.4098674870908,13.082714233822555,80.27071017404776,80.8357664379242,genuine
724,19.01562896887544,3,21925721.899838448,43.38116358895064,-552.2463281790817,13.082719437671901,80.27069258345408,75.62349594918842,jammed
527,42.32871454201363,11,22006496.492708303,17.009641415394064,-1085.279880751291,13.082681639201034,80.27069105372135,76.99808785541825,genuine
491,42.916328518093074,8,22009919.05803132,16.052673353946233,-899.1774099435472,13.082692689697529,80.27068138042532,74.43834042609322,genuine
633,20.484941801307315,3,22021114.450956266,53.9101657220911,-630.999243122154,13.08270213327818,80.27072119839679,76.14577686771096,jammed
281,26.257200547227775,4,21932659.872561023,87.50169887881866,52.79399122563382,13.082686837373727,80.27071587746534,76.14935958679656,jammed
349,45.68987262013377,8,21934485.16251173,11.677066638707016,68.7992520041724,13.082712792353492,80.27071677688178,78.36128791666619,genuine
310,46.553060975988956,7,21905856.79197714,155.7286078798096,-1040.2636746116823,13.082697009816739,80.27071955360627,77.73779830243642,spoofed
675,24.713581411965748,2,21957459.018880866,72.2210868447771,1447.8241901908202,13.082716802085045,80.27071322454233,79.29054500714429,jammed
572,42.655089530185954,7,21998383.14406524,17.176269785855318,-59.810050730646694,13.082682833755353,80.27070931806426,69.17961564263464,genuine
712,39.4123047148984,11,22021882.783676714,16.60224756923019,710.1650054271306,13.08271889382109,80.27069717260974,83.82402135863295,genuine
44,42.29171452285182,11,22075818.432336267,18.156191640335738,-651.3359855888904,13.082716105334898,80.27071153081286,78.40896763933708,genuine
244,49.58668186295563,7,22008190.908971604,153.96468713794994,-2145.114441547181,13.082680232522836,80.27070447107897,74.98068708191242,spoofed
620,15.0,0,,58.17005670019024,,13.082697273402724,80.27072117593418,79.42627146999955,jammed
199,15.0,0,,90.7330151542951,,13.082685007388806,80.27068728595184,77.50903788282815,jammed
493,43.13491394827174,8,21959685.908965766,16.109913888381357,957.302295189608,13.082691073188084,80.27068204543096,76.68516976515123,genuine
83,27.87053412589152,3,21889290.63144785,45.609249170225816,557.2717261197997,13.082719443358897,80.27069737251888,71.98499959235781,jammed
891,40.60567778126196,8,21919559.664536502,14.882885203995924,-226.67453896599952,13.082681606742094,80.27071178951154,83.48165440700858,genuine
113,38.384855364028866,10,21989115.765328266,19.13586399810611,629.2134010654644,13.082714294868515,80.27068751100015,83.11821049805826,genuine
555,42.42841169905212,10,22036175.4069655,167.7127838954338,-1200.2291623148778,13.082680528148845,80.27070135221649,82.59535356460907,spoofed
488,39.87115702703558,6,21987396.859229833,16.29643820767454,-1094.2031190376474,13.082695320963097,80.27068181766595,73.88997806520103,genuine
588,45.440898569584725,10,22006670.512687944,127.13631496955043,1484.1764352054504,13.08029011771186,80.27175733083385,84.37870481880475,spoofed
106,41.10296731534031,6,22056317.179585565,65.70920098005794,267.0447825145459,13.082717102948529,80.2706909020188,78.47161069349247,spoofed
675,42.87337655640108,8,21957459.018880866,20.321047444290045,849.2150163310054,13.082716802085045,80.27071322454233,79.29054500714429,genuine
502,40.201299416788025,11,21995422.99902909,26.65512335779035,-196.5766189297592,13.082689237883814,80.27068528053458,74.7788899221192,genuine
398,43.32516176400367,6,21892198.8478725,11.684131246816175,-845.0771708027663,13.082719054110418,80.2706990704939,84.70690975245172,genuine
873,42.4814545603035,7,21954568.86448911,157.99045847227703,1641.9143843064462,13.082680332905673,80.2707026628772,86.74659024225336,spoofed
581,23.58484169456434,5,21998276.256748267,65.26223830480745,-1712.4891017443506,13.082684189438835,80.27071374810586,82.94675250819171,jammed
260,24.455965095752642,3,22031439.814680517,37.030231288910336,15.48189643790414,13.082681722055979,80.27070960890954,82.44455005878902,jammed
14,43.168773355630115,6,22006617.325320132,13.464364634571073,-829.2983193316804,13.082706132638178,80.27071964682337,81.98992278781441,genuine
4,40.82197310244676,10,21938527.218007866,76.81474306663168,1843.95813765122,13.082701098079022,80.27071916748834,91.14897557597486,spoofed
729,38.16389766069206,8,21945511.329340465,51.96603568634157,151.33778300557663,13.082719081607832,80.27069145384507,76.06441182396448,spoofed
631,47.82339029753261,11,22112309.696712263,65.48028158648494,123.7428413221844,13.082701551912677,80.27072075298601,78.04233783122287,spoofed
323,33.83596525778818,4,22024199.114697576,71.49345694354837,1196.8284736705975,13.082704098519143,80.27072012664293,80.67002238083955,jammed
211,39.7846992594068,8,21979081.658533756,52.3723803629352,-2639.5300976559465,13.082682798066145,80.27069155816534,77.5490194326099,spoofed
326,38.0698993608669,12,22038461.810401857,16.494590762920755,985.5835226120178,13.082704019832454,80.27071811250532,74.9722402955254,genuine
652,46.1697190277988,6,22046828.46779284,14.430418034734581,1595.542795744858,13.08270836176986,80.2707171208653,82.83200676329622,genuine
852,31.263198387648412,3,21965411.512849886,49.63818499060232,-2301.031423890987,13.082682001376783,80.27069503511875,78.2545291833004,jammed
272,42.86025895217755,9,22042679.725423783,137.47546730885855,-407.4114229720818,13.082686124445354,80.27071495374237,79.76161159193065,spoofed
966,41.360419821647945,11,21934341.614090003,7.9367948869938925,-42.69987554280862,13.082708904519823,80.27071879723937,79.22876586301953,genuine
912,48.42294244679707,11,21982678.492129132,162.26939951715607,2125.697506423406,13.078643425425168,80.2711120531171,77.08724928325917,spoofed
583,15.597399101554046,4,21892199.59969703,37.40667360180616,-801.9132208486708,13.082685102431133,80.27071438395505,75.43840937723189,jammed
794,37.533231221579804,6,21920983.034107722,9.857478795293652,331.0779086497906,13.082698347010346,80.27067943745712,85.25612986862963,genuine
896,38.793004426087634,7,22033090.551387988,64.38138106293854,-202.67190933017514,13.08268255031182,80.2707105643924,79.45939580891539,spoofed
180,24.04173496811788,4,21919247.45547076,48.31463168313345,2377.298655963356,13.082692470501136,80.27068155671068,76.78786660145782,jammed
621,25.59075077425136,6,22003134.915161837,51.40865128684332,698.2391888286884,13.082697886343734,80.27071847251057,80.97202938470284,jammed
457,39.88584741808163,12,21911180.085182887,13.527156226691943,-52.95410615100893,13.08270554144837,80.27067899735616,84.75582585389463,genuine
565,43.848531680752366,6,21927649.771179248,20.892254251591655,195.95138163557453,13.08267987118736,80.27070547417509,85.3054512880129,genuine
427,46.30192457791496,12,21903924.77347257,8.635237856301337,-881.2974636594096,13.082715662629047,80.27069004132026,78.9989359518875,genuine
711,43.75415912022392,12,21977192.19019423,17.39845265298765,7.0762453575565765,13.082718461760624,80.27069975599551,86.44952763380834,genuine
880,42.56389959877545,6,21878037.51807137,11.958760264004415,-1762.1541129082914,13.082681920471503,80.27070645817626,76.37067978753387,genuine
346,40.52224143702224,10,22000549.275676377,20.4803211652859,-70.34192753591797,13.082710889971338,80.27071580028759,76.04805673158889,genuine
371,25.1872301565557,3,21989548.38719863,71.73786034421717,405.3233396689112,13.082717246534202,80.27070812226201,77.07144235505407,jammed
141,39.52615469992034,11,21911738.98423486,13.35395300820496,-210.8721201265948,13.082703177892984,80.27068147147347,78.39175825679018,genuine
38,39.24422301810077,7,21940539.58141683,89.41764547346828,-1404.8171102961696,13.082712279533624,80.27071466316906,87.85697498475385,spoofed
77,46.046518203918666,12,22016463.92195709,86.23548470658852,2025.3073805250374,13.082720301889744,80.27069905201449,87.43745288961247,spoofed
338,22.793046069671384,3,22020730.814251333,27.893551197648442,-285.0675647732485,13.082708367429678,80.27071695793025,74.30868007862394,jammed
409,40.196812951665216,6,22032760.389268525,40.871172431862576,-2191.085514854718,13.082721052741535,80.27069531262649,75.81849290022039,spoofed
641,43.74799182923722,6,22012446.695519835,21.32887462583278,1106.297791232587,13.082705431857123,80.2707183015251,76.14637424250895,genuine
812,42.63221203742475,9,22000668.790635794,18.52007537160827,1673.3352715163903,13.082689543008792,80.27068241832502,70.92619125662401,genuine
507,43.08721067865912,9,22021700.491172504,24.83063735687795,218.6570052294994,13.082686187638872,80.27068576509063,76.4040655201853,genuine
752,43.14200425947327,6,21965370.894617964,55.10504161688942,-1630.2158154065926,13.082713442299005,80.27068380305496,82.13474805394593,spoofed
689,42.64673437756207,9,21915468.608788814,161.71169451142285,-877.0633220201883,13.082717660593728,80.27070800211318,81.02110462810818,spoofed
332,40.45579044014997,11,22077586.70753095,57.747653679289726,2468.182781391912,13.082706740276482,80.27072126863999,67.21160131082996,spoofed
267,18.431665269901984,3,21968495.874487218,58.53158569637827,261.47985562134227,13.082684112471615,80.27071114855107,78.49841013419464,jammed
175,42.4314697943053,11,21995533.979864962,18.455312829334385,390.30667361565315,13.082690423598061,80.27068071564032,79.13907419352438,genuine
121,42.44818908739079,8,22145712.232420772,14.962163516844246,953.274891346053,13.082710399277033,80.27068487769675,80.40765139615745,genuine
263,30.28972380879459,6,21948464.148403384,91.15211985682188,818.070470750597,13.082681937604692,80.27071073477288,88.67536981257138,jammed
817,42.61026097244588,6,22068439.231595177,14.129127188894007,34.760019481166125,13.082688676144794,80.27068394171074,80.09430923362476,genuine
490,46.73728860607233,10,21985859.175455634,41.62816397708029,1711.9473585720923,13.082693089914688,80.27068195978588,82.01761173726962,spoofed
566,41.60087923144496,8,22086117.997099783,15.996190206246196,850.8071427612211,13.082681845117007,80.27070550475821,76.55760544567103,genuine
558,38.888820530997315,10,22142871.921156995,14.621142617700878,-433.2802411471368,13.08267953903711,80.27070526307588,89.82317759941543,genuine
206,39.89192432426782,7,21975329.932980865,9.439778728203994,-713.223563737629,13.08268291796432,80.27068997770266,88.67511499886938,genuine
17,39.692014948121546,10,22042619.66710457,84.58919595544387,1058.4374770418144,13.082707941980706,80.27071731402033,82.06736646552753,spoofed
373,15.0,0,,31.114064588797714,,13.082720621227153,80.27070813810285,72.7876657457717,jammed
61,41.86769232549897,12,21965276.946981225,118.33120354560144,-1440.758774617877,13.085432092670965,80.27416079243012,83.14074638878907,spoofed
798,19.986036053799708,3,21978669.750847045,50.70558930193061,1259.7118585485014,13.08269743993485,80.27068007266719,81.94312637072225,jammed
651,43.03139009771387,10,21955813.48203598,105.96782229131392,-817.1411649361315,13.07854020513543,80.27106005870294,88.04582484413791,spoofed
894,42.30903254117564,11,21995519.999624625,98.56921304410548,2952.786789184297,13.07972643195273,80.27034868200599,79.54670912131412,spoofed
85,44.01623842293963,9,22057297.806639533,130.5278495237627,-902.4097303902506,13.082719480199879,80.27069781060597,70.25480715541038,spoofed
883,39.07007101774801,9,22002131.55122189,10.174936376102448,-377.95216965793975,13.082681185140876,80.27070776491617,73.2673539343293,genuine
825,42.07277486644168,9,22020973.244642664,6.968715908523089,-572.6859550249867,13.082686458981675,80.2706845802833,67.20041716848752,genuine
135,39.461052296981144,11,21939006.212757923,15.450784138337866,581.4982909571388,13.082706787688734,80.27067992264958,81.69480949620558,genuine
64,43.77806644948214,9,21992709.47709556,22.45062171148286,-661.0745414631266,13.082717903333531,80.27070439101975,79.17117541673063,genuine
683,19.745403986292253,5,22030150.342671335,61.87446851764174,-1787.250104199463,13.082716025195749,80.27070657792281,83.09558992506877,jammed
687,45.74593610074183,10,21906875.76236876,11.439729169085183,-1133.6071304823888,13.082718382896573,80.27070579483313,77.79421126527278,genuine
874,37.27013436672022,11,22039445.394169163,15.623486388256735,588.9154098088441,13.082682185508357,80.27070560859809,83.23930408743253,genuine
913,40.444580749364356,11,21881390.223596822,17.467159940918478,-44.380813005067914,13.082687794925405,80.27071549395791,66.1556338926782,genuine
431,26.8806541428349,2,21970844.246384867,91.72938788546448,764.0146112501852,13.082715609518727,80.27068603128617,73.2566217181302,jammed
654,43.46814791700698,11,22006368.123782825,16.195746423167304,-1386.640835718463,13.082708522814766,80.27071870643186,82.17459839759974,genuine
476,44.659628831835896,11,21984665.135608703,14.733485655044229,175.5221358031246,13.082696684927315,80.27068026689649,87.12539666312723,genuine
326,40.87050253934909,12,22036966.319531213,155.1047046396424,2682.365077726352,13.082704019832454,80.27071811250532,74.9722402955254,spoofed
370,42.84951212430451,8,22007154.887741983,146.73052213341194,897.956931950162,13.08271806067271,80.27070712188022,82.40587044337269,spoofed
774,15.0,0,,22.190571137302125,,13.082703766754697,80.27068031477693,82.35850332531315,jammed
731,42.14568582733862,9,22007546.076340325,10.427118608363244,317.78724238319353,13.082717762587173,80.27069068417201,73.68662743990839,genuine
271,42.79123565418327,8,21939164.07908068,5.893248290376809,739.7593574158336,13.082683812465659,80.27071251328822,89.36117337818226,genuine
77,15.0,0,,56.970949900213526,,13.082720301889744,80.27069905201449,87.43745288961247,jammed
369,44.1109629762133,6,22014494.27379592,9.569632086937606,-1372.6066275026533,13.082716924786295,80.27070852112266,78.55417800794694,genuine
783,44.235533321283526,6,21972673.110348582,11.168423251921471,-302.6281738913651,13.082700518808597,80.2706809979682,76.29912947852887,genuine
224,30.06618132878082,6,21933080.879433807,30.68801253482382,243.570497090822,13.08268069241258,80.27069586639222,79.76823148709617,jammed
509,44.82785912478827,9,21927724.102337334,77.97791427450073,-173.1952261806864,13.079915416753746,80.27426525713638,76.19483048186608,spoofed
58,40.41484873985249,6,21979033.103455216,58.558612464235,-1918.3106326343877,13.082718694414828,80.27070735394715,79.36962231815045,spoofed
416,44.467389892922135,7,22023339.77999271,108.01126816549919,2672.8480915111377,13.0827183677534,80.2706912167084,77.03547992835364,spoofed
254,29.04160563659093,4,22044642.790816147,76.35762647766776,1210.9002611170451,13.082679587710443,80.27070705792165,78.15393354265595,jammed
674,44.089519740785846,7,21969191.245791275,9.058055727008654,402.92023001924304,13.082718066307246,80.27071430073697,88.95361369340586,genuine
109,37.681698942019125,9,21984382.227917206,20.894772892958244,56.10841469290191,13.08271628640611,80.27068846774954,83.59913990465688,genuine
933,46.11848499400833,12,21999158.16381333,24.38568237665821,-150.99537040898204,13.082697237934688,80.27072088389876,79.1670084617519,genuine
270,40.17609012963788,8,21991510.934151627,94.79973825966806,-155.80155399111982,13.083441015097021,80.26956643162444,76.8372198182635,spoofed
262,27.830548091455437,3,22113382.210194964,37.4549467014615,-1196.0589001559167,13.082683574138333,80.2707098811664,73.95439347659521,jammed
364,43.11318269207988,9,21929760.7539418,57.08999424901837,-1940.7934072359049,13.08271657162408,80.27071217483471,82.39140350365089,spoofed
412,21.09766051537079,4,22007366.116524324,50.48691456352049,-532.1005806325614,13.08271756623278,80.2706916045671,80.19613963880879,jammed
118,48.15247925395147,9,22005348.77737443,158.1106011911307,-1651.5046213729663,13.082713422199504,80.27068725500557,80.31942112751666,spoofed
953,39.040431552976194,7,22039839.812444404,127.84173148564162,3259.7525665536427,13.082705473836725,80.27071910521335,85.66801179003,spoofed
763,45.3621340905856,9,22055929.972577255,91.40756363145485,2778.331824472326,13.083117001581355,80.26736624941144,86.95716589627656,spoofed
119,41.40161093131744,10,21966096.423575327,5.7159479902991706,-1482.1822893522224,13.082713250682755,80.27068629622401,88.41874061312492,genuine
559,39.71539653949279,6,22017966.685316212,133.54410500404074,-2003.8515174460185,13.082680370343914,80.2707035712585,84.50539420118828,spoofed
491,19.676733099246587,3,22009919.05803132,39.543705434907125,-1161.4749461617766,13.082692689697529,80.27068138042532,74.43834042609322,jammed
975,45.06126277623084,12,21975395.395923853,64.26184501574959,-1939.8266865339917,13.082711813652658,80.27071662744954,80.97052054024417,spoofed
790,23.76490863761325,3,22018150.462385725,96.9670565085175,1138.3446820448776,13.082698541207346,80.27067880396056,82.71994807161309,jammed
333,41.610199485368625,9,21955539.50206617,124.4011721272714,2417.238378065392,13.082708643055339,80.27071820563086,78.00354469125047,spoofed
326,18.469740986101748,5,22038461.810401857,72.82414775542783,1343.3053235385119,13.082704019832454,80.27071811250532,74.9722402955254,jammed
944,43.885492657360906,9,21992716.085080244,129.12072609712212,698.7914222252824,13.082478056502255,80.26981955495836,85.86781171877801,spoofed
160,23.736089815321144,4,21921641.145470727,29.037574669123334,160.99185986487862,13.082698748694611,80.27067986158251,86.87453855733983,jammed
469,38.76555795789096,9,21961545.46101795,60.5593860735548,1198.369903438346,13.082700245654337,80.27068192768328,87.28893347355701,spoofed
761,46.07762998651582,11,22013626.55667735,145.17931964331012,-3337.993089390985,13.082709863718572,80.27068117392153,88.37179620093411,spoofed
713,26.42967744698103,7,22030542.24582054,40.85101072870201,672.1336927881691,13.082719455408135,80.27069857558381,76.53347886399789,jammed
215,44.50689456326151,11,21970951.990573425,14.746859434715045,376.3602844561367,13.082682103128683,80.27069285119838,85.9526235247782,genuine
964,45.38760632789025,6,21904819.350910515,61.95740110925961,-617.4278178256848,13.080149178319097,80.26980008851275,79.7377711675225,spoofed
786,42.20856348087804,9,22002029.587349303,156.44324488914566,-3886.8320804938867,13.082700142142308,80.27068257337896,77.76290427905161,spoofed
392,40.82055991590416,9,22009981.750895575,15.708283486955128,-330.8841941955345,13.082721590773629,80.27070225451466,74.84742248806198,genuine
27,42.913610160910196,12,21988293.723135855,13.93101569075022,-249.81455568532232,13.082710144837645,80.27071634810616,85.35951478091329,genuine
657,19.699992815598367,2,21957662.7953558,76.4805289239255,539.9522710744453,13.082710900308268,80.27071561876636,86.04607696342231,jammed
20,43.80004154969206,12,22013030.502676718,131.3786601157637,593.772142504695,13.08270874299464,80.27071801792457,72.72221539343955,spoofed
478,42.015847655905674,9,22084829.33414854,12.079853333889961,1360.6342067426533,13.082694564982031,80.27068013201452,78.55692560615253,genuine
986,40.54424403848558,11,21957715.91311168,96.54433937230763,-1976.1372245148284,13.082714759568633,80.27071222801763,79.3742720564442,spoofed
404,44.882251051489774,6,21946737.286256753,117.73108756846088,-881.0235596821228,13.0827190456484,80.27069597255301,72.6993323507411,spoofed
423,17.674836804867887,6,21984135.66373738,42.896013578283245,523.4052179069289,13.082716719655721,80.27068905993451,78.33621650835063,jammed
885,42.62164292084826,12,21988797.18613031,82.94035659245706,-843.5707513288648,13.08268297351246,80.27070778749047,79.65286816590557,spoofed
678,42.969257853155035,8,21939169.81423553,15.196565330121482,-596.9558028456395,13.082715803741689,80.2707097115204,77.55794171967231,genuine
130,41.88686339430099,8,22058076.702716574,49.86169096384831,3178.625787737813,13.082710698579119,80.27068409103995,79.42772494840845,spoofed
397,25.572681389795726,3,21943153.87092948,63.396970395138666,-1703.4331645581358,13.082718823916991,80.27070028004242,73.09184338032462,jammed
535,19.42310892264873,6,22065412.330343995,41.0131968595635,-1307.4426590474618,13.082682029166037,80.27069452089512,79.09774986436418,jammed
619,45.62794712255266,12,22024469.19694692,16.43645380518182,-646.9043758980443,13.082697940621339,80.27072009248069,72.52922346725167,genuine
138,26.64737489752325,3,21999148.105533127,47.135795856980494,79.30775879932277,13.082706270191022,80.27068237654476,73.31969122472297,jammed
643,27.980849820596305,4,22015954.74170118,45.89946212532407,-907.2315571777971,13.082705207244933,80.27071900752101,96.46927054184074,jammed
532,39.420180842701335,11,21871903.137818515,62.0971368819395,1924.99904110624,13.082196757743464,80.27090328118622,80.984896522963,spoofed
999,44.354017293540515,6,22057323.742694594,47.12357758792852,2594.531233853745,13.082718875791182,80.27070864317247,74.57410314944711,spoofed
976,44.534483058034006,11,21976853.089619525,80.47717823189566,1158.926885234076,13.086204633128688,80.27065931040393,81.88202285743614,spoofed
964,15.0,0,,38.62055311048749,,13.082709244719341,80.27071907943643,79.7377711675225,jammed
598,46.015541430298256,6,22043067.052550666,145.39708820057902,491.205631599517,13.084998011412523,80.27171671100679,77.26610788867887,spoofed
342,41.61805857857544,12,21989952.766273826,83.91922879291032,1380.8659964614117,13.082709551706076,80.27071620817676,77.401140246232,spoofed
563,40.086161806425714,9,21969864.03184849,11.64076130119397,470.9884983049169,13.08268076801318,80.27070499321918,87.47772007600868,genuine
950,16.06831280948419,2,22130181.31493752,36.26894663572745,-616.5259135271756,13.082702289805415,80.27072149566929,85.44568591956681,jammed
906,41.43642137692975,9,22049009.54358359,19.124689448070512,-372.4694236708801,13.082687400721245,80.2707139520167,87.73563139771385,genuine
424,25.154881107632164,2,21926690.700876523,89.80133606732691,639.7545849719543,13.082717180129482,80.27068798739104,73.47883867203379,jammed
188,38.57960200188584,6,22061421.04061401,11.54942229424027,-358.6318189153869,13.082687783841553,80.27068282883413,78.00517612336542,genuine
62,43.13876310657141,9,22036104.365121055,148.85401816844637,-899.462565348378,13.083194507925882,80.27007886048266,78.818667774845,spoofed
276,42.181234477868465,8,22002415.984249238,125.87944928814848,138.83453214068322,13.082683525241022,80.27071503789769,90.35541299608307,spoofed
692,44.380134132849726,8,21976578.715105027,11.383821570295805,-294.0763729281488,13.082719121825601,80.27070592222451,83.5506817643827,genuine
927,43.034480792975536,8,22077494.52830646,20.32156093123591,-1137.3818776299702,13.082693728934656,80.27071637679134,82.74595247116517,genuine
611,19.000440483496174,4,22070044.09301565,68.71818121477965,-2154.208479903801,13.082694100302945,80.27071854997378,82.09224684492462,jammed
703,39.55707122245997,10,21986815.96609484,69.7989596045919,-2745.7699046648863,13.082719340476903,80.27070079312527,74.93985499541732,spoofed
361,43.07741537872461,9,21989315.872551255,134.20060105105918,-2912.323316404771,13.08271464761552,80.270712626768,74.96480887857446,spoofed
82,43.42984910694372,11,22053611.385828424,112.54274061352129,1527.7268774600623,13.08566265534545,80.27149881522209,71.20094868231755,spoofed
110,29.233047100458105,3,22067906.05479336,26.049357886637154,197.04031990377962,13.082716359568575,80.27068696885394,73.27846438237185,jammed
865,23.759729994299867,3,22078499.924249947,47.08204823601146,234.43097173480749,13.082679502882824,80.27070150041156,77.18137424551102,jammed
997,42.302944873248656,10,22038297.772636313,13.589927590323951,-588.2106094082657,13.0827175292159,80.27070814713541,73.692124688011,genuine
144,38.62491108279557,6,21990275.532573555,162.0218420670714,1254.0243092598505,13.082704566937506,80.2706812652414,83.50782735970235,spoofed
597,44.03150321938411,12,22006593.69065606,19.68688483459824,-612.2844120962435,13.082686935626802,80.27071586816929,84.15915726048189,genuine
314,44.069970441992645,7,22048036.715379722,8.119783342134259,322.70099402138,13.082699870490643,80.27071898886587,78.04897352916734,genuine
841,30.466548064620834,4,22138371.79460161,65.89824775823958,-29.447827027154773,13.082682863671408,80.27069152261322,88.48345868616228,jammed
37,39.89960880759368,6,22049073.987465404,16.223409627436748,1045.5996427232128,13.082715279990014,80.27071472592054,85.76341438740785,genuine
425,41.10495827981393,7,21945313.146914165,11.390027301316442,258.46660635032055,13.08271563226585,80.27068771726516,87.01978026775006,genuine
238,39.204236547677624,8,21925650.134394627,83.6509283280938,321.06234653281416,13.08267778195955,80.27070099424192,73.15078267393928,spoofed
499,37.58016694406796,12,22006657.27933781,57.04334276333785,1917.5993212455928,13.082689886107818,80.27068203814629,83.48103730918042,spoofed
482,28.255118895046067,3,22010863.65791143,51.461201795866174,68.85977188219118,13.082696290374807,80.27067989691287,82.66088079922577,jammed
275,31.733941291156924,4,21977430.77745178,45.538985502067824,-89.98600942285509,13.082686089198798,80.27071537717764,82.59092441392251,jammed
962,18.131856789026514,3,21969770.069191024,24.78079382220473,-159.90793222951288,13.082708886572863,80.27071876022676,77.12490151772793,jammed
349,24.01116709821509,3,21934485.16251173,28.088122585949595,56.89458274611768,13.082712792353492,80.27071677688178,78.36128791666619,jammed
299,42.819988709285276,7,21907391.90722994,20.501853403486116,-1181.714372089942,13.08269517003112,80.27071809447932,80.32584533182116,genuine
443,45.30165413882042,11,21966136.290799536,12.99372530340088,54.48077075017505,13.082711404238697,80.2706833512057,79.03736715238371,genuine
37,21.970769858693355,1,22049073.987465404,34.27616278184112,1996.913620426992,13.082715279990014,80.27071472592054,85.76341438740785,jammed
32,21.367046844258653,2,21991480.578832194,51.14565532278602,-1198.1477156645276,13.082712132619791,80.27071625887699,81.88047683776996,jammed
596,40.69852896786147,7,22031470.20030511,11.674691398191886,49.288276951580734,13.0826884339397,80.27071467616491,71.57568582245437,genuine
266,30.99369342923774,6,21961119.70361259,25.731587636408143,293.3760795518664,13.082686437188142,80.27071198456277,78.06094657312863,jammed
692,23.803206941297876,3,21976578.715105027,56.432147879274325,43.79254448088301,13.082719121825601,80.27070592222451,83.5506817643827,jammed
42,21.442110460214003,3,21915632.61527933,17.11350644727122,-91.85759035033345,13.082715193576941,80.27071113931207,74.29392377219588,jammed
667,43.205167088813816,7,22065057.917432602,17.773982608626568,426.6016169710107,13.082715591006208,80.27071438016117,77.91957439366736,genuine
139,15.0,0,,49.83899117513209,,13.082707388523433,80.27068128465966,80.38820288263585,jammed
426,30.09809172109076,5,22051345.28731603,42.4596648646561,-191.23532236684005,13.08271655369797,80.27068935015838,72.8869570076169,jammed
546,42.50847060154986,12,22033001.874589518,14.404857466999374,-120.93470455243951,13.082679232788342,80.27069842806941,85.75111879248726,genuine
499,15.0,0,,34.35066703773965,,13.082689886107818,80.27068203814629,83.48103730918042,jammed
57,47.148251659974484,10,21968341.68743746,128.80307638360597,69.35117304070502,13.084672437685317,80.26765664757846,78.70839821364441,spoofed
376,44.36990325259165,11,21969811.74725771,80.68056951532016,506.63505802674376,13.082719075227887,80.27070900394764,85.79400430317006,spoofed
666,37.96085415169831,10,21952802.3237639,17.733335163082426,-1062.346011194753,13.082712205584256,80.27071394763318,81.10593242670583,genuine
560,42.056403390393335,12,22030497.125661504,30.901395978027143,-981.1491946716475,13.08268039859678,80.27070470461138,70.97124937115869,spoofed
766,42.209052693526395,12,21960761.0376422,9.53908836456521,895.2696678808213,13.082708469453818,80.27068196348989,85.91552704274035,genuine
103,24.361762158665208,4,22078888.410246596,17.723241574442543,-1593.3166601012347,13.08271883467428,80.27069089037609,74.95987521098554,jammed
387,15.0,0,,40.23618221087369,,13.082719241902481,80.27070222372393,83.97615109321856,jammed
191,41.5512019667935,12,21973084.18985692,6.217616396268429,-970.1750392340721,13.082686165775737,80.27068596116426,84.0967046008722,genuine
811,15.0,0,,58.80111589875445,,13.08269033554384,80.2706808032148,81.61969821043009,jammed
290,28.913931737685267,3,22060644.184586156,48.298273839323414,-1152.1099657584543,13.08268915124046,80.27071947947367,74.47397579591241,jammed
316,41.24074648657567,12,21902956.04282488,88.47581401312041,810.3052393788804,13.082700349443906,80.27072045294113,77.69003498822869,spoofed
518,44.24453852102637,12,21999490.194218747,15.59332084861998,1378.2639066952472,13.082685579813498,80.27068817418102,78.03351026488927,genuine
903,15.0,0,,23.57433165734603,,13.08268403610161,80.2707130552047,76.17916121057888,jammed
727,44.06527229019359,9,22001428.716005925,68.84592753710643,4745.657131119226,13.08271975291663,80.27069217998465,82.88442655299325,spoofed
87,43.31630405470589,10,22029105.42101926,123.96594776221028,-708.9956153554465,13.082719863111754,80.2706981341662,80.81045904279421,spoofed
229,41.28154159612706,12,22056367.738082122,12.073107490134783,-80.62233275678946,13.082680422115144,80.2706975112951,82.29915153232413,genuine
351,44.11645996460851,11,22001634.761262663,12.161389283736492,-75.18834622769714,13.08271434101233,80.27071577441701,78.50413260405205,genuine
989,42.968778561625065,7,21993121.68878787,83.02948064691915,2428.397324830904,13.079968345166517,80.26777152451746,78.03873190931924,spoofed
175,44.193300567615175,11,21993356.35457742,101.3309625385107,2548.641023497831,13.082690423598061,80.27068071564032,79.13907419352438,spoofed
841,42.746979744323326,6,22139431.226121765,94.0025711851111,685.5336833019602,13.082682863671408,80.27069152261322,88.48345868616228,spoofed
224,44.21149408111512,11,21931426.102140326,38.93893264638642,-1364.0651487099378,13.080373458710682,80.27208738474164,79.76823148709617,spoofed
564,44.25046141004991,6,21945355.23794506,13.421052569224972,-78.7339269262242,13.082680837948304,80.2707067133182,80.1339672155972,genuine
570,21.863713543094423,5,21991356.445877828,39.739944605607285,337.40417850038347,13.0826819715331,80.27070822356781,82.19334083708505,jammed
161,15.566542645426281,4,22019423.710042577,39.81555954660638,-804.0802346946673,13.082697565868393,80.27067811164446,77.98463069496928,jammed
239,39.74799371608783,9,21972053.46331559,151.3173825825643,-1244.314124272696,13.082679657361187,80.27070101506581,82.97873953355858,spoofed
183,15.0,0,,22.21378881548551,,13.0826891504898,80.27068285935809,82.7404385204107,jammed
405,41.33540302021155,8,21972271.379717976,12.197755951028135,513.8537172003957,13.082717315554975,80.27069518051478,74.666103812213,genuine
819,39.84467772370071,7,22027498.814375505,149.22041954567229,1001.7233474494923,13.08265838411272,80.27235827591723,77.5838464601727,spoofed
57,45.73735327808599,10,21970913.932539888,12.831862574229062,827.047553119181,13.082717484217804,80.27070891241836,78.70839821364441,genuine
173,23.221262501185567,3,22014097.793369707,65.69192359361246,-1271.8680450545817,13.082695591777792,80.2706803585369,79.43715046516004,jammed
507,45.27501430180239,9,22021188.551260248,139.89667316246556,-2033.1329194680773,13.082686187638872,80.27068576509063,76.4040655201853,spoofed
690,44.799540374173745,6,22001515.28903023,73.29384285044513,-960.6255841660942,13.082719102883326,80.27070516484423,83.01468010628962,spoofed
238,39.34396397035109,8,21927901.063217998,12.688301472393565,-299.8360598320666,13.08267778195955,80.27070099424192,73.15078267393928,genuine
606,44.4364059115215,12,21913012.324733507,134.92583753879987,1710.7433888226894,13.082692972307026,80.27071733188504,73.35274092668796,spoofed
882,42.710713922370374,12,21963582.555583227,137.55724669498565,1982.708550333789,13.082093926247461,80.27041597261727,70.63912129564713,spoofed
15,23.049300500582135,7,22003395.658458468,40.285022756876366,304.39088639507395,13.082705648026005,80.27071950909513,76.7404545599009,jammed
745,44.32709556587632,6,22061468.785882507,20.568298533706493,24.907882355982043,13.082715306493528,80.27068731638624,85.49383811181487,genuine
402,44.05132118854355,8,22022650.93781561,15.393088347658939,1432.718856986332,13.082720910126739,80.27069797502597,73.98199892552273,genuine
242,15.0,0,,29.562677459477378,,13.082681062450686,80.27070320657417,85.04025131430296,jammed
538,37.52729244121023,9,21981201.869028483,130.3353343251997,1002.5581635939923,13.082680499669383,80.27069572177773,77.97178683743581,spoofed
890,39.9290674204123,12,21971817.567775056,46.60966455526744,-2447.2752283754007,13.08268380194672,80.27071203357546,79.19187117987582,spoofed
700,44.845360402270636,10,21909994.46080795,158.19041095986128,1443.6151284924824,13.082720749113657,80.27070259583256,86.27703855243321,spoofed
670,43.96211009152034,7,22062360.571057122,16.702202217507725,243.3203569489416,13.082714108885385,80.27071399082119,83.86845945549385,genuine
363,17.162415143802335,4,22019668.843512706,32.7074433291143,-672.4283856340203,13.08271604533895,80.27071233017075,91.19751439821869,jammed
452,46.877531400315746,7,21954544.855569832,17.112337121186133,-1576.0120255772608,13.082707861545794,80.27068057377942,83.79666885729235,genuine
12,42.671840887816096,8,21999258.218125984,125.73975989040585,1467.789223177404,13.07900951587348,80.26948592339365,80.53843159747484,spoofed
74,43.24118172077061,8,21919919.02922633,47.95486431860142,1813.268796440542,13.08272036354524,80.27070200936456,73.78770756271295,spoofed
902,42.25600326531395,10,21989096.487565458,108.9115477460015,-2154.353737952986,13.082686696067173,80.27071252931171,84.53797784654498,spoofed
256,32.789403004117496,4,21969052.67237043,59.243500066952485,-360.7000282135666,13.0826818889138,80.27070825302583,79.28013945389435,jammed
523,25.158189846834638,2,22029092.521965355,76.9939235418921,-686.2031554048347,13.082681609913823,80.27069085777053,75.96443239679338,jammed
487,43.07575339739388,12,22001552.360024426,14.021888345961559,-286.024086843628,13.082692087909072,80.27068077884945,77.76495270044073,genuine
489,25.683797012515768,4,21960701.169603433,27.851737627293026,-226.7165569067377,13.082691605253855,80.27067876985775,74.56073981266537,jammed
94,23.844243223853404,4,21977223.607749827,75.93022131729388,-239.3935258216848,13.082718593115612,80.27069292146378,80.18861448341119,jammed
438,40.36429180828111,8,22064675.49842297,20.281927930154417,879.3471950282486,13.082712873989255,80.27068423882992,80.94918197176239,genuine
748,41.07070825853576,6,22047129.68104499,16.291230934986135,-601.6290029218337,13.082714425171178,80.27068656502144,68.29153479571778,genuine
621,40.34574785253221,10,22005495.784074534,94.3926184594075,-1186.8686832820376,13.082697886343734,80.27071847251057,80.97202938470284,spoofed
609,43.34508609982063,8,21986016.158443354,14.646422041377686,-281.3435036884131,13.082692499978329,80.2707188330671,79.06811468021608,genuine
817,44.07780248978593,6,22069602.703124568,109.1697150781367,-1129.072369051321,13.082688676144794,80.27068394171074,80.09430923362476,spoofed
380,42.98836916015744,11,21905656.616361264,126.63177345427752,-2156.3965063296796,13.08271891408399,80.2707061357596,83.79878486509071,spoofed
377,12.50377245839615,4,21969190.363000464,20.070599474601487,-585.3364306508788,13.082717670431922,80.27070635448227,78.9943191107919,jammed
661,15.0,0,,69.45209184529749,,13.08271151415625,80.27071421677525,81.05991274885805,jammed
615,40.39854356797274,9,22016664.015688468,100.10106752919361,2724.836032277937,13.082694547369234,80.27071902103731,75.09013847192175,spoofed
883,40.21491160356648,9,22002943.327081468,156.55916584001736,-1540.2231151520084,13.082681185140876,80.27070776491617,73.2673539343293,spoofed
454,27.48569760065024,2,22100048.155079506,70.16594667960075,78.44731641176597,13.082707603955457,80.27068438515047,83.8338714613156,jammed
330,45.778071083191804,6,22033689.719683386,14.418666773448171,-204.65850739406588,13.082705580406818,80.2707195123136,85.86056463738348,genuine
627,31.123565636456625,4,21959543.700752947,57.16299674230376,-1285.5068375564465,13.082699144579216,80.27072093736867,71.77108417592878,jammed
916,28.37927216111836,5,22078783.879608534,15.769588228200877,-557.5561764807654,13.082691184167496,80.27071733355453,75.44168811915624,jammed
93,31.71333554611429,6,21950750.253613777,81.06779889608191,-1065.291128612978,13.082717462788356,80.2706941088196,76.7649168902427,jammed
426,44.008962548446505,11,22051345.28731603,16.12144699708462,-252.89989757478978,13.08271655369797,80.27068935015838,72.8869570076169,genuine
726,31.53534830683944,6,21961582.217022605,68.53070426362491,-6.434764937648765,13.082716574922689,80.27069221316705,79.67226729108519,jammed
845,45.72944180580459,9,22072839.519849688,133.6444002914623,-3291.79136352125,13.08268160559378,80.27069236044781,73.85027755870888,spoofed
2,31.713733798721634,3,21942495.72529238,9.411478911629462,1012.5961089867246,13.08269864742086,80.27072057396299,84.3398996717413,jammed
927,18.22806365578998,3,22077494.52830646,77.22487125754546,-947.7655517486512,13.082693728934656,80.27071637679134,82.74595247116517,jammed
993,49.10169974853494,6,22066396.44374468,124.03043360065593,-1465.7617726018125,13.08259176872947,80.26917231405925,78.94871124113286,spoofed
517,40.2790692944231,8,22032939.86841831,12.894235086714225,549.562934216653,13.08268273450345,80.27068857104724,77.99478091290456,genuine
386,27.31135660395694,7,22071105.317496177,66.37740848855572,1347.9044719941828,13.082720092758699,80.2707023094317,78.84597067255991,jammed
874,35.83636686172846,11,22037632.691577617,147.03634144231984,2182.638537645485,13.082682185508357,80.27070560859809,83.23930408743253,spoofed
44,19.693491707380687,3,22075818.432336267,45.71662153613328,-705.615487212956,13.082716105334898,80.27071153081286,78.40896763933708,jammed
581,39.109130849336665,12,21998276.256748267,14.955330660540147,-2089.756638655467,13.082684189438835,80.27071374810586,82.94675250819171,genuine
459,41.93534288011536,10,22010765.131497074,4.35915229007094,20.769690746804017,13.082705969920317,80.27068038940469,78.97383914031316,genuine
852,46.73466701505486,6,21968408.982755326,46.96843330528367,167.0487768434018,13.082682001376783,80.27069503511875,78.2545291833004,spoofed
303,41.17868694219276,8,21971826.428728748,17.866812350864727,671.3610841218107,13.082695125795485,80.27071872833795,72.1723638626578,genuine
132,43.58787736703601,6,22079522.614895802,22.33101409812841,-740.8624322803938,13.082710403536742,80.27067807452762,78.74640543638863,genuine
906,15.0,0,,72.55732906584014,,13.082687400721245,80.2707139520167,87.73563139771385,jammed
450,42.36233455879302,9,21909248.460104506,160.5718733928845,1829.0213503213095,13.08271013174925,80.27067995407762,85.99777234912914,spoofed
526,45.63761394067678,9,21960500.68230662,22.506179319136052,289.4503556839863,13.082683312935966,80.27068913493066,86.07360737248891,genuine
601,30.03020115057305,5,22043541.138518333,104.61044523520248,355.0291940068739,13.082690683912567,80.27071807938542,73.45537761573257,jammed
936,39.12283872703608,10,22051379.05352769,22.017351923837523,-1324.2980031897478,13.082697731466046,80.27072002949052,86.75592164229501,genuine
144,39.96764726172418,6,21989810.906943772,12.074057755364942,-1076.8490622759903,13.082704566937506,80.2706812652414,83.50782735970235,genuine
974,41.489095543065744,7,21998341.039269105,115.62066955715424,654.2947120925605,13.082712714645906,80.27071761258692,83.94422856576136,spoofed
523,42.95427275067633,6,22031425.23944299,81.56471521998478,-1981.4595370985858,13.082681609913823,80.27069085777053,75.96443239679338,spoofed
513,44.09718274771387,10,22061441.19615239,160.62687765206277,586.5699520195711,13.082684355803147,80.27068639126522,78.33055594244269,spoofed
204,36.87456974742244,7,22010181.65893549,10.690088223433126,-981.414987641309,13.082683875634338,80.2706863315351,84.7483995140818,genuine
41,43.35788567076299,10,22037461.146360043,10.673285839490829,750.0183373998061,13.082713708361549,80.27071275014113,74.14277406986865,genuine
856,44.326050247158406,10,22028259.364785485,52.33671237232856,-2977.54472271104,13.082680547686726,80.27069602128165,79.47571306108483,spoofed
963,41.72568137076428,6,21907880.776898466,13.861172272093286,-460.6068195505725,13.082708604524361,80.27071796347931,76.78256145458435,genuine
550,19.33875899460467,8,21950283.244575243,50.69488833237885,-737.0163140755944,13.082681372583304,80.27070002876778,80.7054769108107,jammed
136,23.828968660769142,4,21958461.505919732,34.1856586892484,1129.6137960974784,13.082706619155,80.27068327062045,78.20972860394657,jammed
636,28.26286954726745,6,22116892.25595861,42.423030799534516,-836.0709524337557,13.082703072444971,80.27071993448949,80.73979232712396,jammed
919,36.93636906465926,8,22057316.066133566,69.05229524671101,2273.4720392201434,13.085489210745571,80.26893121904371,71.24892267576965,spoofed
564,45.229444768182056,6,21946142.16420078,63.96774572738309,-727.3801075682092,13.084648074124013,80.26726627070411,80.1339672155972,spoofed
4,37.12241202836541,10,21940926.04660356,21.15937567144652,475.7521690961471,13.082701098079022,80.27071916748834,91.14897557597486,genuine
943,45.0007656456483,11,22049776.966408134,13.579504973196086,-1118.1311047561428,13.08270053207537,80.27072078251432,76.27401264589268,genuine
743,35.83534776214235,12,21954482.803498507,43.52917967706583,1813.2117464844382,13.084411872230714,80.2680009243216,89.18872815393378,spoofed
336,39.70154659615112,8,22003736.271388534,45.502811414584635,-237.40586810817604,13.082706513802778,80.2707183307183,81.02828320297449,spoofed
592,45.264089764313496,7,21977381.592038292,59.41075632677835,-2079.6887050464147,13.08268598283674,80.27071566325999,76.82382984438836,spoofed
200,44.598743654995005,8,22019988.851380102,162.89404161018732,708.0637781388357,13.082685224951197,80.27068912823073,74.56382339205823,spoofed
840,46.19926120092908,6,22005313.928921416,145.5228848193195,628.2360974739668,13.082681188505433,80.27068895072956,86.6802429862935,spoofed
958,41.995200367059134,7,21958620.787963267,18.60612686399896,324.909803764352,13.082705080027749,80.27071937565671,72.24874289857357,genuine
826,21.979476832552066,6,22062888.947543472,35.72974189304622,415.24646865348456,13.08268395961425,80.27068598698946,74.35998395778238,jammed
78,21.161596041567527,5,21999353.06159482,46.03128684802891,-175.81526755882402,13.082720436507707,80.2707008371199,74.2593335259777,jammed
390,36.22474140841839,8,22013336.80839883,16.517334504083347,44.91467219533383,13.082719622094226,80.27070263267309,80.81203025421364,genuine
494,19.561054784068475,4,21931987.82812039,104.336193662265,-606.9776177588337,13.082692034017608,80.2706815409062,73.93483097075676,jammed
417,24.42284574225223,2,22027592.938576564,40.9707774715135,-613.5439298269873,13.082718040903243,80.27069123217349,83.42524481825257,jammed
980,15.0,0,,78.53518154884748,,13.082712578080212,80.2707137551628,83.17755222260166,jammed
251,42.853888877351274,6,21971150.181431122,20.230261255239498,-1333.4063463921898,13.082681692019452,80.27070423689547,78.46565843719851,genuine
185,31.28675608099732,4,21924966.529860906,44.050699391424985,-449.233974846847,13.082691017391106,80.27068250654247,82.89966920864642,jammed
357,42.675858098204316,8,21985033.104612414,21.842346968825648,-1083.046015637486,13.08271715233806,80.27071374552816,79.91235875858911,genuine
547,40.60412390198453,6,22098354.37059822,110.96299253143106,2220.1352163878446,13.0826804069506,80.2706975446915,69.23876467688181,spoofed
938,44.35072366220897,10,22005123.61835516,15.535775364196617,302.37010082725885,13.08269923008606,80.27072145831627,83.76392218682186,genuine
929,42.53400273683596,10,22006551.66045333,95.65590348815903,-1648.0360629922711,13.08407822602888,80.26810492661762,81.03345036248012,spoofed
835,15.0,0,,51.13107455732635,,13.082683644790212,80.27069049961652,80.32283987193695,jammed
969,42.08652968546314,7,21964862.25200894,17.457262949697952,788.9392383125696,13.082709143092597,80.27071732961119,80.60080466689521,genuine
528,42.64557205830674,12,21996510.060711894,11.189020344813756,-1233.9876862412482,13.082680824092177,80.2706921749628,83.83669348860286,genuine
232,42.78901250897585,9,21973536.384665005,14.152246421497779,505.9009540526388,13.08267899472397,80.27069801003417,78.93206271058379,genuine
610,39.414229870814005,6,21974396.929034043,15.223291404817331,620.6018403599276,13.08269201887073,80.27071884728473,79.31276503553438,genuine
710,20.0657257047595,3,21985282.613823637,45.14345440098146,137.67167548305702,13.08271972558235,80.27069711350792,75.9251534666699,jammed
572,26.89905736340984,2,21998383.14406524,37.285807354950705,459.1793111028619,13.082682833755353,80.27070931806426,69.17961564263464,jammed
464,40.782968482417594,11,21968170.272046253,62.98058209917176,718.4143015894198,13.082701981365176,80.27068145087797,79.04446895110046,spoofed
436,17.61723849856017,3,21979820.394074034,86.22921506660434,944.3162582155205,13.08271204598263,80.27068407280541,84.06517868443811,jammed
653,39.24064825554498,8,21981781.13535534,23.883599235588104,-92.95942748780325,13.082709478651235,80.27071555185043,84.86494718724603,genuine
781,41.80067609035798,8,21936095.58186441,19.80546743060108,612.9471734802273,13.08270188030691,80.2706808209325,90.80970890594251,genuine
451,19.13889367639498,3,21962391.956596624,76.43891348453101,991.7897670767277,13.082709261353106,80.27068245954766,89.77743271981895,jammed
779,15.873207500595743,5,22006343.348814793,26.708663191708833,390.99299533395055,13.082701891129856,80.27068004084644,74.91620212580736,jammed
676,47.95650570671018,7,21946120.837619815,18.443058504894438,485.6427478164415,13.082716218383364,80.27070972745175,79.59556773152434,genuine
538,25.376461729424754,2,21980154.30793811,52.857589860551414,-226.48158576031068,13.082680499669383,80.27069572177773,77.97178683743581,jammed
569,29.372638499461306,5,21984548.881740186,43.779453065164844,295.65496036483086,13.082681164440354,80.2707091433847,87.89501555794945,jammed
780,15.0,0,,33.09415561686864,,13.082700309194173,80.27067999732247,77.050565296511,jammed
123,47.48513367841274,7,22014717.01052203,156.98029116181345,1285.0857331072066,13.08271533190131,80.27068450016846,85.52091691084847,spoofed
758,43.599066023744754,10,21880936.632993903,19.830648405020533,-1469.2081619000583,13.08271189732474,80.27068235680389,79.49393220992042,genuine
151,41.054284984707806,7,21995033.61661853,153.13301598712965,-943.9820439621776,13.08270236708245,80.27067863277126,76.06856939173758,spoofed
991,46.631838669823715,8,22005721.231906567,45.56193831946952,-655.2635201400155,13.082718411523745,80.27071123031544,82.3264493769917,spoofed
934,22.761597428693946,2,22091102.76106714,39.7039276796034,-1248.2242882285163,13.082698912556893,80.27071945088147,85.24132188195405,jammed
783,19.842266754879915,4,21972673.110348582,25.04228430578901,-542.1828829381725,13.082700518808597,80.2706809979682,76.29912947852887,jammed
196,15.0,0,,47.516766607356146,,13.082686250150878,80.27068540762652,82.19486320209093,jammed
270,28.213422291854943,5,21992785.781073987,55.14228713956039,1165.9142906351262,13.082684912720286,80.27071282637691,76.8372198182635,jammed
592,29.095058969794994,3,21976601.184333786,48.24455456018122,-1671.225745419695,13.08268598283674,80.27071566325999,76.82382984438836,jammed
515,43.03339945574332,9,21938038.626027577,143.31881360753732,2395.4660309972023,13.082685427215385,80.27068554273704,72.72678063570947,spoofed
965,25.467050289162767,6,21937029.346664693,50.58630549216752,-72.42581003965472,13.08270926542422,80.2707192939095,81.75456484905051,jammed
867,40.9826406280686,11,21982386.74825251,16.07753984650878,-295.7605961670199,13.082681961119373,80.27070096534969,77.68710576356457,genuine
487,15.0,0,,56.30206387002605,,13.082692087909072,80.27068077884945,77.76495270044073,jammed
211,14.241049529002673,3,21977328.08508157,51.77802826019621,143.44110225347083,13.082682798066145,80.27069155816534,77.5490194326099,jammed
100,21.24660344887561,2,22022626.92094898,30.88820845425778,2269.1769062675357,13.082719054651214,80.27069199735496,77.37908546872498,jammed
636,41.525190397444355,10,22116892.25595861,11.651592859638985,-613.2163575830963,13.082703072444971,80.27071993448949,80.73979232712396,genuine
987,45.21044343427502,7,22009812.235943887,155.92975044813593,-257.60917696170594,13.082715563528762,80.27071223982387,80.58956334833016,spoofed
784,42.028613597728665,11,21900792.83884355,13.00139971855118,-766.7672845562108,13.082702534535594,80.27067785221206,85.76291289450697,genuine
522,45.339460840800584,9,21966984.9941989,20.28594635120683,774.0403327929083,13.08268249760549,80.2706879401513,82.44102319866786,genuine
283,43.136050845535905,9,21943928.447699137,17.3274838708314,-56.93359108246931,13.08268825606137,80.27071755090061,73.82748860103695,genuine
364,17.82773054488763,5,21930151.897112444,26.754009469027903,-1.9636718381065634,13.08271657162408,80.27071217483471,82.39140350365089,jammed
705,39.49421116179899,8,21970358.016744208,97.91198364138361,-2234.913109896725,13.082720238533607,80.27070223360931,84.23368122095533,spoofed
531,40.42884062209378,7,22028798.355115775,46.945999238675014,167.08956822322648,13.08268127328897,80.27069275287532,86.45445726319704,spoofed
909,39.30938699920308,9,21956703.005808387,7.421540392432641,-65.86054255418713,13.08268782351382,80.27071550072728,94.02231246368041,genuine
991,27.054176227171155,4,22005355.251500472,92.07764181707142,1742.1889833739278,13.082718411523745,80.27071123031544,82.3264493769917,jammed
833,42.65588215211454,10,22006682.774236552,133.03405230462323,1859.9569012309623,13.082684234586264,80.27068941482833,74.81374526867188,spoofed
355,25.304135614102464,6,21967922.86396086,34.029919335839494,263.75768346673897,13.082714258038274,80.27071470004525,86.15129228939848,jammed
226,48.40023735733961,7,21927367.95450883,113.66239766579632,2309.9476396557234,13.08267946252099,80.27069697318571,85.60955534537062,spoofed
626,27.977259167128445,2,22002210.85014501,32.29822599238914,480.1216615478177,13.082697650291387,80.27072098021074,80.82977657451026,jammed
943,25.985497904350087,7,22049776.966408134,45.10621497757467,-1234.0884198666179,13.08270053207537,80.27072078251432,76.27401264589268,jammed
662,15.750886771204112,6,21959527.313545134,46.50846722054817,860.8668235760512,13.082712971464945,80.27071527680623,81.25743265508909,jammed
64,45.75287092836038,9,21992401.985885285,100.78581855053935,677.9433011230689,13.082717903333531,80.27070439101975,79.17117541673063,spoofed
28,41.437714328258245,11,21990892.932837196,90.51791699369439,-27.04518977806265,13.082710698651038,80.27071779396815,83.04198095729562,spoofed
145,40.96160684955079,8,21926444.238280755,17.943200758687013,-1244.671529331948,13.082706304511264,80.27068016916058,82.76364250449882,genuine
998,19.341958541726676,2,21961900.42380865,37.869081371099874,-377.91775434386903,13.082717373350508,80.27070884213391,70.76064940097291,jammed
448,43.943450767211935,7,21890631.595732428,150.82819401299113,2270.492213888393,13.083302054952986,80.27048638109105,81.79912833143445,spoofed
261,18.066208300705917,8,22085497.197700605,79.72006351959541,-382.0958077723274,13.082682690040569,80.27070887398618,77.73070070822907,jammed
238,15.262686543152821,2,21927901.063217998,28.56302206468251,-489.58360946714856,13.08267778195955,80.27070099424192,73.15078267393928,jammed
396,21.69186533694696,5,21960841.006914243,74.99438810377049,-1078.3803234219195,13.082718489189588,80.27070038653187,78.12759055257091,jammed
162,47.32117433108791,12,21912009.214615226,10.24731896407129,1532.347753258288,13.082698105524356,80.27067976449977,78.92218312668709,genuine
41,47.06001695843699,10,22034986.745636854,150.7828891085436,1548.8065613352296,13.082713708361549,80.27071275014113,74.14277406986865,spoofed
875,38.52589001451708,6,21943751.16044257,101.31473240901586,-3695.439119000938,13.082681237681015,80.2707050133477,83.43433480667429,spoofed
822,40.30229928606027,8,22021781.15573972,85.42960928018555,-2866.3934650807005,13.082911691574514,80.27182168470405,79.15091481952463,spoofed
65,43.38385866975244,10,21983038.24182159,103.23322142386394,1078.8180258524994,13.082719915312046,80.27070697476162,79.96281826677205,spoofed
885,15.0,0,,79.8270321764302,,13.08268297351246,80.27070778749047,79.65286816590557,jammed
314,44.45272538688836,7,22045233.28245119,36.06278148497091,2451.426945866725,13.082699870490643,80.27071898886587,78.04897352916734,spoofed
359,41.63117829939912,7,22023756.4033674,10.8905411422848,73.22115139108897,13.082715392181592,80.27071164057881,77.90208078674499,genuine
79,17.943829650050205,7,21927320.03600342,59.409010443395644,-511.87178443997317,13.082721043644824,80.2707009407251,77.70861165841359,jammed
486,40.05129400818645,11,21971977.526559845,22.7261607584828,-204.51176403823644,13.082694376772578,80.27068236366902,77.20264628425548,genuine
629,36.69679883522557,6,22000245.518077556,107.12858964888702,-706.4487380556849,13.082699762121408,80.27071971182902,79.71745526304855,spoofed
901,22.668542978327512,2,21977904.499146014,46.95446554188383,575.5089217687748,13.082685684816424,80.27071467207125,82.86207791281598,jammed
800,39.384181228666655,7,22045287.825836897,39.20848363559734,2176.563414704906,13.081108882256784,80.27169084136132,81.35147473353915,spoofed
237,15.0,0,,86.79705262867964,,13.082682249461,80.27070192289474,78.3447473426396,jammed
368,40.51804662530172,11,22050025.31128712,155.85559414868703,-875.7970165561076,13.082718117415517,80.270709965341,80.38153405424524,spoofed
379,40.85575142260794,7,21946776.36269369,15.584901170119435,-1022.9679742214973,13.082718212901518,80.27070413194382,73.93841285854022,genuine
861,25.131119148181394,6,22007504.05651725,55.752245067631726,652.4256473965878,13.082678098515839,80.27069963258137,80.7374532721647,jammed
907,21.009639583218,8,22014058.658282176,27.71001648835174,-123.00514075950667,13.082685646635882,80.27071519710275,72.59334969624932,jammed
341,23.35669684398735,2,22010979.246358998,40.31024619195797,249.05577064623535,13.082708213311967,80.27071811321692,81.73754654966542,jammed
612,15.516973978093109,4,21947635.64268081,58.01465732068353,1469.3266782724677,13.082693207951193,80.27072139022236,81.72408538944894,jammed
757,44.1375483107432,12,22033757.232994746,7.974178196615198,385.9089898659619,13.082712467858695,80.27068414733279,75.17093840407907,genuine
39,43.62648196956175,7,22100437.769309256,14.12515981642911,377.00036627671494,13.082714057862104,80.2707145754127,72.74910314894869,genuine
43,28.67894159160845,6,21953486.765636496,84.17565531463318,717.8167272356968,13.082714050268766,80.27071361349164,78.82857148836318,jammed
732,21.35832948242438,3,22028964.098566048,55.86306822093289,1547.1586168656181,13.08271724910681,80.27069125562127,82.69719260318324,jammed
440,41.551322019856066,7,22078870.802530706,60.377767885904106,-1098.0849745714042,13.082711030073854,80.27068261682952,77.81102250814067,spoofed
232,26.023429216404985,4,21973536.384665005,52.36306882001824,265.5480762957007,13.08267899472397,80.27069801003417,78.93206271058379,jammed
81,26.66190113868571,2,22001471.17877925,32.41226625274717,-177.30278351812723,13.082719077777117,80.27069942156365,82.9280282090489,jammed
920,44.20739246918467,9,22065192.255198102,117.42083745776914,1077.8232479518783,13.08268966544059,80.27071699864376,73.39214393900227,spoofed
343,41.60823684991257,10,22074828.41623299,151.17789621304786,-1810.7004892376224,13.082712107555814,80.27071672942421,86.9156756993106,spoofed
271,26.990277056605343,4,21939164.07908068,20.576367595161752,839.1654758483127,13.082683812465659,80.27071251328822,89.36117337818226,jammed
15,40.70297176521582,10,22005012.514197547,53.02225555264526,2222.2369911640335,13.082705648026005,80.27071950909513,76.7404545599009,spoofed
548,30.378061603879203,5,21961828.034134466,57.57010420456526,-882.3043741012809,13.08267820441641,80.27069794391957,90.09132771896093,jammed
59,44.420695886478704,8,21931204.32056992,16.945187952168816,741.484730861233,13.082720273158708,80.27070744556337,76.71156945603765,genuine
158,42.730934212286904,8,21981348.187761456,142.21395789069746,2100.924040701635,13.082699183811128,80.27068060449216,74.5307642935128,spoofed
740,44.51070591967652,9,21949289.096013278,68.98843463795723,1523.5878685066768,13.082715526357624,80.27068745526671,85.85248546713377,spoofed
93,41.54612468477772,12,21948115.936875504,44.839595861186226,-2429.3274547626993,13.08487401193082,80.26971705122665,76.7649168902427,spoofed
414,41.287789834043565,8,22021772.916797873,17.7193850205609,-1197.3283813783044,13.082718117522736,80.27069310171241,91.63902668213296,genuine
764,42.85197852000527,8,22027546.219044678,13.312851229469127,-295.56427025899865,13.082708539531072,80.27068082016116,74.79380381843943,genuine
623,41.76753557759329,8,22008579.234143604,57.850082349741236,1259.5506693849206,13.082697168799424,80.27071940380101,78.19930968211493,spoofed
380,26.907789916520386,7,21908580.234427925,11.671549029420033,202.9023922166038,13.08271891408399,80.2707061357596,83.79878486509071,jammed
13,22.99167246599402,5,22099875.708890237,94.55284198606519,672.965444412552,13.082704224528486,80.27071949891346,76.76136178460843,jammed
284,39.1017808575871,8,22075059.252779838,143.84749174611113,-2333.4355443554123,13.082817548577005,80.27190239512092,87.78447300048717,spoofed
328,40.22082259374986,7,22030170.71155396,152.47397022668827,1089.3239232584447,13.082704880046293,80.2707190343473,85.29559330104092,spoofed
240,38.433641358224214,7,22046400.197195165,116.29551963492568,-976.7257606234361,13.082680073018798,80.27069989149174,83.38068692388428,spoofed
231,22.468651271514396,3,21952973.48922494,31.141173960803794,478.54786860447985,13.082679763760755,80.27069644437991,85.55077057941338,jammed
88,45.89570809236833,11,21963004.71050515,84.07199419403678,2357.3178599261714,13.082720931152414,80.2706951836209,82.0783298496656,spoofed
490,29.26756773819257,5,21985506.219226256,55.747836026633976,286.38914741407496,13.082693089914688,80.27068195978588,82.01761173726962,jammed
196,44.91562038800267,10,21920715.08853345,34.616886956980004,793.2501671469207,13.082686250150878,80.27068540762652,82.19486320209093,spoofed
181,41.893070128314626,9,22051465.399709083,150.49104286411813,-2881.271883468756,13.08269117473928,80.2706805996138,79.31323506540238,spoofed
440,41.526889147658984,7,22080211.455234252,1.3023343885526035,166.91966549869522,13.082711030073854,80.27068261682952,77.81102250814067,genuine
588,19.16781117284595,5,22007922.402524985,58.857974018597645,-1015.3671491019602,13.082685343582138,80.27071274119525,84.37870481880475,jammed
477,39.14515443464399,10,22005234.501494408,14.846280838697352,187.67646471474967,13.082698689719459,80.27067993273478,74.15682557005314,genuine
932,45.77921431088999,12,21968664.999669943,158.47396354518932,1120.2440401611566,13.082695938404342,80.27071842877614,78.34566799097779,spoofed
701,44.372234603493126,6,21989037.57380814,85.88708245477255,2600.8544249112724,13.08271993417067,80.27070318638735,77.14708649073175,spoofed
654,43.7443471628158,11,22009232.523970857,150.45487026002627,-2998.7566730686312,13.08488133667105,80.27245155021976,82.17459839759974,spoofed
127,25.979469202881923,3,22038092.738702122,108.10271178888812,-662.0960864611591,13.082711386579176,80.27068417389239,87.09453024347653,jammed
715,38.960272689739675,6,22039519.67384831,15.206030333908098,27.342172579659437,13.082720115191476,80.27069613220662,78.49942453507494,genuine
902,28.156918440730696,2,21990835.122178636,55.49289705928242,-227.68645324016836,13.082686696067173,80.27071252931171,84.53797784654498,jammed
37,42.20229912441094,6,22049858.677091524,112.97658489707158,3252.1108285576292,13.082294600519743,80.27362105608384,85.76341438740785,spoofed
148,45.23224971386715,8,22029897.455357738,126.34592104420436,729.908025759122,13.082703592942758,80.27068207860766,74.78042179338782,spoofed
449,15.0,0,,33.379057472392454,,13.082708443919664,80.27068317050492,80.68129153126746,jammed
147,45.23165787850848,12,21878109.864230137,106.33664747590713,1539.3776022992506,13.083533632496621,80.27048953377384,77.1650083202938,spoofed
620,42.49026833793569,11,21984939.32552846,53.076403900630524,550.3688835841734,13.082697273402724,80.27072117593418,79.42627146999955,spoofed
6,42.319601007918216,9,21968769.82958924,16.24456799337515,1057.7087152627814,13.08270347985355,80.27071763080953,87.24467012375426,genuine
269,26.932397941039707,4,21947405.63635508,61.196284343554126,-68.01021124975836,13.082685499614124,80.27071203480249,78.23084981216293,jammed
876,15.0,0,,20.647990457090685,,13.08268088626076,80.27070689851618,83.03115102942172,jammed
840,46.76265053516118,6,22004233.064036638,13.593150040471496,-683.9878247267052,13.082681188505433,80.27068895072956,86.6802429862935,genuine
84,16.54127836606048,4,22017286.32899008,104.34998426860354,-1271.6599333050096,13.082720641809571,80.27069884669064,82.44813071936201,jammed
650,47.57922634252351,10,21966402.802021086,137.39273307445177,-2359.0870752659557,13.082708516031937,80.27071769770474,77.80102075255296,spoofed
125,42.89217764787377,11,22028870.128875963,11.577219879100998,262.61916966482437,13.082710863457933,80.27068651212043,79.298581061297,genuine
946,45.877906557675566,9,22031086.14943803,73.8533883351702,-4133.823011411529,13.082700077825605,80.2707201180483,77.87922370884529,spoofed
273,24.11630275068939,7,21954112.323129125,82.29099168912195,990.7587920907276,13.08268383558564,80.27071349279183,88.84212664256923,jammed
886,46.23191536591851,6,22039185.53584179,102.72514448414466,1166.4996378940348,13.081147667093793,80.26656021276852,76.03473111934713,spoofed
708,41.446159710673,8,22030239.579127528,20.52247512602784,1696.0646168406313,13.082718806588051,80.27069935021784,80.36794555509738,genuine
432,42.326413251575765,11,21950770.843485963,108.87928712918728,651.7566890440796,13.082714456271146,80.27068674487663,78.85000401986109,spoofed
915,47.960368841391826,10,21952147.36961801,25.71858119606249,-1115.4017170008176,13.080853922237594,80.26702246334723,84.0489238013911,spoofed
391,42.135883963475955,7,21946822.013528265,17.557568509595956,-784.8697264930227,13.082720214513186,80.27070104764844,79.37019783726501,genuine
331,41.906988292982675,9,22040805.732231166,160.36343408060793,-788.04060732079,13.082706157029905,80.2707198415849,70.10373761658111,spoofed
220,41.44035295779875,8,22006329.835513886,15.337777420404123,-688.5464345316204,13.082682604383736,80.27069361197316,74.26849547135666,genuine
728,17.894647964899843,4,21960297.82291506,14.295110127237471,-1141.5195447550416,13.08271863066348,80.27069255181507,79.08544604906146,jammed
503,17.001828966416888,3,21973458.908593517,89.77293385364194,-520.1390729242912,13.082688182615522,80.27068410436712,80.38047239461258,jammed
17,39.6027934979275,10,22044780.262165718,16.08102338161344,-500.4992851211169,13.082707941980706,80.27071731402033,82.06736646552753,genuine
58,39.83542221076689,6,21981726.52029429,4.57485851660061,-1363.2797005179245,13.082718694414828,80.27070735394715,79.36962231815045,genuine
568,43.3710698020745,7,22018984.3790307,15.852540930098247,-502.7262229574925,13.082681095194584,80.27070762727821,78.73404727302797,genuine
789,15.0,0,,28.286182178386092,,13.082698858942338,80.2706803337001,72.19201477436735,jammed
604,45.341074262955146,12,22078843.85728744,53.36464140469618,-1811.9301740748222,13.082689629503367,80.27071763661739,81.8987143781398,spoofed
300,49.69258395344866,6,21980976.14686023,78.0535222654538,740.3190897913145,13.082693530972117,80.27071959543613,89.6045041104301,spoofed
937,41.78030814396095,8,21949084.223381937,13.295517102774914,423.0619947076903,13.082696726727065,80.27071967732564,87.22237649686546,genuine
714,43.512938277451426,12,21980499.488915745,132.38019886958506,521.7456481255103,13.082718460416473,80.27069653166556,80.19915884111568,spoofed
411,36.16595970037924,12,22001618.50503635,20.712946113950572,-1275.9002112124801,13.082719460256355,80.27069289460431,74.86958999534342,genuine
703,41.85761364696618,10,21989242.541711442,20.123783668753862,-1632.6870805180156,13.082719340476903,80.27070079312527,74.93985499541732,genuine
552,46.574802715489724,6,22023617.093800727,104.38253344526044,639.511945662861,13.082678970436358,80.27070035458776,83.63064528057777,spoofed
261,41.33403127497761,12,22085497.197700605,18.193796908379884,-159.06528238309744,13.082682690040569,80.27070887398618,77.73070070822907,genuine
854,28.713184387473206,4,22037472.85077033,22.32041910728453,726.0421898388449,13.082680363923833,80.2706960598619,83.10356419614274,jammed
644,41.61375793229988,9,22060517.671889566,94.40132951457232,1707.2513811317801,13.082706639129713,80.27072047211549,82.10506651230276,spoofed
942,40.77255183187882,6,22011178.605664976,85.48756050695792,-1227.6496543588578,13.082593239900959,80.27176819101646,80.5569253066554,spoofed
269,42.00021098272853,6,21947405.63635508,12.289980482370144,-52.03653817504728,13.082685499614124,80.27071203480249,78.23084981216293,genuine
586,18.07762797280902,2,22019352.936469786,35.06093822803133,884.8779399968479,13.082684383821231,80.27071105126021,85.19571915742091,jammed
149,42.39262141861336,7,21925394.70822635,22.235293480155512,-219.19341191760248,13.082703175501575,80.270681390135,77.03421746330959,genuine
107,41.152417310248595,9,22063226.9904669,14.560821606981502,-1111.6186817745006,13.082716792533457,80.27068985361015,83.20855324506927,genuine
752,25.38558953263698,3,21962768.83217807,16.632600587665895,-35.886970318414626,13.082713442299005,80.27068380305496,82.13474805394593,jammed
481,46.75325642180608,8,21907134.08467032,68.10325675950982,1182.4507034797355,13.082696268491652,80.2706799849103,82.80228887479403,spoofed
602,23.632984300894698,5,21959773.66848876,50.78375305358285,213.30995758270632,13.082692263859947,80.27071644991092,79.77431309743578,jammed
863,44.01390316722961,9,22063429.07187004,154.24257586755954,1523.15104656281,13.08267957422775,80.27070077168187,73.28623025358745,spoofed
1,39.40003973439876,10,22016139.873204663,14.389580560143042,802.7810327021311,13.08269992144484,80.27071939530352,79.79626821091404,genuine
384,37.996805157202864,11,21918695.775568675,16.98204251103534,237.10641609340374,13.082718599142117,80.2707046203274,80.60612091844678,genuine
530,41.095573806389574,12,21926409.38243379,15.066183364008351,-771.7907544090738,13.082678920324792,80.27069279187207,87.45783258224382,genuine
588,42.58862092077483,10,22007922.402524985,12.387937842844885,-296.49044283188977,13.082685343582138,80.27071274119525,84.37870481880475,genuine
656,26.30771006597028,1,22036574.620397046,40.50405614759964,948.5890244486093,13.082710432225772,80.27071621099878,83.05677210129105,jammed
922,23.052939101755506,3,21968395.708859555,72.3524238935274,-303.17958975409306,13.082692994470953,80.27071820347251,76.2383258126659,jammed
453,47.19245132263438,8,21956439.19639871,18.630145165195707,-44.362699846331836,13.082707109543206,80.27068236484382,86.91260321204113,genuine
686,24.19870759618866,5,22011721.555824105,27.93469866065937,463.2212481750072,13.082718204963312,80.27070894911509,81.69052960753164,jammed
639,42.72513211319932,12,21961755.427690543,58.50436818330659,-2490.1600951862074,13.08270370063594,80.27072028141401,78.2429836599726,spoofed
983,29.29881349170048,4,22038107.462097935,92.03409410746342,629.0452756935131,13.082715378555964,80.27071323921271,68.13111973232287,jammed
542,42.69188654536339,7,22051324.93374986,121.31996319407035,-1369.389456593033,13.082679470383054,80.27069744485772,75.89994398680248,spoofed
700,44.78241472915066,10,21907184.421644278,20.292764080709077,-674.5061264093995,13.082720749113657,80.27070259583256,86.27703855243321,genuine
95,22.064386605507956,8,21930677.88733649,39.689690149089046,150.40266647950293,13.08271977451786,80.27069359998033,81.91584511328097,jammed
710,41.96588302051176,8,21985282.613823637,13.285776735450817,-205.854308212538,13.08271972558235,80.27069711350792,75.9251534666699,genuine
215,45.92741337372492,11,21971262.371036444,83.44494260174778,-416.442138289818,13.082682103128683,80.27069285119838,85.9526235247782,spoofed
855,42.03496305466323,7,22032577.031032197,15.324715437753714,-159.7054597421063,13.08267975389655,80.27069682683172,86.8539828038192,genuine
332,18.170944664090328,5,22077940.812389955,78.54266139789839,-434.7545115248363,13.082706740276482,80.27072126863999,67.21160131082996,jammed
646,31.783106080628006,5,21983391.57350805,123.04436499631964,2257.2638621541655,13.082704056477725,80.27071911781663,84.21343601988632,jammed
529,25.60960046493482,2,21933326.28406329,67.07132293073468,-491.2159632218822,13.08268127600596,80.27069058928184,80.20927237891239,jammed
713,41.96978837302933,11,22030542.24582054,20.10441410501237,897.7024158679254,13.082719455408135,80.27069857558381,76.53347886399789,genuine
921,41.72657849175847,10,21961352.41268766,98.0493743751183,-1084.729784998719,13.082692283002736,80.27071954335541,78.8594240914218,spoofed
678,44.4039720116231,8,21940134.899302702,114.37489402848735,1499.5194329717024,13.080888952809277,80.26995905116253,77.55794171967231,spoofed
687,50.34675295474946,10,21904749.74900286,98.53578074417008,-64.34646971901861,13.082718382896573,80.27070579483313,77.79421126527278,spoofed
235,42.338825810798156,6,21997853.6102726,92.0409014472926,546.9213742570191,13.086822790929684,80.27183882540106,84.59073112603917,spoofed
923,22.894004505250706,7,22030811.769827664,67.48068408330003,35.1109379160236,13.082692145720706,80.27072039228622,78.53066551263205,jammed
819,39.151427497271065,7,22024806.03540444,20.437273100742324,-22.9426301398395,13.082687521947394,80.27068610979723,77.5838464601727,genuine
505,40.95766882471604,8,21980255.877159894,127.0229701641827,1317.5260867355225,13.082687240634929,80.27068461375312,72.69637347014024,spoofed
485,19.863118276088073,1,22008531.25392699,29.93876579775478,245.07624512592508,13.082695151369808,80.2706800023271,88.04815528515817,jammed
98,27.293071518510608,3,21963521.14029322,37.3507826024285,511.37521162495136,13.082718211526252,80.27069280410562,86.07278427976972,jammed
851,28.511261441829774,6,21991181.702475533,45.00309844944746,-629.2482684759633,13.082679479389649,80.27069523698839,86.43383001978528,jammed
430,39.54312332746534,10,21939091.076432038,106.61446135640553,-654.529085677483,13.08372077633468,80.27118732215973,75.10302916548615,spoofed
311,43.95511969358338,9,22026175.173618793,129.10701214317297,1527.6679202783878,13.082700714109924,80.27071899852406,85.45953217880925,spoofed
19,41.53677415738969,6,21916893.50009644,132.79995597884118,1220.5682512659826,13.082707509703162,80.27071816598604,70.36239432141626,spoofed
52,38.357110450360835,10,21959837.995402414,25.10319849387916,839.1622930891538,13.08271849091493,80.27071111172825,88.43997720734232,genuine
31,42.177035945249564,10,22061415.715760395,74.92714350988257,-1036.4195757378911,13.08271138452291,80.27071673277186,84.5970639587005,spoofed
318,46.16583936723238,12,21999947.54054147,148.32829457781338,-1728.607800976854,13.082701495021256,80.2707208244236,74.62653149154116,spoofed
754,22.570757188311674,6,22058283.60449419,46.42986350315427,1354.1120179160284,13.08271087403162,80.27068405662446,77.4933990364086,jammed
20,41.53784409113685,12,22010514.564554308,12.067421745400178,-243.5822461972216,13.08270874299464,80.27071801792457,72.72221539343955,genuine
376,29.649211016299887,7,21971909.67282372,46.96266483066352,-548.7205956169275,13.082719075227887,80.27070900394764,85.79400430317006,jammed
908,44.909050171062006,7,21966335.371161982,164.16122811034847,2234.10084131328,13.082687281064183,80.27071404899307,75.44448727464476,spoofed
881,25.439297812086878,3,22025222.232383125,58.01479799528833,-1805.351272494303,13.082681140082947,80.27070491902796,74.67731487622001,jammed
194,39.23238579489128,6,22043652.830004636,5.451185471268596,1080.1360410096097,13.082685944855484,80.27068431308062,89.10316298602861,genuine
189,46.127319830578124,12,21968024.830455627,7.572304202388631,-840.1376957445683,13.082687432532403,80.27068294539777,78.65883400233366,genuine
703,21.063928277119157,2,21989242.541711442,83.87338523251603,-1379.4518639303396,13.082719340476903,80.27070079312527,74.93985499541732,jammed
264,43.17884630636285,9,22003520.956366364,19.359877498595036,-1429.3812750759282,13.082682589920806,80.27070734367244,87.73305705381787,genuine
573,22.190984390098166,3,22026534.696901236,77.18914787435355,-253.26817686030196,13.082681441430816,80.27070780517296,79.57213660105687,jammed
505,25.95151235534745,5,21977402.451007325,89.37362373312456,169.63903821803083,13.082687240634929,80.27068461375312,72.69637347014024,jammed
411,23.612867083183005,3,22001618.50503635,60.20352272847003,-1090.5516562349871,13.082719460256355,80.27069289460431,74.86958999534342,jammed
776,38.85159391118669,12,21945957.867985994,141.43543818276447,232.76141450003445,13.082704845516082,80.27067832379352,83.36077489100354,spoofed
751,43.88339078614657,11,21921496.864810847,142.7794385376689,-2167.862328044449,13.082715940559908,80.2706836960926,73.43780573899738,spoofed
308,42.96256021977209,12,21978568.670298338,142.7844608856792,867.7359121675836,13.082698516516437,80.27072096628,83.05789682510404,spoofed
519,28.798699596083317,2,22079510.94028109,43.08886112303403,94.45925288414053,13.08268402273134,80.27068758382659,80.75940741644645,jammed
579,42.90863584459768,8,22002824.834599663,21.338117804019525,-972.6386388071003,13.082684558268493,80.27071111390609,85.90613382207496,genuine
484,44.10848452230067,12,22025938.11478867,76.78221342209605,-74.12277398901836,13.082694238389896,80.27067924575874,72.08522290138882,spoofed
553,48.39427780194022,12,22002650.140920933,86.43549960116583,1635.0740573926016,13.082680038492727,80.27070211824662,81.3694196912984,spoofed
714,27.010485263404625,6,21978289.978337057,40.57556996985441,-119.0813246146748,13.082718460416473,80.27069653166556,80.19915884111568,jammed
48,43.69728390767974,9,21994752.092199992,18.937413521927628,323.6361544689254,13.082715417037845,80.27071026638282,85.27020798081836,genuine
599,21.798927556651076,8,22004729.626647886,77.59351400492335,597.793393206364,13.082689442416765,80.27071712353897,81.65193877827991,jammed
829,15.0,0,,80.0522393602631,,13.082684708884377,80.27068741445072,86.59519667957616,jammed
235,18.416442242804052,4,21995456.453518704,43.75168400249843,-938.5658227563504,13.082679845471349,80.27069759466956,84.59073112603917,jammed
223,39.289029819416584,11,22030314.557805434,20.196845224592767,364.2387507332609,13.082680921008427,80.27069604201498,70.44092420124248,genuine
39,43.993693730294275,7,22100073.905216172,77.93979105491456,2840.464727282385,13.082714057862104,80.2707145754127,72.74910314894869,spoofed
358,41.294848397765946,11,22034002.22612347,67.6225923107904,-1112.1713232284499,13.082713612108769,80.27071133743136,73.53682599001054,spoofed
761,15.0,0,,28.888010901307887,,13.082709863718572,80.27068117392153,88.37179620093411,jammed
574,45.768831370220326,9,21991550.653765295,34.72861426036141,-828.7942002159868,13.082683521112479,80.27070835067244,82.05275817529147,spoofed
829,35.317913917242656,7,21880830.564852133,19.550507474698854,-746.5804405514681,13.082684708884377,80.27068741445072,86.59519667957616,genuine
157,28.56947213736891,4,22026814.848459046,104.65780705333285,837.1759992016662,13.08270045869354,80.27068077715383,75.81483173388054,jammed
990,27.08512596162739,4,21994283.891599763,90.88762632598548,-1047.5931750898158,13.08271706934674,80.27071106613546,81.69136111913606,jammed
242,38.739629581578534,9,21991441.372233275,137.01963793708353,-1026.8040974303167,13.08438038654034,80.27171794553612,85.04025131430296,spoofed
964,41.91097315952477,6,21904170.12662409,18.861057386762525,169.69096090497925,13.082709244719341,80.27071907943643,79.7377711675225,genuine
473,20.420025712884947,2,21978477.083326902,85.65326297404147,-432.810294685945,13.082698963141679,80.27068013344258,91.9868829479885,jammed
286,42.6592930108913,8,22004771.951924387,11.6946545209643,-1481.9383319911637,13.08269054964582,80.27071537373354,79.84207625393435,genuine
748,42.31933037032713,6,22048340.270798746,92.27050801245967,1763.3528943346516,13.082714425171178,80.27068656502144,68.29153479571778,spoofed
97,39.5068829309963,11,21991308.11499527,17.34912461602483,1440.7924805509895,13.082718892371794,80.27069371722446,83.93161834145789,genuine
784,39.81642535866848,11,21903191.402397424,154.04704736124853,152.97873807653264,13.082702534535594,80.27067785221206,85.76291289450697,spoofed
938,44.75533580097235,10,22002658.174527235,144.64912677700178,2442.9573724730885,13.08269923008606,80.27072145831627,83.76392218682186,spoofed
656,39.82878367507619,6,22033874.087228213,85.58924755325151,-824.9158689199071,13.082710432225772,80.27071621099878,83.05677210129105,spoofed
795,41.693288406262184,6,22022333.075763945,13.91428193461843,-353.4846258342955,13.08269666313619,80.27067982120107,88.87849016182857,genuine
174,15.0,0,,41.53291552072257,,13.082692573294253,80.2706816571877,75.44546392900021,jammed
285,40.821187981375125,8,22040459.736592658,22.522533592946132,300.0865310033526,13.082688637904798,80.27071641593814,85.77442655362842,genuine
557,39.41934332355541,6,22057947.479118846,10.482327767118639,319.28256423860256,13.082681303379625,80.27070168142855,82.61163771427299,genuine
491,43.37091325003162,8,22007261.781282064,122.26431648569212,-2380.225239679779,13.082692689697529,80.27068138042532,74.43834042609322,spoofed
959,42.704184828442386,12,21981496.2404851,64.56241430581528,1393.2170471558197,13.082705763868011,80.27071889625854,78.36653705706524,spoofed
515,24.78269626408375,4,21936772.900402606,128.92377897061706,-116.15160287708153,13.082685427215385,80.27068554273704,72.72678063570947,jammed
926,41.575700508949055,8,21985963.329957463,14.423325025963319,612.2740289090283,13.082692328033584,80.27071956461718,79.25383457410005,genuine
133,41.44444325725307,8,22018753.107594617,10.91603410364872,981.5527011487511,13.082708565572602,80.27068294885632,77.327646891437,genuine
812,43.7430473821493,9,22000003.753990516,142.60259624887323,2947.9137366948653,13.08375778461015,80.26630826717515,70.92619125662401,spoofed
893,22.472151419119506,3,22056154.731522076,20.631273194948516,-1381.5268758302777,13.08268235375175,80.2707104444833,72.98964480377973,jammed
602,45.1861180423531,11,21959773.66848876,11.717569465906381,654.1692850103299,13.082692263859947,80.27071644991092,79.77431309743578,genuine
773,35.02037589771159,4,21907683.149443977,33.916157433278144,668.6319791873672,13.08270564924336,80.27068053250981,89.31246086026187,jammed
887,18.60212793622062,3,21923356.756082363,115.3481833072116,842.0720477974066,13.082681421389488,80.27070962889759,80.39462606341613,jammed
792,42.1164753617598,11,22115085.577739853,126.09487785985037,-2058.701009514528,13.082696601343724,80.27067921820128,87.69925743265122,spoofed
949,32.87896793696304,11,22040967.154852986,20.53003145751393,81.04564412261084,13.082703763224012,80.2707198633311,79.45259545196467,genuine
935,28.894184310182165,5,21923890.03624043,25.65781032538631,-7.041934430573029,13.082695512538285,80.27071887229363,76.40282221741552,jammed
996,43.917057179460606,11,21964911.65268666,10.223442455900956,-722.7860297790725,13.082715193721999,80.27070917490835,78.97739230413401,genuine
914,43.559658389182985,11,21970597.056690287,153.94934370639749,-2257.8144657064477,13.083159532103453,80.27075996707245,81.20460356228077,spoofed
11,43.94447983857237,6,21894640.382633515,22.608502263684795,-144.98482763736092,13.082705114143002,80.270719004497,77.20381783302503,genuine
311,24.690270042687953,5,22023851.756361324,80.14810172744136,-533.4072603282748,13.082700714109924,80.27071899852406,85.45953217880925,jammed
733,26.539669593301497,2,22109293.188320883,72.87112256718811,-765.2370165238432,13.082717695304543,80.27068935041332,75.31425396743433,jammed
442,42.904804634822106,12,21941903.279680997,22.108134890411044,375.7818717880388,13.082709369225954,80.27068408741472,77.26118185826563,genuine
861,39.85888215699388,10,22008891.575048406,34.24266614546791,1487.667894495534,13.082678098515839,80.27069963258137,80.7374532721647,spoofed
157,44.456848777557646,12,22026814.848459046,21.432950656436166,682.5861302952608,13.08270045869354,80.27068077715383,75.81483173388054,genuine
313,44.75841633239853,8,22004939.989670575,148.93810825799852,530.3408368811744,13.082698967893316,80.27071943225627,83.88967110013772,spoofed
505,40.64126123016841,8,21977402.451007325,21.245113484367476,202.56360823627983,13.082687240634929,80.27068461375312,72.69637347014024,genuine
239,30.33713549827977,4,21974174.46289196,50.655126172874255,-0.6693911978576281,13.082679657361187,80.27070101506581,82.97873953355858,jammed
736,27.26217113310378,4,21946121.933556635,62.36919222715403,389.6971375696446,13.08271511167758,80.27068985675555,85.31266758154959,jammed
18,44.196125753268184,8,21900126.665355507,19.024402829311896,860.5783739953536,13.082706296795793,80.27071809798281,79.31144279609717,genuine
370,26.311502152840994,4,22007861.64217181,26.200196877915115,-865.9758347922793,13.08271806067271,80.27070712188022,82.40587044337269,jammed
200,42.84393637199734,8,22020510.600783978,19.771741645458487,-631.8048640998238,13.082685224951197,80.27068912823073,74.56382339205823,genuine
646,43.538141917421406,9,21983391.57350805,30.158812075553172,2763.237121795345,13.082704056477725,80.27071911781663,84.21343601988632,genuine
750,42.40478249003594,9,21971297.64405709,81.82172148399181,1120.942548732755,13.0827131462978,80.2706860616242,82.33338399040383,spoofed
777,45.84208797896148,8,22028587.679572478,51.920365436106216,2660.584426007602,13.085000194338303,80.27077047522528,72.6951169632243,spoofed
47,42.558988871936705,9,22011847.76943596,13.397298108312262,-123.22665326069323,13.082714298364193,80.27071239811335,83.397012123633,genuine
553,24.750809096976333,8,22005112.832982372,82.8392577571202,-324.73942353540497,13.082680038492727,80.27070211824662,81.3694196912984,jammed
112,42.045792597160265,10,22012512.849003375,99.6538046292305,-118.93907074205276,13.082716983375699,80.2706876941678,79.70980736047102,spoofed
566,42.16111220415403,8,22085569.99817771,92.18089193717573,-1107.9591934082,13.082681845117007,80.27070550475821,76.55760544567103,spoofed
760,23.100994108036218,4,21940877.471389677,40.32960246577041,894.9199723951017,13.082708472313572,80.2706834518204,78.46994938451596,jammed
420,22.00873985629518,2,21847618.37173236,111.45937038712482,456.5891276776632,13.082717194288497,80.27068992819207,75.78758978715636,jammed
611,43.91833288988363,6,22069250.33021963,56.94338821134762,-1010.6631887933606,13.086031736694997,80.27069946136162,82.09224684492462,spoofed
651,26.04869882260916,4,21952866.004273433,94.12851994302139,-24.822706569533523,13.082710349875855,80.27071746265152,88.04582484413791,jammed
914,15.0,0,,55.77818775592983,,13.082689720333537,80.27071619445222,81.20460356228077,jammed
897,39.84420510131114,7,21917005.605929017,11.021605791647069,-860.3358052950547,13.082682596512496,80.27071266724177,76.27434591384656,genuine
62,22.721069229138294,3,22038576.662988096,56.5597912250622,482.8669564291415,13.082719378065649,80.2707069896484,78.818667774845,jammed
657,42.44349028659235,6,21957662.7953558,17.092495372751923,300.8556770566169,13.082710900308268,80.27071561876636,86.04607696342231,genuine
593,36.527279688375465,9,21968045.442135915,54.28244536380991,-1540.8186475366736,13.082685582218657,80.27071702648654,84.18926674434069,spoofed
225,15.0,0,,48.93805907489303,,13.082677703783784,80.27069593638439,87.58012562274763,jammed
462,39.44723550562523,12,21939207.370678242,135.3133057293537,-397.3994885756623,13.082343753566427,80.26890265388101,83.10625805447528,spoofed
10,15.0,0,,75.6557081365657,,13.082705574957995,80.27071865594888,84.86870146715665,jammed
452,15.0,0,,50.79398803486884,,13.082707861545794,80.27068057377942,83.79666885729235,jammed
413,43.87358474931935,8,21976508.174575064,9.00441436927385,-832.4806838732037,13.082717861018558,80.2706928175403,80.26425654934475,genuine
976,31.55154089993159,2,21978338.367168847,37.386501093205716,-893.8300593637648,13.082711948402943,80.27071592008694,81.88202285743614,jammed
254,41.386805385144726,11,22044642.790816147,18.748827768290617,1039.4775444428324,13.082679587710443,80.27070705792165,78.15393354265595,genuine
266,42.66880088456892,9,21958135.176200595,60.78810151694487,1569.816762422376,13.080801760281911,80.2697031417009,78.06094657312863,spoofed
309,49.53158934160068,10,22005401.57113823,54.9868925798989,-230.47400926266948,13.082697478018837,80.2707195827157,83.355062136055,spoofed
684,40.911481317640096,12,21981329.553158805,16.900116495243065,-628.5416226140023,13.082717280180226,80.2707077431939,80.36898490884687,genuine
300,46.31837553541046,6,21983715.094496313,18.37803316582239,-136.98619527386097,13.082693530972117,80.27071959543613,89.6045041104301,genuine
128,40.40062116812563,9,22058775.32882544,16.057300761819587,841.659908818994,13.082711833233976,80.27068160174775,81.96249468500807,genuine
54,27.954209473410003,3,22019775.455318127,48.86549614590266,261.86888224512654,13.082716820081474,80.27070842146091,75.21527825505449,jammed
347,25.36015000742026,5,22043947.701385044,75.3047790945641,442.7686498658676,13.0827106758626,80.27071582753287,83.71413669977777,jammed
362,22.085633159387577,4,22052187.169886027,42.676593418352574,510.00791732830555,13.08271570346414,80.27071150118256,88.24287361486934,jammed
10,46.664846113846124,11,22024062.21749578,129.5127653363925,-577.7230037431946,13.082705574957995,80.27071865594888,84.86870146715665,spoofed
846,49.94713419841884,10,21990496.41635496,18.82057202750895,897.4273207876704,13.082681473806394,80.2706921338835,83.33533425262475,genuine
606,28.693253575508677,6,21914275.705225196,27.9699478946464,439.33856207448764,13.082692972307026,80.27071733188504,73.35274092668796,jammed
386,43.09909151504248,11,22071105.317496177,19.468993729677283,1125.2924269205157,13.082720092758699,80.2707023094317,78.84597067255991,genuine
651,41.56456816548761,10,21952866.004273433,19.178074639431223,75.45612510487796,13.082710349875855,80.27071746265152,88.04582484413791,genuine
258,41.52274176029418,6,21969940.18323272,51.657427132734306,-1152.5391246378854,13.082680540828642,80.2707098047582,82.99913387730325,spoofed
805,44.74994912585521,9,21975488.89249806,17.751268715168496,-354.6959036217015,13.082691592182977,80.2706830878876,80.81940384538021,genuine
983,42.85554071038224,8,22035616.83042006,57.824850248981136,2112.386076866185,13.082715378555964,80.27071323921271,68.13111973232287,spoofed
366,40.14102942796859,10,21945769.468878187,18.16434161778644,571.2909988426405,13.082717811033818,80.27071138483471,73.52516510762784,genuine
367,42.332461270060065,10,22068947.44495227,88.4169904482388,-3100.8154781576077,13.082718082164318,80.27070879597244,87.73216948078026,spoofed
294,42.526144051796635,11,22052326.710661687,58.549555289433236,1565.8498412119088,13.082692732265334,80.27071977106681,76.88589581738587,spoofed
924,41.93475196334719,11,21885036.67163703,61.495043656056865,-454.3370326531847,13.082691565199028,80.27071855440894,73.68124840296738,spoofed
857,32.82266603600689,3,21998137.537372395,66.96285032573894,68.0563321153877,13.082681183669607,80.27069930410384,69.38181270478535,jammed
674,43.91502839570072,7,21970256.44234865,74.32737578556248,1434.7391012066298,13.082718066307246,80.27071430073697,88.95361369340586,spoofed
257,29.83173986576612,2,21967181.455322593,18.181948399754848,-543.877453168455,13.082682306086497,80.27070941106808,76.00832610630587,jammed
859,44.967636178971986,10,21940119.371217694,163.2098431842837,-1584.780771893985,13.083125857196418,80.27318417602125,81.003534290808,spoofed
458,42.83267593154564,6,21967301.843318153,2.4195240211361693,-326.18461728354663,13.082703411941239,80.2706811237563,83.53190073212292,genuine
12,27.21910099641666,5,21997843.320517953,76.13380074635796,9.201316151375863,13.08270374600466,80.27071820142882,80.53843159747484,jammed
366,27.731674916388332,6,21945769.468878187,67.94918675129784,423.92214379164716,13.082717811033818,80.27071138483471,73.52516510762784,jammed
746,49.518488750541884,10,21958819.498045616,65.86772401499235,671.902836442988,13.082713479601697,80.27068586106087,75.28909501520347,spoofed
30,29.613090218957975,3,22053943.951951485,64.43312021264045,472.36366861482793,13.08271010552636,80.27071509675882,85.49675871143828,jammed
737,32.37110180368177,2,21935654.62797318,25.76247999182149,-56.36026819565359,13.08271593307693,80.27068856058605,74.38688405705842,jammed
87,42.03123529681922,10,22027510.124801323,14.565200121969895,62.760104622329074,13.082719863111754,80.2706981341662,80.81045904279421,genuine
626,41.73006813921085,6,22003509.366610475,159.15719942142056,1418.3182129995212,13.082697650291387,80.27072098021074,80.82977657451026,spoofed
328,28.043837485387126,4,22032227.9205992,44.003000705756065,-408.6109435749087,13.082704880046293,80.2707190343473,85.29559330104092,jammed
756,17.3855059606408,3,21995774.005924426,56.383192061448085,-335.64606665114695,13.08271251967631,80.27068407690571,77.6290669207263,jammed
18,31.14429714312594,2,21900126.665355507,87.36767474710464,986.1425799854289,13.082706296795793,80.27071809798281,79.31144279609717,jammed
850,18.310849163596274,5,21951509.980244245,63.65359577693622,-335.55917162576065,13.08268010379959,80.27069568508317,70.71306583142542,jammed
859,32.95738253836876,5,21940740.770973384,61.52926815640277,-1202.5602259560444,13.082680092626955,80.2706995840337,81.003534290808,jammed
876,41.96920176767672,10,21988078.182450984,7.318638429778776,-471.9050652430444,13.08268088626076,80.27070689851618,83.03115102942172,genuine
444,41.14303462283905,6,21959919.057961576,11.246376908674439,1184.3624271445483,13.082709410993305,80.27068350621363,79.54517552604335,genuine
161,40.18693483866062,6,22019423.710042577,16.34081390477658,-186.28057289246792,13.082697565868393,80.27067811164446,77.98463069496928,genuine
837,35.05629840923394,4,22013037.71920706,18.298557593473102,1727.4833550900778,13.082683136827336,80.270689490143,78.17451011994623,jammed
249,39.07108342793664,11,22033561.400580686,20.09755458832315,2239.7577774698475,13.082680523893666,80.27070580928587,82.62536020431034,genuine
594,39.39250020226534,7,22024516.7700336,147.0898513106761,1293.609017960359,13.082689355696056,80.27071478531677,79.78926593143655,spoofed
980,43.15842451508172,11,22001824.037780713,18.05371077898097,410.0759947449827,13.082712578080212,80.2707137551628,83.17755222260166,genuine
203,43.33563543145761,9,21915199.470953688,137.92628034462768,426.2810806016629,13.082685186408785,80.27068724646502,78.37420298498122,spoofed
460,21.981593848744648,5,21948773.55435435,34.10856678180009,-1541.865258959497,13.08270652282254,80.2706806329099,79.79331359518045,jammed
277,19.884270864312555,6,21935232.9407767,49.11089991682753,428.14019984547843,13.082686126759183,80.27071467199198,80.1487537232943,jammed
173,38.93598559058188,6,22014097.793369707,14.900491645467072,-1387.5086099591208,13.082695591777792,80.2706803585369,79.43715046516004,genuine
580,17.839815862391244,5,21935693.49816456,49.245554101094065,-636.0866613547736,13.082683582473187,80.2707087730761,68.60655498277322,jammed
635,41.613085544907186,7,22005828.483805206,79.99823020758353,3267.6326035015354,13.082701728043011,80.2707196799183,80.09412548290524,spoofed
287,18.401542966660983,4,21878181.216837633,53.12940889430368,-904.5977147044443,13.082688812483738,80.27071593746517,74.22925532206536,jammed
822,39.094801218164285,8,22020249.115946233,11.650024515608887,-433.6646377556008,13.082687962153821,80.2706845913297,79.15091481952463,genuine
265,43.99455560835762,9,21943375.901447594,91.30328680167221,-2301.1771794466367,13.085892432562774,80.26958340936574,84.4189248063098,spoofed
665,37.73586945996121,6,21973923.06776068,14.742160802618931,-1065.3158080459866,13.082713338154447,80.270715141577,79.54963902095697,genuine
512,21.493373172748385,3,21944453.445239212,45.06465290801766,190.99002814845213,13.082685867127047,80.2706848641354,72.10140651402787,jammed
480,43.799111746659634,10,22040190.786526784,89.49428149701788,-419.61321117592934,13.082695893265923,80.27068030994825,70.66469909552518,spoofed
580,36.654086386669455,12,21937429.37617022,135.17332113403558,-2795.0769425696803,13.082683582473187,80.2707087730761,68.60655498277322,spoofed
486,40.5302345870441,11,21969258.814716905,129.68930195498132,1960.6119896897967,13.082694376772578,80.27068236366902,77.20264628425548,spoofed
158,40.75176100365212,8,21980718.500923842,10.865954473034632,575.2744368706694,13.082699183811128,80.27068060449216,74.5307642935128,genuine
139,49.284656165018326,6,22014153.4294005,20.701047394683677,-137.15986519023457,13.082707388523433,80.27068128465966,80.38820288263585,genuine
574,42.47460848209361,9,21990199.78510775,10.773397675112157,-1772.2240924827765,13.082683521112479,80.27070835067244,82.05275817529147,genuine
467,25.40158706237723,5,21986455.318646453,49.521727578104134,618.1551205656523,13.082701948082988,80.27068166676682,78.89762708706841,jammed
900,42.32366681127907,10,21943601.849719405,164.19804278012762,2657.3070954333352,13.082685601009885,80.27071295310546,80.07350912639718,spoofed
742,41.77879600495178,7,21993598.91160899,44.09111798217002,1497.6109001943303,13.082715596125949,80.27068575571974,80.20683081840437,spoofed
363,39.61172040085251,8,22016845.698782492,68.33799784437582,-1985.0765891728167,13.08271604533895,80.27071233017075,91.19751439821869,spoofed
342,42.18008393308145,12,21987064.704915714,16.153361511903128,-110.43766022522688,13.082709551706076,80.27071620817676,77.401140246232,genuine
792,43.278054536368835,11,22113871.522427805,20.366289158945786,-544.0553232227281,13.082696601343724,80.27067921820128,87.69925743265122,genuine
0,25.084468328882227,3,21944800.56823142,74.31722778393161,661.3579154020291,13.082698626949341,80.27072035241939,70.13647887903082,jammed
584,45.52619338062791,11,21953190.082757268,114.14349078106761,881.6954874560884,13.082683818823275,80.27071119532188,81.6827211213799,spoofed
441,42.821655005706205,11,21998335.26302415,6.165190509349728,959.7838242753363,13.082711628372472,80.27068242586665,76.37091652633389,genuine
789,41.62237030598268,9,22022927.95681061,11.297420897494401,-328.2725851612902,13.082698858942338,80.2706803337001,72.19201477436735,genuine
513,26.98291506746706,5,22059439.205717694,41.316027891939996,59.58421925765299,13.082684355803147,80.27068639126522,78.33055594244269,jammed
535,43.59367725662781,11,22065412.330343995,14.500827097522748,-979.4427280338093,13.082682029166037,80.27069452089512,79.09774986436418,genuine
90,46.80627878018814,11,21920243.53082342,127.32396924745929,4001.0207145036206,13.08612117091881,80.27203422777505,78.17121640476235,spoofed
916,45.590754391408225,11,22078783.879608534,4.887764719782604,-108.12288562593271,13.082691184167496,80.27071733355453,75.44168811915624,genuine
252,45.55016354060676,8,22017612.46385331,147.1833596053187,-276.0676753465658,13.082679833464342,80.27070493458116,83.30336456501125,spoofed
43,42.5804033076668,12,21953486.765636496,18.072200614462375,690.4739628887266,13.082714050268766,80.27071361349164,78.82857148836318,genuine
385,22.857117125925303,3,22036242.73357781,77.21254967161713,-53.19110637721326,13.082719222050324,80.27070419952861,71.4695152989112,jammed
408,38.07242892900141,6,21991070.386089906,36.24645119881662,-2133.1542859804426,13.084390441243809,80.27013233905213,82.3311256132574,spoofed
80,43.14193809389353,8,21936880.535057142,16.906356950404877,-1518.3484148011971,13.08272035406506,80.27069933341811,79.61902163988026,genuine
539,17.63595402856184,6,22005687.40767431,83.73182175663305,-820.7811692643339,13.082681476822628,80.27069542015006,77.70192456963038,jammed
270,40.19610491614288,8,21992785.781073987,11.529783380711791,935.7969447884134,13.082684912720286,80.27071282637691,76.8372198182635,genuine
652,32.394741364075934,4,22046828.46779284,32.03371485596389,1747.189040192768,13.08270836176986,80.2707171208653,82.83200676329622,jammed
832,18.594922999364695,7,22073496.86154706,41.249301491580134,515.1671139017094,13.082683128994347,80.27068764059321,77.73565657310432,jammed
475,41.15185379028996,8,21988208.28780929,20.140267826995917,-1250.964094834519,13.082698318874126,80.2706804940746,81.04601246243321,genuine
532,40.87858947992911,11,21869905.584247414,8.208683025706053,507.7685136720034,13.082681080946461,80.27069239366865,80.984896522963,genuine
725,43.49310538595088,12,22007027.570904702,159.2505049974367,465.63209396407547,13.079217637617552,80.26988603769624,83.25369713828614,spoofed
510,38.42224769341584,8,22054259.956338137,152.13777382189613,1084.671245405809,13.08268441185655,80.27068625992916,83.5352036254845,spoofed
876,43.223914724621885,10,21990820.117782377,150.14400636852298,1945.4609433293615,13.080847441104243,80.27199676346612,83.03115102942172,spoofed
267,42.87939102099801,11,21968495.874487218,12.332402371585603,242.43862634617344,13.082684112471615,80.27071114855107,78.49841013419464,genuine
233,45.014634052220586,12,22003663.765729286,24.206278072134523,225.67031266790377,13.082680352291435,80.2707001000773,89.156501602887,genuine
201,45.645772679543484,8,21973937.584730558,119.65607291985094,-1198.3206243223901,13.082685321732924,80.27068748116515,78.55332505873508,spoofed
27,41.45594640605691,12,21988615.487513877,44.06271396383102,986.3745191231092,13.081691836961912,80.2689280688456,85.35951478091329,spoofed
427,30.430863519028833,7,21903924.77347257,34.22256616046386,-706.9527350662861,13.082715662629047,80.27069004132026,78.9989359518875,jammed
287,42.13116699589061,7,21878181.216837633,17.50542716311233,-756.205241498701,13.082688812483738,80.27071593746517,74.22925532206536,genuine
91,29.075208116110858,3,21882782.834579058,41.173241228627454,-946.7851981375836,13.082719888067643,80.27069450304056,84.22285429858239,jammed
733,41.53082252267887,6,22109293.188320883,18.07792643930644,-534.699746639627,13.082717695304543,80.27068935041332,75.31425396743433,genuine
451,46.04596079707926,6,21960843.94161278,65.0142609100204,368.4097955248908,13.082709261353106,80.27068245954766,89.77743271981895,spoofed
512,42.24869368253935,8,21944453.445239212,20.30163602389847,375.75737558828257,13.082685867127047,80.2706848641354,72.10140651402787,genuine
810,41.49479188652649,6,21975338.907724705,17.57979238383922,0.2160832705437614,13.082692355490757,80.27068447006081,77.80575330026691,genuine
119,42.470322684986506,10,21967416.878304396,141.64506200575005,-900.6548650537492,13.082713250682755,80.27068629622401,88.41874061312492,spoofed
939,32.10541467990656,4,21987869.047629986,20.175446901390877,1195.1034899891943,13.082697671458464,80.27072029226127,75.09689594616289,jammed
815,42.7786320857586,7,22041320.36549466,12.46915366653833,261.0391547452487,13.082687856499316,80.27068397056796,75.71942406484698,genuine
828,45.035474572321256,11,22000585.820885967,18.89414858560516,93.17473204113753,13.082684107053742,80.27068632796507,84.15198874553771,genuine
44,42.44678372509576,11,22074577.486578777,155.5041858476834,666.807740248178,13.084351789446707,80.2706116603528,78.40896763933708,spoofed
279,42.656873062867845,9,22055975.034040146,12.862178177039375,872.3775929108523,13.082686829962682,80.27071779420882,74.1612404120079,genuine
994,30.009636540662065,4,21999887.487774793,29.228172050659293,-916.8898959562532,13.082716428428224,80.27070951963151,79.17172093687925,jammed
250,41.07937760802992,6,21961267.407186896,20.800464233217753,-293.3430349204177,13.082681073963823,80.27070654171604,81.6495144079698,genuine
457,15.0,0,,43.39303218060188,,13.08270554144837,80.27067899735616,84.75582585389463,jammed
848,24.672514714083007,3,21990570.6933497,53.74074912803171,-601.9769779107173,13.08267898925836,80.27069292772454,80.26183161595068,jammed
789,41.56502774390538,9,22021625.784653563,81.5919529347042,1407.9796160953326,13.082698858942338,80.2706803337001,72.19201477436735,spoofed
886,15.0,0,,35.63221532979839,,13.082681248396892,80.27070764647394,76.03473111934713,jammed
45,24.90428326899989,3,21986955.008849956,65.61505343388714,-178.81070011817081,13.082716724372961,80.27071256476908,72.20791360141561,jammed
31,40.98396245903846,10,22059925.991825834,14.649935705935999,307.77865166818725,13.08271138452291,80.27071673277186,84.5970639587005,genuine
799,42.46687592317127,7,22061102.284864966,134.95770270389977,1122.0083102843246,13.086497133133783,80.27254369080033,75.71327123722912,spoofed
864,40.2662345885693,11,22078566.790804118,15.828060751163259,1563.754012328997,13.08267986618553,80.2706991841844,83.35742447504641,genuine
829,38.260986274401645,7,21883131.892275237,84.07128649699362,-2494.707902191191,13.082684708884377,80.27068741445072,86.59519667957616,spoofed
665,16.09813314248533,4,21973923.06776068,58.617367236588684,-1527.626689319287,13.082713338154447,80.270715141577,79.54963902095697,jammed
864,23.198288342202446,4,22078566.790804118,39.18716073175991,1622.9507922989867,13.08267986618553,80.2706991841844,83.35742447504641,jammed
283,23.89029397911225,6,21943928.447699137,51.459104866312884,-388.8180784034682,13.08268825606137,80.27071755090061,73.82748860103695,jammed
842,46.3842275667527,9,22041726.277368452,17.439956854022938,-376.73712851588783,13.082682786787284,80.27069014141294,74.88525035909643,genuine
289,43.501923037883714,7,22032955.376693316,52.4323758192958,2180.856114175983,13.082690423600537,80.27071746508291,78.17034136476427,spoofed
300,32.16137551233061,3,21983715.094496313,77.19249798260421,-33.4174639274505,13.082693530972117,80.27071959543613,89.6045041104301,jammed
377,37.835434891573854,10,21968123.88959623,90.48859834968928,-2889.1540814075192,13.0808735220716,80.27109468932304,78.9943191107919,spoofed
790,40.5905362960643,7,22016694.35994386,133.06653952839497,-1030.0257335000904,13.082698541207346,80.27067880396056,82.71994807161309,spoofed
884,41.73344616104428,7,21996794.074363895,117.8691995992022,-2020.9009099571292,13.082682580931634,80.27070775365597,78.71737221328699,spoofed
846,27.12693968371488,4,21990496.41635496,43.9185036889802,583.1281496380453,13.082681473806394,80.2706921338835,83.33533425262475,jammed
309,46.33077901352486,10,22004617.701912723,10.722367735457121,786.3329651694095,13.082697478018837,80.2707195827157,83.355062136055,genuine
622,46.442757836967374,12,22004358.255208243,58.33284337629541,148.53298588080975,13.07944074424135,80.27085597171279,74.27699881106591,spoofed
525,24.3503182366891,3,22000734.006994486,25.89291964493388,156.0317391322652,13.082681629333647,80.27069039342695,80.62007659302803,jammed
490,44.71321751111478,10,21985506.219226256,12.764637040660677,-497.6060191213503,13.082693089914688,80.27068195978588,82.01761173726962,genuine
818,42.6830100571303,7,22002796.96750662,15.691117127371514,196.75784751693658,13.082687686594165,80.27068465327216,80.88384839112952,genuine
301,19.91057271219853,3,21983634.72848725,75.87220811839158,-1062.730707545805,13.082695147062669,80.27072158398292,78.25756960986551,jammed
324,47.858254097218094,9,21987523.009279218,50.388643411579295,396.89237516675865,13.08270253282896,80.27071995557945,76.91821473367443,spoofed
989,26.49291795337198,4,21994985.11662783,41.038701426034095,165.842410241455,13.082716845194176,80.27071261170411,78.03873190931924,jammed
648,20.423941392355083,4,22019711.8824721,74.67562450799431,-558.9472863025288,13.08270874984375,80.27071842752135,84.54530753902549,jammed
706,36.81419699021236,9,21989060.031712133,163.3398572295357,-3991.3263613914733,13.078578045331827,80.27070968334668,83.69472952061723,spoofed
278,48.15059446264758,7,22082806.568974353,139.02911787996504,2509.026170100717,13.08268741842672,80.27071610442249,78.67997753866102,spoofed
165,25.10815906864857,5,22119347.589978695,43.66537249295007,-315.3242866149294,13.082695222318788,80.27068062928151,89.83434321456333,jammed
892,40.979028431863185,12,22033427.767162837,12.496909270056733,488.80156786020785,13.082682804012567,80.27070913960664,81.01606881147346,genuine
392,44.42034899494607,9,22009578.462172765,102.33200494461535,-2797.7852720998117,13.084278456618437,80.26643072897558,74.84742248806198,spoofed
478,26.36975634523745,3,22084829.33414854,26.609327404664388,961.8701679423998,13.082694564982031,80.27068013201452,78.55692560615253,jammed
731,42.75827676287529,9,22010467.204326097,67.53553144348024,1149.6739076043273,13.082717762587173,80.27069068417201,73.68662743990839,spoofed
188,15.0,0,,24.893865496272383,,13.082687783841553,80.27068282883413,78.00517612336542,jammed
929,23.540592958768205,4,22005046.839586757,120.73585983078222,-799.9751144680819,13.082695389469643,80.27071922879853,81.03345036248012,jammed
526,15.0,0,,46.7302390723776,,13.082683312935966,80.27068913493066,86.07360737248891,jammed
521,39.7807608607136,8,21998595.846244797,11.845192014339347,1206.9756986580626,13.08268228846262,80.27069013959937,87.38918150004136,genuine
809,40.65450442224872,12,22017651.052193783,156.5142286906948,-2129.3373753039045,13.083230339582572,80.27144652768877,79.77621179382102,spoofed
393,43.14846442929153,10,21921939.853890557,13.014028450414632,-209.68337819570326,13.082719827778995,80.27070077682782,79.81826938166547,genuine
77,42.396349227691786,12,22017075.43427684,22.36706540720878,290.61046339802465,13.082720301889744,80.27069905201449,87.43745288961247,genuine
262,42.58042472406564,7,22113382.210194964,16.657708475668464,-1017.484147600708,13.082683574138333,80.2707098811664,73.95439347659521,genuine
764,31.783473010817218,3,22027546.219044678,58.50140910643267,-433.12053561201765,13.082708539531072,80.27068082016116,74.79380381843943,jammed
240,39.80784805458103,7,22045731.20269934,12.9860852944688,-356.9642114778099,13.082680073018798,80.27069989149174,83.38068692388428,genuine
721,44.82004714337326,7,22000563.884830933,8.415374631835268,967.616561954309,13.082718422639104,80.27069441008713,72.18098249897164,genuine
801,15.0,0,,50.84867134131455,,13.082693119717621,80.27067971451392,78.87539856247004,jammed
458,32.80182328557634,4,21967301.843318153,5.482268589747029,-575.2422224747983,13.082703411941239,80.2706811237563,83.53190073212292,jammed
58,16.687365764518184,3,21981726.52029429,16.791896125538692,-1025.1216827998114,13.082718694414828,80.27070735394715,79.36962231815045,jammed
808,43.77663720328896,12,21976549.86028326,157.30266328502162,-2095.040802769661,13.08269245557881,80.27068092923675,79.40706205587585,spoofed
799,42.09728301725365,7,22058247.222259406,12.085030581679662,59.82143130840916,13.08269472854631,80.27067959025929,75.71327123722912,genuine
733,42.149338584225625,6,22110225.575634826,144.04145787257124,-2530.4303298928894,13.082717695304543,80.27068935041332,75.31425396743433,spoofed
765,35.99607587698931,9,21882666.638628796,64.86237706896571,-967.3547006281767,13.08270845801091,80.27068107828433,80.36388784970775,spoofed
381,45.27387671215132,12,22036491.439450778,8.389020169562755,-898.5423856703694,13.082720391988124,80.27070413492466,75.62080022988454,genuine
881,45.82380825002921,9,22027111.75170589,165.60999028087068,-2823.9511794495775,13.082681140082947,80.27070491902796,74.67731487622001,spoofed
533,15.0,0,,49.41342145819291,,13.082681940315831,80.27069426844352,78.6885868949197,jammed
474,20.224483172985998,6,22039827.201526,66.95553407533546,-424.8823000037475,13.082699235713081,80.27068155679018,85.43555099244382,jammed
36,31.121238205899765,5,22015469.578507848,61.91623980593185,-165.81320379574242,13.082713477826767,80.2707156462451,78.47104767174135,jammed
210,33.16158967867397,5,22095145.373113707,70.24818990367534,-534.9480780578577,13.082683143831884,80.2706904216566,79.99493383731692,jammed
655,43.863884051021,10,21995740.86726281,123.37932981304036,-1421.1618680617053,13.08271180046043,80.2707165776999,77.77777738103451,spoofed
106,39.624944862723545,6,22056634.49102598,22.05658492938356,1934.2444288931567,13.082717102948529,80.2706909020188,78.47161069349247,genuine
85,43.217431201963954,9,22059481.10026438,10.044468422063247,516.0133514520483,13.082719480199879,80.27069781060597,70.25480715541038,genuine
226,34.14898988240751,3,21930115.69184408,63.89188939909074,551.8681281024064,13.08267946252099,80.27069697318571,85.60955534537062,jammed
39,32.69123828231362,3,22100437.769309256,49.773785914015264,275.70193985737023,13.082714057862104,80.2707145754127,72.74910314894869,jammed
474,43.547927792438486,11,22039827.201526,14.837628380412724,-827.776792547796,13.082699235713081,80.27068155679018,85.43555099244382,genuine
195,15.0,0,,38.34940366419006,,13.082687351836102,80.2706872926216,78.75873233683912,jammed
142,23.47741936806671,3,22048690.953585867,46.21956293763473,1299.5560877182859,13.082704896915253,80.27068205354743,80.9938533874436,jammed
549,43.82290539309662,12,21932317.098459087,55.4203818626177,-2659.1833434752957,13.082677875327994,80.2707004650924,77.87357401400945,spoofed
760,46.53707547383073,12,21943431.460942928,56.305896542576846,1984.0295248398402,13.081745914707602,80.26950013695397,78.46994938451596,spoofed
767,16.910750502714436,8,22006910.256467663,34.993888074160985,218.46334813803668,13.082707691451885,80.27068101673888,85.65678576126659,jammed
462,15.0,0,,53.45390558125424,,13.082701549555447,80.27068112099973,83.10625805447528,jammed
670,42.731638144537015,7,22061795.937657803,116.97954150730035,-1933.870933424243,13.083738391263273,80.2710463557239,83.86845945549385,spoofed
633,37.15790489844954,11,22021114.450956266,11.369277986568202,-171.08448079513153,13.08270213327818,80.27072119839679,76.14577686771096,genuine
547,21.949715838132505,2,22095822.24383677,27.09841570776026,58.77946336126301,13.0826804069506,80.2706975446915,69.23876467688181,jammed
629,35.968049172676274,6,21998599.110755213,16.21322135661931,597.4774485074357,13.082699762121408,80.27071971182902,79.71745526304855,genuine
180,47.47554629058094,9,21916696.80586442,42.082907842339694,4060.416386220114,13.082692470501136,80.27068155671068,76.78786660145782,spoofed
970,42.554704005253,8,21958332.921210255,60.79332111860664,-1913.7645822077052,13.082710947470614,80.2707158101005,82.2260635512351,spoofed
345,36.841904307988145,9,21970633.96186181,14.160629652868444,-1106.1905362389014,13.08271175626296,80.27071573214842,88.87091111751884,genuine
735,39.88091482022088,12,22021416.44959552,86.27478019692816,-820.3142242282711,13.081934415453219,80.27281508451813,78.30772126879043,spoofed
279,44.48108850652921,9,22056689.327049293,128.15199227202038,2251.7311822246784,13.082686829962682,80.27071779420882,74.1612404120079,spoofed
357,15.0,0,,69.5988162146903,,13.08271715233806,80.27071374552816,79.91235875858911,jammed
310,44.94352972244423,7,21903954.20370524,15.54351076406705,-2100.1173472774417,13.082697009816739,80.27071955360627,77.73779830243642,genuine
735,42.395297712262774,12,22024254.088353205,12.755611898598076,929.9704037455965,13.082717782812724,80.270689338599,78.30772126879043,genuine
187,38.93882742069875,10,21973109.43268214,19.978174030589162,109.41929385335925,13.082688110225135,80.2706830955871,73.07938286495735,genuine
830,22.095103207087003,5,22025835.140932422,46.64084489774677,-550.3697218097427,13.0826860608124,80.27069000795262,86.93860634835463,jammed
96,39.041223549853854,8,21930411.72169835,128.3056438713611,3326.527964124357,13.081787318089843,80.26866688880295,88.59118620725691,spoofed
966,43.589582770465796,11,21932166.816889625,30.065296764035843,-2072.5964465003326,13.081174704353002,80.27316499334022,79.22876586301953,spoofed
415,42.49447520485463,8,21960978.327267777,12.57505137869138,1082.0751278052362,13.082717268029553,80.27069299696095,83.15212643990083,genuine
516,43.67081504526999,8,22088859.142012887,13.233781540861958,205.16712868682623,13.08268312208813,80.27068819766515,76.96625578676218,genuine
917,43.323533517814305,11,21914861.069405336,15.647047684479345,597.1345757063684,13.082689709177913,80.27071645691645,77.64638038874247,genuine
344,46.04052420412802,8,21954965.390814368,15.376997715730312,-135.6690979978323,13.082711643801389,80.27071511590628,79.48245675785137,genuine
294,41.40787433872579,11,22050775.760824148,12.752582851151478,-394.29515825952126,13.082692732265334,80.27071977106681,76.88589581738587,genuine
96,27.104432418504132,4,21929501.514845807,79.77029420756656,1447.8712499841413,13.082720338805954,80.27069332734575,88.59118620725691,jammed
904,40.44448138676321,6,22029435.163910758,12.528300249086529,-1013.277015784674,13.082687272009313,80.27071508605671,80.08875486103588,genuine
856,27.328654406674993,6,22031080.065656047,63.40075740469922,-1029.1448897197356,13.082680547686726,80.27069602128165,79.47571306108483,jammed
889,38.3325270190959,9,22032636.183621265,77.67876363871243,3036.7068628106954,13.082683987787966,80.27071012217046,85.45286793686924,spoofed
285,41.110454201947434,8,22043345.51750723,44.26495219865306,1703.5473902433835,13.082688637904798,80.27071641593814,85.77442655362842,spoofed
212,42.72272298098455,8,22015134.753084037,146.19180350259109,2128.075223841212,13.082681841736864,80.27069133042066,78.28135664231073,spoofed
406,41.54716245044483,9,22052902.40368831,65.5728429896036,2256.5212637687887,13.082719367095196,80.27069441426995,86.78668791999903,spoofed
712,18.335841880970044,7,22021882.783676714,38.51425427980624,645.4890372777644,13.08271889382109,80.27069717260974,83.82402135863295,jammed
216,42.86820418047296,12,21885738.469564382,167.80528888714858,-1432.927673549993,13.080892634665183,80.2678744990619,77.97571833829076,spoofed
168,28.59035724498481,3,22089914.385046154,17.90426616151648,306.04820868113995,13.08269497183904,80.27068076131944,79.51248385541622,jammed
869,27.2933047926576,3,22126595.23388711,48.90771445669487,-1294.2032289571312,13.082680394119691,80.27070149790431,79.79541919113304,jammed
663,28.71092619789148,4,22033874.24210457,26.293945302889448,865.4924981690444,13.082712162521604,80.27071434425628,80.68618564483812,jammed
374,44.2953832891925,10,22012437.821059637,46.19150109154621,-1812.0712176632644,13.082718713298155,80.2707093243042,85.43543594626217,spoofed
260,41.40456564006334,6,22031439.814680517,9.012058554829213,-397.37976223496435,13.082681722055979,80.27070960890954,82.44455005878902,genuine
832,39.18054808777072,12,22073496.86154706,15.320684011890767,377.607654702459,13.082683128994347,80.27068764059321,77.73565657310432,genuine
773,46.023447582325254,9,21905606.37224485,69.39505774551257,-1456.8337127470095,13.08270564924336,80.27068053250981,89.31246086026187,spoofed
115,28.746170042582953,3,22014410.953154515,17.724738529680042,1196.8863003263555,13.082715011697506,80.27068759580978,67.50034637958802,jammed
895,24.43312327653551,4,21901957.720076524,30.301149347611528,878.6020612138948,13.082685341267764,80.27071157060313,73.82187950335658,jammed
530,42.33659224722177,12,21924124.017160073,148.04214528635433,-1799.6716185544005,13.08240532701042,80.27238520082052,87.45783258224382,spoofed
1,39.61591707217764,10,22017890.632383943,97.67509271196938,-739.817738398048,13.08269992144484,80.27071939530352,79.79626821091404,spoofed
737,44.562311707369446,8,21932715.475208163,76.53107370554294,-1778.5881601790186,13.08271593307693,80.27068856058605,74.38688405705842,spoofed
798,43.19916498361626,12,21979203.38207413,48.58220263988854,2799.1114258794623,13.08269743993485,80.27068007266719,81.94312637072225,spoofed
979,44.500701703272036,10,21953053.17459944,108.22586540794208,-2115.421354181448,13.082713613195493,80.27071315857651,86.12198239964388,spoofed
815,15.0,0,,28.236574732530226,,13.082687856499316,80.27068397056796,75.71942406484698,jammed
398,46.22073790380121,6,21893063.279183954,57.88195478295802,501.6921604397936,13.082719054110418,80.2706990704939,84.70690975245172,spoofed
957,50.95303926135469,11,22027712.13066141,124.81459776666438,185.94656055570704,13.082707485321116,80.27071884046322,83.81667056192245,spoofed
468,45.14652701209458,9,21985731.860587016,119.20332010945184,-1750.1548483692964,13.082700806544564,80.27067997460452,82.27790218668288,spoofed
709,44.055109831905554,6,22052359.342055622,150.12958022513598,-256.49704169140887,13.082718330478336,80.27069908059573,77.37811666531007,spoofed
426,45.03139029342721,11,22052180.085096795,72.16009260096301,-2686.5212267154507,13.08271655369797,80.27068935015838,72.8869570076169,spoofed
393,18.33687428854722,5,21921939.853890557,64.00510852287488,-484.76801557090363,13.082719827778995,80.27070077682782,79.81826938166547,jammed
402,45.418162277792696,8,22021357.16256539,96.65513938492816,2911.8611410562276,13.082720910126739,80.27069797502597,73.98199892552273,spoofed
571,43.707716685671805,9,22050544.186670393,152.25178764644477,1612.420129440028,13.082679655388594,80.270708879943,84.67971320650783,spoofed
360,41.618693668869106,6,21965403.31519127,22.8768832471777,-1497.7244019467166,13.082717085106186,80.27071189217219,80.05712257680656,genuine
653,39.18155386967776,8,21979923.16815424,136.28899025943025,-2443.200580435937,13.082709478651235,80.27071555185043,84.86494718724603,spoofed
620,40.89836894607564,11,21987039.537034247,18.744069429912386,-487.0055389162609,13.082697273402724,80.27072117593418,79.42627146999955,genuine
708,41.517960294070065,8,22028547.53480036,109.27669107058591,621.8429179830766,13.085640053526253,80.27059703159188,80.36794555509738,spoofed
986,38.48932725477313,11,21955938.0776282,19.446731268861747,-33.53576899386301,13.082714759568633,80.27071222801763,79.3742720564442,genuine
34,43.53994855643874,12,22030864.079024613,12.290082998869037,-89.73112008846715,13.082714007337596,80.2707155140013,68.27105878748301,genuine
690,42.7851930596745,6,22000866.731457565,8.160288613090685,307.4671674507264,13.082719102883326,80.27070516484423,83.01468010628962,genuine
673,36.9179734452724,12,21961079.481444478,102.98786348687196,2357.093616632672,13.084140192181172,80.27478714104083,73.16393554349001,spoofed
209,44.10600884086386,10,22013723.7821722,150.04388128032508,2019.5855297646165,13.082683493386059,80.27068885320305,74.91744689046654,spoofed
376,41.48709577783489,11,21971909.67282372,11.612442271541166,-821.1187632921547,13.082719075227887,80.27070900394764,85.79400430317006,genuine
101,45.24807074446517,11,22016042.48231623,21.189418439593652,-342.04358506361615,13.082717656202153,80.27069112681056,78.82310003593506,genuine
521,16.705224897935725,3,21998595.846244797,50.26417800916604,1269.207440554844,13.08268228846262,80.27069013959937,87.38918150004136,jammed
478,41.81688593874384,9,22085558.998949293,109.39626208971846,-121.57651097369694,13.082694564982031,80.27068013201452,78.55692560615253,spoofed
749,15.188462224827632,3,22024614.845596902,84.63135301426485,379.1736909540175,13.08271436196674,80.27068662055532,74.39204494173438,jammed
946,42.83960314233256,9,22028558.703314554,15.232565851073707,-1726.5997301983418,13.082700077825605,80.2707201180483,77.87922370884529,genuine
828,44.62659400637369,11,22001157.141975924,124.8032159319506,1633.7514636463002,13.082684107053742,80.27068632796507,84.15198874553771,spoofed
677,43.16051028198502,11,21987538.846123308,150.2849286831635,-1856.8853466338,13.082716106679944,80.2707109326139,78.28739575650306,spoofed
72,39.588136102197204,12,22008439.69969538,56.700727245100055,-2653.1577591925,13.082720008058677,80.27070139558354,74.94498103142546,spoofed
506,48.05103753061851,7,21966706.114443976,18.43846092558891,716.1747217809442,13.082686889394875,80.2706845884272,75.54695851496207,genuine
379,15.0,0,,52.75999118340887,,13.082718212901518,80.27070413194382,73.93841285854022,jammed
205,20.89279143529064,3,21943602.348824717,80.74766478908172,-219.270765430182,13.082684427304898,80.2706882249253,76.07346203682134,jammed
61,41.16278742503556,12,21963569.475737024,4.50396828719378,-169.23728246442292,13.082719141698627,80.27070711919302,83.14074638878907,genuine
175,24.874425541387357,4,21995533.979864962,69.31480643428503,163.53867348716238,13.082690423598061,80.27068071564032,79.13907419352438,jammed
691,43.56207938071385,9,21996304.38627283,143.06659120975743,1038.706170258839,13.082719618963605,80.27070646670407,76.90431521262195,spoofed
853,22.358309573001883,4,22075101.462592155,60.73527116406226,647.9602117842062,13.082680980859687,80.27069630105404,82.66200653118929,jammed
660,37.864768870066456,12,22029113.69452416,147.3074788017207,1429.3375457424609,13.083592050257465,80.27474104683554,84.25243601600954,spoofed
395,42.49069132891257,7,22053078.099876627,35.166941889199876,1438.4301106098942,13.08605051632031,80.2733087093352,74.74412026366454,spoofed
816,41.406253301558344,12,22013399.33383155,111.18223434521082,542.6775315453649,13.082687475650852,80.27068485188138,88.14599007404445,spoofed
116,15.0,0,,76.20677807690826,,13.08271663561576,80.27068568672831,74.5915014115854,jammed
808,23.90980028226311,2,21978265.026313845,76.68396760759275,-353.8386697421303,13.08269245557881,80.27068092923675,79.40706205587585,jammed
519,46.07234236905998,8,22079510.94028109,19.936236764917048,136.76428175000416,13.08268402273134,80.27068758382659,80.75940741644645,genuine
549,32.241429551291205,7,21931042.53743257,46.3331358786363,-643.6791349372586,13.082677875327994,80.2707004650924,77.87357401400945,jammed
815,44.13623694646016,7,22041825.44661896,88.75106879357197,-1808.9392759595216,13.082687856499316,80.27068397056796,75.71942406484698,spoofed
382,40.04930771534506,6,22093419.51809676,97.85627953779574,-1516.8284148796708,13.082720122261266,80.27070360000033,77.56788813400385,spoofed
945,26.834179459225737,6,22003505.657936662,121.11323956654485,78.85439359355613,13.08270100268621,80.27072058324177,75.69220559561096,jammed
948,15.0,0,,63.43411456454982,,13.082702151435027,80.27071978724886,74.43198584192561,jammed
72,39.70136928499597,12,22008102.977953143,17.197580721457143,-952.2747905346961,13.082720008058677,80.27070139558354,74.94498103142546,genuine
823,37.941567758552374,12,22112914.565906134,147.05006406466958,52.84551557601219,13.082684405911907,80.27068447403916,75.31495785702123,spoofed
36,41.71513135586281,11,22015469.578507848,17.71097642862128,-149.4065078434821,13.082713477826767,80.2707156462451,78.47104767174135,genuine
124,46.284890886526135,10,21963211.039468903,89.30842987133114,-2046.3606328996777,13.081452569975829,80.26911416640907,77.04944773921281,spoofed
955,25.848725234046427,7,21973245.642331164,14.778174638456035,-1040.2756996460746,13.082704757014362,80.27072017646755,68.31629311821305,jammed
772,19.06640512843581,4,21989286.252872277,44.07461769199651,140.7159670302646,13.082703291989706,80.27068184514363,83.07974968574037,jammed
504,23.328606388744248,4,22110707.630789597,62.86030943010152,-1317.5198917077878,13.08268692056147,80.27068275898537,82.35324793052035,jammed
982,19.613957042241438,5,22010585.68920853,35.53330551161426,-86.19860260923878,13.0827148487246,80.27071196505659,80.90431712327415,jammed
142,36.66988429817172,10,22048690.953585867,13.930234280695942,1069.1035663014593,13.082704896915253,80.27068205354743,80.9938533874436,genuine
253,39.82917530612183,10,21973391.912744768,92.42520846693375,376.47525052630203,13.08268014555195,80.27070607704586,79.92264618581599,spoofed
122,43.30409856549662,8,21913722.110459328,129.00642764726052,919.7554186651614,13.082711905961956,80.27068462098202,79.83804361609282,spoofed
968,15.0,0,,32.63700300620394,,13.082709631219876,80.27071820637416,76.00428083485764,jammed
534,39.56006794926781,11,21978179.61091074,65.39429509722564,2365.8697458397105,13.084053322056429,80.27115949607797,82.53302954839728,spoofed
836,24.96223993371069,2,21922374.626335,39.23406922546891,-657.5267643031508,13.082683440712731,80.27068956199062,92.47011408190953,jammed
672,42.32652671394285,9,21913743.687365063,48.099228130903626,-1580.4409328632296,13.082714233822555,80.27071017404776,80.8357664379242,spoofed
192,25.6015788412923,3,22012397.378042594,68.68422589734047,270.73071193112014,13.082685639604756,80.27068605372274,74.56839721059261,jammed
527,41.88560392683043,11,22004713.3718023,43.29583802185098,-2952.094902772191,13.082681639201034,80.27069105372135,76.99808785541825,spoofed
317,21.481946715564888,3,22013690.192266177,39.88522070852825,-353.8475580369247,13.082701118248751,80.2707205401247,80.24987987353298,jammed
210,45.4803014087551,11,22097536.968006954,145.89422882958908,869.0034836002218,13.07963922925631,80.27134994794702,79.99493383731692,spoofed
577,43.59891405309063,11,21903528.580752496,109.7309857294206,-1060.288345771565,13.082684805288624,80.27071115399819,78.17047877431273,spoofed
170,18.988442831369245,2,21965189.397421006,67.58816877118359,-1518.509269186568,13.082695774863613,80.27068056853808,78.67614114547634,jammed
793,31.343378367785675,5,22048550.31679796,55.34666532629546,335.30771072891434,13.082697898216852,80.2706803049504,76.96906526182933,jammed
152,37.813292638239105,6,22058476.907364693,12.431818696425449,-314.44235006882366,13.0827012632636,80.27067925715419,80.48028569558721,genuine
679,44.983749006039474,12,22017125.74963276,94.87543632992846,-1755.6381013366708,13.082180229025166,80.27093561770012,87.72029024000263,spoofed
448,21.947796695693295,5,21890981.68956309,61.61028905551386,410.880955138644,13.082708207576665,80.27067934290814,81.79912833143445,jammed
713,43.384981444803934,11,22029764.485243008,164.78961157493822,2075.801938002503,13.0829599651168,80.27149258904966,76.53347886399789,spoofed
73,26.902148255952852,5,22036485.783689186,17.490753083470107,458.2122340033105,13.082720519520223,80.27070208706279,78.14306679406286,jammed
42,40.33622573177826,12,21915632.61527933,6.890374365848954,-267.9456298188858,13.082715193576941,80.27071113931207,74.29392377219588,genuine
601,42.2878736575465,11,22046232.3255316,77.24066085252878,1921.3376152925696,13.082690683912567,80.27071807938542,73.45537761573257,spoofed
5,38.7445512328442,8,21971685.25422095,17.765383935126223,-194.8224333798892,13.08270050861159,80.27071940705905,86.2555474115609,genuine
55,40.402805379391644,7,21921647.087488227,6.604447861881415,-594.1430837609224,13.0827188191028,80.27070979054406,80.02770421395898,genuine
544,20.57245683030417,3,22014729.64212792,70.754884339595,-95.09098717626135,13.082679009285025,80.27069845108055,73.53532472999214,jammed
987,42.82760038749049,7,22010872.020765163,19.873759075432908,344.84359407972096,13.082715563528762,80.27071223982387,80.58956334833016,genuine
67,21.254149817339766,4,21959171.244627222,97.64254573749743,-1300.1344780259442,13.082719788168902,80.27070502247688,82.3077695898064,jammed
528,26.44013591837723,7,21996510.060711894,55.28087103299767,-1333.3076971639446,13.082680824092177,80.2706921749628,83.83669348860286,jammed
511,41.25669159325591,9,21995290.27123246,5.131586617956993,-254.42194704565543,13.082684068092446,80.27068499399573,71.97433399270791,genuine
848,40.95903950790806,11,21991535.71779999,64.6369599384978,-2782.8297148638135,13.08267898925836,80.27069292772454,80.26183161595068,spoofed
335,16.591367467268128,6,22037363.60255717,34.62465577885476,-807.9014893720746,13.082706781334858,80.27071717824194,78.81697237775835,jammed
372,45.806186236885104,6,22032094.441928137,140.3162440611328,3318.3152393722453,13.081356077512037,80.26827686269068,80.7343758656091,spoofed
250,41.85524232011585,6,21960334.078579687,146.3425382455427,856.4926654030414,13.082681073963823,80.27070654171604,81.6495144079698,spoofed
255,43.943343940154364,11,21961274.49692433,16.957480186740536,-225.62323823195575,13.082682350103754,80.27070794769179,83.480023933241,genuine
279,15.0,0,,30.770003660063935,,13.082686829962682,80.27071779420882,74.1612404120079,jammed
871,39.48026762594114,12,22055969.85809992,15.150032692654701,358.6477646051033,13.082679649141534,80.27070452684832,77.79681922806802,genuine
347,45.16376918514152,7,22042699.799398746,76.46398152465335,-868.020214035605,13.0827106758626,80.27071582753287,83.71413669977777,spoofed
893,42.096452807452295,6,22056154.731522076,7.253714118278783,-1303.1980520482398,13.08268235375175,80.2707104444833,72.98964480377973,genuine
419,15.0,0,,52.75484209742048,,13.082718493078206,80.27069048613946,71.85181954757853,jammed
179,45.419038071391654,8,21991140.80442986,59.28554515193751,257.0976206295245,13.082691785513223,80.27068156327938,89.9637140041766,spoofed
915,44.893769395052836,10,21954948.29853725,4.024081267388958,1142.6706450111303,13.082690331044745,80.27071881324196,84.0489238013911,genuine
772,45.2346836785209,11,21991590.273614053,109.76831293231638,1808.1231303653603,13.082703291989706,80.27068184514363,83.07974968574037,spoofed
473,42.46331412353845,8,21978477.083326902,25.157000823892517,-494.443525428166,13.082698963141679,80.27068013344258,91.9868829479885,genuine
693,13.416530579630383,4,22100546.305620026,41.580664302436666,-625.7499706145569,13.082719346870823,80.27070718701665,75.46844253524748,jammed
985,43.57995370940349,9,22090826.349807005,12.50531225019027,172.55897110876182,13.082715702082618,80.27071297756252,84.80513838309953,genuine
335,38.95859962654718,11,22037363.60255717,10.42387139423338,-773.9920619001877,13.082706781334858,80.27071717824194,78.81697237775835,genuine
551,43.391333606878156,8,22033022.12832742,17.426516415315703,-132.21437601794938,13.082680909765989,80.27070136529657,82.85724612758172,genuine
285,18.709846265755708,5,22040459.736592658,77.30043885653028,738.2805443844418,13.082688637904798,80.27071641593814,85.77442655362842,jammed
328,39.06998201851296,7,22032227.9205992,9.843989657802075,-168.57518326141002,13.082704880046293,80.2707190343473,85.29559330104092,genuine
501,44.6917209558292,12,22017613.164132226,154.39766094603254,-1155.4624331526988,13.078614813134667,80.27217407599355,78.44952345705285,spoofed
66,41.12818731937891,9,22006996.215601955,15.230290692885578,90.69643042017871,13.082718640228535,80.2707074527632,71.29840217332789,genuine
555,21.69746737253459,6,22038343.364666454,97.74710080737677,979.3012293374288,13.082680528148845,80.27070135221649,82.59535356460907,jammed
718,41.12261904445506,6,22088916.04533599,9.874104027779122,-106.46115360901354,13.082719068478223,80.27069578879554,77.92253667880402,genuine
691,19.810914332143742,6,21993909.738797333,48.59008802409282,-238.5641253171881,13.082719618963605,80.27070646670407,76.90431521262195,jammed
715,23.151874975309614,3,22039519.67384831,57.261552179434034,170.29079944021953,13.082720115191476,80.27069613220662,78.49942453507494,jammed
140,43.036023583189994,10,22054225.758046497,21.037125141556004,-1032.5972295324948,13.082705500361179,80.27067880558198,79.09388280604045,genuine
97,15.0,0,,62.28301986853161,,13.082718892371794,80.27069371722446,83.93161834145789,jammed
29,18.528171309277724,4,21978776.864510905,68.16535994049411,-571.7586470515942,13.082711999732346,80.27071656887638,81.04839654545745,jammed
82,19.564610400143508,5,22051439.045987274,22.469993462910157,-173.8737703924754,13.082717513790213,80.2706981425398,71.20094868231755,jammed
577,15.0,0,,24.59468718461403,,13.082684805288624,80.27071115399819,78.17047877431273,jammed
355,45.40018506381125,9,21970812.893033672,78.45342563966156,-870.1412585436067,13.082714258038274,80.27071470004525,86.15129228939848,spoofed
755,47.38417985536099,11,21949830.34151708,164.57610598250452,-1574.8103439297674,13.082711326878268,80.27068331611106,75.15523522162901,spoofed
583,39.31966744643285,8,21892199.59969703,8.705967701578317,-316.51484330080075,13.082685102431133,80.27071438395505,75.43840937723189,genuine
952,47.62062169160234,8,21977587.294852965,91.09153736968551,-2186.553275437332,13.082703751873263,80.2707196302296,86.23713168411841,spoofed
647,19.805842405774527,4,22135199.25536397,38.83936168942327,-371.66988335675876,13.082706815234337,80.270720582181,75.44980555399427,jammed
170,39.86103038057633,7,21966983.760418836,104.28547482568304,-3431.1051408889757,13.082695774863613,80.27068056853808,78.67614114547634,spoofed
610,20.9770515568118,3,21974396.929034043,75.58577253180987,733.1947553182646,13.08269201887073,80.27071884728473,79.31276503553438,jammed
119,15.0,0,,16.076285876423853,,13.082713250682755,80.27068629622401,88.41874061312492,jammed
102,41.109340072346434,12,22011930.039546423,16.434455591463024,-456.90873148778985,13.082718168880332,80.27069024025764,79.28213676680917,genuine
702,24.695138683565773,4,22000703.604143675,55.38281264337208,-1405.2919606749313,13.082718733901764,80.27070249444378,79.05928657430951,jammed
424,38.67904525990026,8,21926179.28948219,134.1192421910687,-277.9020138458076,13.082717180129482,80.27068798739104,73.47883867203379,spoofed
694,40.831384188439735,7,22025958.58791161,39.045528089936354,2464.1039618988025,13.082718297479573,80.27070485669749,77.13716674189381,spoofed
843,27.97941262888794,3,22052474.930293165,31.823165557715306,450.13341251863477,13.08268204308677,80.27069312302658,77.57500960854566,jammed
278,44.97785738272216,7,22085304.587906383,14.181179479388991,436.87138466514295,13.08268741842672,80.27071610442249,78.67997753866102,genuine
758,21.582369344799496,4,21880936.632993903,83.44392242189433,-1580.0087587280123,13.08271189732474,80.27068235680389,79.49393220992042,jammed
185,45.83938997998998,10,21924966.529860906,21.164318716545047,-506.60336181887527,13.082691017391106,80.27068250654247,82.89966920864642,genuine
114,44.52923433076059,10,21978953.42362465,62.02257465131151,750.7127190501918,13.08202138677068,80.26914731603111,76.85781199408933,spoofed
806,17.666545783131532,5,21955498.96251182,67.60042625639578,1139.6110257498153,13.082691180953958,80.27068095635836,77.00586827271607,jammed
193,24.24177896185327,2,21992930.22489281,88.9053105530811,1951.801977091412,13.082686641266221,80.27068554364624,87.46650781062878,jammed
988,19.713212593991194,2,21998208.762666702,80.03557876640278,-310.9881205813899,13.08271721246868,80.27071399179559,64.91809376739894,jammed
847,44.994539927025954,12,21899702.376233302,139.98768173613405,-1558.690861982299,13.085673124273113,80.26915506370737,79.01685814875489,spoofed
724,39.69278389526183,6,21925721.899838448,20.00916984774704,-309.1566097811336,13.082719437671901,80.27069258345408,75.62349594918842,genuine
791,41.84885878265994,12,22037664.100698598,75.43750775136743,1341.0267655487764,13.082696819060503,80.27068135819474,78.01767058976746,spoofed
19,41.87518522253437,6,21915883.67591045,15.618700072056951,285.4050322466864,13.082707509703162,80.27071816598604,70.36239432141626,genuine
150,15.0,0,,32.874731628786826,,13.082701987019872,80.27067821227423,80.09825047568285,jammed
468,44.764983424768246,9,21988193.4954111,11.318634417308322,-364.0938672309338,13.082700806544564,80.27067997460452,82.27790218668288,genuine
899,39.091410421852814,10,21953092.788279757,165.18699100488573,-1847.2184759670868,13.08268500646044,80.27071481764352,73.28822831266899,spoofed
54,40.82406836426801,11,22019775.455318127,17.498940521478993,454.7554444756903,13.082716820081474,80.27070842146091,75.21527825505449,genuine
213,19.18116195341888,7,22051246.08465627,60.57981935615952,-75.652026916247,13.082681205145555,80.27069142442635,84.00678618177774,jammed
366,39.17662465209661,10,21947096.42398014,121.58596358435065,-248.6214859362509,13.082717811033818,80.27071138483471,73.52516510762784,spoofed
88,15.0,0,,62.96988702573845,,13.082720931152414,80.2706951836209,82.0783298496656,jammed
537,45.55768042683968,7,22032243.150162514,81.77644015828592,-1523.1780715282403,13.08268190167807,80.27069638392146,80.39235039088506,spoofed
390,38.85737925176142,8,22011138.29616663,65.98239475234863,1992.7172889236367,13.082719622094226,80.27070263267309,80.81203025421364,spoofed
949,15.125750297475673,3,22040967.154852986,56.289057268681276,37.15635129881785,13.082703763224012,80.2707198633311,79.45259545196467,jammed
945,42.7302269460833,9,22004592.90646449,70.14019462438651,-1007.3531699262066,13.08270100268621,80.27072058324177,75.69220559561096,spoofed
137,20.32993256217226,3,22007296.91470724,33.64211730297759,-307.90328903930777,13.082706921250422,80.27067881925201,77.73121132618627,jammed
103,46.20639180880684,11,22078056.936179467,135.1182510904804,-3802.2922042270593,13.08271883467428,80.27069089037609,74.95987521098554,spoofed
750,42.02862822917663,9,21968974.068967566,16.684783380300953,-21.56466914816586,13.0827131462978,80.2706860616242,82.33338399040383,genuine
926,42.00786487248539,8,21985322.443847995,52.30620502749463,1290.3970979057035,13.082692328033584,80.27071956461718,79.25383457410005,spoofed
126,34.01223726794845,2,22002327.873666395,55.924054768994075,-273.04424475263136,13.08271160469501,80.27068393071582,74.55370939930849,jammed
82,41.09236538358732,11,22051439.045987274,10.181124063828058,148.84227492175083,13.082717513790213,80.2706981425398,71.20094868231755,genuine
122,42.549991709929415,8,21911150.668033697,19.65188928811446,-561.0753198110733,13.082711905961956,80.27068462098202,79.83804361609282,genuine
955,47.45704061381529,10,21974659.986369025,136.37554984192877,-3054.6695003773493,13.083714197502442,80.2682576042538,68.31629311821305,spoofed
544,41.16424192690484,6,22016961.508844636,145.74666499167586,560.4472660400867,13.082679009285025,80.27069845108055,73.53532472999214,spoofed
879,46.71566969352333,9,21980156.898562867,65.2881611533194,-1257.8590082919495,13.08261810542933,80.27171087691472,78.97506303200437,spoofed
49,44.861732386572946,10,22066255.164944448,125.37269788878682,1162.4426829998329,13.083998565438284,80.26915560479142,77.83272335111067,spoofed
810,43.4834852013022,6,21978025.931895886,152.42649482312447,1027.5396890261277,13.082692355490757,80.27068447006081,77.80575330026691,spoofed
661,41.79028944661418,9,22016013.102888618,170.90019307172938,2394.228947609828,13.08271151415625,80.27071421677525,81.05991274885805,spoofed
603,16.17571121305751,2,21909592.79765646,91.40068069725585,63.215083965811914,13.08268935280693,80.2707184886787,79.14652926890565,jammed
935,45.75823542764376,8,21921695.402488217,140.07308018997006,-1782.4817882769491,13.081960803142584,80.269146570671,76.40282221741552,spoofed
372,31.08337425494875,2,22033926.19757,73.3355767087789,1752.0641562942064,13.082717977932155,80.27070936989294,80.7343758656091,jammed
568,25.92218927791189,4,22018984.3790307,76.05394459837667,-924.9663818803142,13.082681095194584,80.27070762727821,78.73404727302797,jammed
689,40.93806568051727,9,21912974.85054861,18.450457075876976,-23.153385851811713,13.082717660593728,80.27070800211318,81.02110462810818,genuine
146,26.04466136026769,3,22025152.433418844,52.022469587711456,1249.6237576144172,13.082703782129686,80.2706786276373,78.79664860682139,jammed
69,17.0666760951214,5,21952988.939553715,49.34818225724303,1137.2611716974918,13.082720138278935,80.27070301962152,86.30767537405525,jammed
214,41.1808172640951,10,21991802.32499865,14.433230010800965,-222.6030147657383,13.082682392383058,80.27069082222012,87.49913398614406,genuine
533,46.341981091268686,9,22012426.172011204,146.5210673042372,-725.6893285322257,13.082681940315831,80.27069426844352,78.6885868949197,spoofed
840,36.135776328111305,4,22004233.064036638,60.899786834633304,-997.0654404381406,13.082681188505433,80.27068895072956,86.6802429862935,jammed
488,39.76790933846208,6,21989705.686682783,77.61480854005866,1277.240259996765,13.081305370746454,80.27038892261287,73.88997806520103,spoofed
696,19.7097281791534,5,21953446.325602897,52.93535578386047,74.25892910098707,13.082720041634786,80.27070516423927,74.63974113813161,jammed
583,40.16511564991046,8,21894925.836895693,110.69118246612727,1980.7449586549374,13.082685102431133,80.27071438395505,75.43840937723189,spoofed
322,20.171868794568987,5,22046631.942149557,93.55463836490883,129.9079982363001,13.082702976167319,80.27071948556456,79.72486016804852,jammed
76,20.829970076864576,3,21989003.210236683,65.44781648952619,397.8042110840688,13.082721616364573,80.2707006718886,86.26052712254295,jammed
796,44.48925346474981,8,22057074.03840516,16.386720898601073,-1259.0871444287084,13.08269489355022,80.27068193406447,75.74528388094214,genuine
378,47.80412352627504,11,21939578.41450035,126.22508879855162,1505.8313196039953,13.082717942944122,80.27070581778679,79.3190014560801,spoofed
581,39.38667902934245,12,21999554.818170667,79.07906423879447,347.1073665396252,13.082684189438835,80.27071374810586,82.94675250819171,spoofed
971,45.09951736010505,8,21980012.606920723,128.43474215758877,1965.8756755169125,13.078592466309379,80.27089607333552,77.99883595047072,spoofed
315,41.25857261616323,12,21902359.22349759,11.828345032372273,214.03222890124306,13.082700403459121,80.27072188934156,81.7477897431603,genuine
567,40.81009610596227,11,22014863.176721264,49.369498543797334,49.27168268022831,13.082680198224402,80.27070690858773,83.12872271544794,spoofed
159,39.03764058395744,12,21988177.679001775,14.896468179468831,498.63285300157656,13.082699377534958,80.27067946659031,82.115179873652,genuine
434,47.272345863373076,6,22037607.14364238,131.96698869625126,-2630.9432928838364,13.082714612781357,80.27068546726272,81.02615545851489,spoofed
318,44.47395983648713,12,21999644.157243576,12.331020301703958,-196.40119178840072,13.082701495021256,80.2707208244236,74.62653149154116,genuine
717,43.714372588186656,6,22064584.323282935,18.520740708198925,443.1010562230655,13.082719040569053,80.27069696498228,80.88825688310651,genuine
522,46.77718134849004,9,21969296.27750427,119.64264755437956,2908.2637180290226,13.082341503292863,80.27122381387989,82.44102319866786,spoofed
995,42.51385794952745,9,22040374.885611206,61.25116937886731,3735.0284275205163,13.08271709838096,80.27071095423992,73.33941285295069,spoofed
190,46.30916430195824,6,22032010.682966437,15.705845094163202,214.21935799400887,13.082687053883161,80.27068244672337,71.390243652267,genuine
598,42.6041492995521,6,22040938.197517373,11.079288532647956,-947.9721666273712,13.082688601052515,80.27071591559013,77.26610788867887,genuine
978,38.45789476850781,7,22029208.453667615,17.752167554673925,709.4610630393629,13.082712656936707,80.27071415775731,76.84614147404389,genuine
878,22.329686473117157,3,22079645.60445614,45.24324323473147,1434.0857481051335,13.08268016172044,80.27070567723182,75.6194058415043,jammed
477,41.39524125286234,10,22003110.14312715,93.8140810571046,1218.8359815370732,13.082698689719459,80.27067993273478,74.15682557005314,spoofed
166,44.95195358427528,7,21945680.74292215,84.9075068828515,-2145.1882332764712,13.08269609214415,80.27068056169021,92.22050151163185,spoofed
302,45.906991399010266,6,21990492.880817983,155.0245405836387,1644.4233424938259,13.082696030264962,80.27071961687354,81.9221471880983,spoofed
717,32.58920539357595,2,22064584.323282935,65.64094435530004,1016.3042302750972,13.082719040569053,80.27069696498228,80.88825688310651,jammed
234,40.49415886984226,12,22004161.244732086,131.26921388943663,-1828.8763746727402,13.082679683866212,80.2706980168768,71.36517257211767,spoofed
639,25.61270511218465,7,21960059.712755352,45.145856618226425,-727.9261801166964,13.08270370063594,80.27072028141401,78.2429836599726,jammed
811,40.55526472980586,7,22096769.059176456,17.423217556558512,207.6890783225715,13.08269033554384,80.2706808032148,81.61969821043009,genuine
205,43.3286136308054,8,21941964.279316187,59.98132924222777,-1243.6882989540957,13.082684427304898,80.2706882249253,76.07346203682134,spoofed
534,38.08560231954871,11,21976095.84711231,16.364778774316946,157.11568400815062,13.082679101329106,80.27069159049422,82.53302954839728,genuine
474,45.82719231520773,11,22038110.532808326,48.05871248283461,-3030.5371259621465,13.080903970145537,80.26646366151445,85.43555099244382,spoofed
479,48.49418431648958,6,21932982.18959894,15.595619646831388,-534.6706946837621,13.08269646164539,80.27068154504754,87.22125198201189,genuine
972,44.08287680153886,8,22067503.462724566,71.40207129111513,1207.3900100820888,13.08271261140805,80.27071676000223,84.19854968279984,spoofed
420,43.58610506722526,8,21845560.507264465,98.71586919627812,1238.816217258818,13.086028906457086,80.27156116472099,75.78758978715636,spoofed
974,39.50071942832655,7,22000806.4707638,19.682002085073236,-653.6069205936635,13.082712714645906,80.27071761258692,83.94422856576136,genuine
600,45.2578593777848,11,22041002.480245285,43.286050606741796,432.25245649615067,13.084430989391134,80.26791408908804,86.19853453534562,spoofed
295,18.23768105603001,3,21917083.22172089,68.4667228444634,-474.9753763462377,13.08269079683188,80.27071967617896,83.72204366848858,jammed
726,42.70646745729824,12,21961582.217022605,15.42685690801294,434.0123548284404,13.082716574922689,80.27069221316705,79.67226729108519,genuine
540,13.754692517001601,0,,81.55858363687025,,13.082678910031364,80.27069547759933,73.93482207400646,jammed
421,23.30745724889126,5,21969197.548722193,64.53962889554037,-293.11535561456895,13.082715151787118,80.27068933275163,78.81551220443353,jammed
327,41.941243483287145,8,22061706.66872214,39.07885181689755,-650.6608140646982,13.082706549743845,80.27071949031615,91.72866519480503,spoofed
358,22.364743098807295,7,22033605.715754822,40.13230204797592,-1164.9545090706274,13.082713612108769,80.27071133743136,73.53682599001054,jammed
759,23.470070956820294,2,22051689.308396947,56.91900994064852,-585.3246019866107,13.08271086069205,80.27068294274163,80.5104531244404,jammed
758,44.18061303824437,10,21880505.03199806,97.50841147335589,-839.7342756433007,13.08271189732474,80.27068235680389,79.49393220992042,spoofed
632,15.0,0,,62.659670668053224,,13.082702844432438,80.27072043686624,75.99260299628487,jammed
977,16.987012269398193,7,22016387.323497597,50.681694215219906,1721.963601773907,13.082713211264156,80.27071558298758,76.83804121575322,jammed
698,40.445529324609204,9,22000902.57101203,152.73534057299227,-1507.021842114602,13.082720257139808,80.27070330394822,75.15473761905102,spoofed
297,39.2038638797831,7,22014862.10463817,92.5866535883344,420.3152171761939,13.082694003286425,80.27071839122605,81.77846691056855,spoofed
8,23.71409179114338,2,22016514.49728083,43.62124731608163,-296.4171649048708,13.082703983307823,80.2707190020761,83.790781308873,jammed
608,37.751485064257515,10,22041228.654115986,52.56698431110469,-539.8166672236628,13.082691958909686,80.27072011354358,85.1576188749685,spoofed
228,29.177083913545218,2,22096147.309703328,33.71601993250542,1036.8534491506862,13.082679875163485,80.27070014386733,73.01563545358607,jammed
408,37.01734907236461,6,21993498.696925074,12.314515052169435,-184.84774391959218,13.082719253741747,80.27069411013831,82.3311256132574,genuine
434,44.32074247892121,6,22036621.39048814,13.441802830251401,-604.4325749924227,13.082714612781357,80.27068546726272,81.02615545851489,genuine
957,29.13399950853654,7,22027056.5419109,73.84590968684195,-1224.7847063347588,13.082707485321116,80.27071884046322,83.81667056192245,jammed
219,40.260143470823245,8,21949365.80743059,14.29298664587311,-625.4321837866624,13.082680511166378,80.27069196558305,75.04224843712653,genuine
383,38.87088196473465,9,22071266.447173513,10.843570820244619,-1041.4582017768782,13.08272014788505,80.27070513657796,80.00523593041268,genuine
759,44.99158753619652,6,22052184.35453712,121.1384380156648,670.6953053759934,13.083378891809973,80.27068539825278,80.5104531244404,spoofed
272,41.756783503966275,9,22042106.34795688,23.763237772754696,356.91280339813966,13.082686124445354,80.27071495374237,79.76161159193065,genuine
88,43.20186664726477,11,21964846.54595511,16.699042872452154,-49.33225536523266,13.082720931152414,80.2706951836209,82.0783298496656,genuine
137,45.0222311027974,11,22005829.28128428,158.13687480362734,-1315.2565833118874,13.082706921250422,80.27067881925201,77.73121132618627,spoofed
813,40.740105646473474,6,22064551.452759206,9.955170112058735,268.9985970818964,13.082690862540787,80.27068423561623,76.34766870545525,genuine
866,38.64456208407273,11,21950098.820335306,3.703930612111943,271.19560837986086,13.082680154629905,80.27070267101419,77.96810392631465,genuine
785,25.68559619334137,3,22061762.369415514,77.44828958761875,982.9100831384181,13.082698633406695,80.27068056403299,75.26161498578811,jammed
796,45.98722036346244,8,22056527.7937767,117.84011132490039,-2968.078886470841,13.08269489355022,80.27068193406447,75.74528388094214,spoofed
268,42.13288836894467,6,21947142.256293084,19.445636587635036,472.25645838911225,13.082685655815073,80.2707139930268,86.91163722948232,genuine
481,45.583036266515435,8,21905341.441938095,11.078707455424102,250.17006341984134,13.082696268491652,80.2706799849103,82.80228887479403,genuine
567,22.22826261502689,2,22013643.12590129,121.01467123252341,5.712710527833451,13.082680198224402,80.27070690858773,83.12872271544794,jammed
561,42.83573782124429,10,21975357.01155522,12.791541029135029,692.6536025438555,13.082680228796482,80.27070391406113,93.0555133919392,genuine
869,41.31900078201304,7,22126163.052979235,166.21710570704326,-3842.635824330182,13.082680394119691,80.27070149790431,79.79541919113304,spoofed
205,41.87820399517471,8,21943602.348824717,19.28605176778306,-40.37925822513746,13.082684427304898,80.2706882249253,76.07346203682134,genuine
414,42.45597441641072,8,22020721.606659852,131.0613819227368,-2142.287005090906,13.082718117522736,80.27069310171241,91.63902668213296,spoofed
516,20.354822614402917,5,22088859.142012887,29.86684009045606,471.9276520605904,13.08268312208813,80.27068819766515,76.96625578676218,jammed
55,42.90235751261932,7,21924296.665723756,78.2828959830979,-2285.6081620646532,13.0827188191028,80.27070979054406,80.02770421395898,spoofed
428,20.54465358348612,3,22056449.5550481,46.18174430787079,158.00214196786152,13.082713903969818,80.2706858194512,85.2291529588035,jammed
382,15.0,0,,56.02063605007894,,13.082720122261266,80.27070360000033,77.56788813400385,jammed
587,38.972596948563954,7,21939808.158336997,65.10402417990332,-827.1611375050519,13.079294198586538,80.27315840869323,79.32443484546685,spoofed
347,43.47726580698339,7,22043947.701385044,17.901979824293015,236.82646163409387,13.0827106758626,80.27071582753287,83.71413669977777,genuine
198,45.155902515079,6,21975248.378322486,122.64010774803812,-2565.0928349837172,13.082684655712375,80.27068776956303,83.11838163239557,spoofed
145,19.185327460596405,4,21926444.238280755,50.01212901007457,-620.5026237510486,13.082706304511264,80.27068016916058,82.76364250449882,jammed
658,45.031297092079,10,21946221.38569285,14.329863895953173,-671.0848876100142,13.08271254176359,80.27071637395981,80.67369021758776,genuine
590,38.94406421865024,9,22038853.647949547,18.696630128374515,-15.806287868681304,13.082687434230007,80.27071303613536,79.56314364753416,genuine
845,21.791643282177464,3,22073973.10719261,55.225943609668455,-1874.8815349083736,13.08268160559378,80.27069236044781,73.85027755870888,jammed
593,25.16574615460688,6,21968532.775783274,48.4612343478097,-189.34880699223365,13.082685582218657,80.27071702648654,84.18926674434069,jammed
89,43.11632794007486,8,21994031.690036155,17.301093197175316,247.2018848685608,13.08271926871543,80.27069529435371,79.29140952228084,genuine
974,20.43068880519384,3,22000806.4707638,96.8480990725756,-450.1828695842012,13.082712714645906,80.27071761258692,83.94422856576136,jammed
644,41.15668709482873,9,22062955.742466737,24.860979759719072,244.26262987895348,13.082706639129713,80.27072047211549,82.10506651230276,genuine
760,45.124163167609446,12,21940877.471389677,16.710017287105106,784.8582389534664,13.082708472313572,80.2706834518204,78.46994938451596,genuine
50,22.473494906676105,3,21988167.058767404,60.792878946188274,-322.7378370566819,13.08271685061834,80.27071247632655,79.80208642513776,jammed
177,42.3999790339336,7,22006756.172593404,12.678098039022757,453.73656561575535,13.082692799200217,80.27068159465469,74.0813933611736,genuine
823,36.708363877573674,12,22111719.312309884,20.676373658265945,-758.1490685113405,13.082684405911907,80.27068447403916,75.31495785702123,genuine
543,21.417643293057267,4,21950315.106144674,28.11565558987735,-537.7005607695642,13.082678532120683,80.27069648956918,85.49074126093873,jammed
234,15.865020352641345,3,22001876.16161698,31.025978286398033,241.90997551557945,13.082679683866212,80.2706980168768,71.36517257211767,jammed
63,44.307666160775646,8,22043421.602244195,45.30194980403441,2044.8258995953156,13.085118844013849,80.26851499083818,77.73402633015633,spoofed
669,38.32491249516952,8,22029310.54189058,151.1101946190053,2189.8208121273224,13.084566654136589,80.2711611981914,80.10653745177555,spoofed
117,25.740809444546663,2,21997871.068947777,31.94255161206074,-683.2566513346206,13.082713946612877,80.27068540565786,79.69476007144546,jammed
109,37.110871801628,9,21982430.590867322,64.92212260312849,2241.0713514016556,13.08271628640611,80.27068846774954,83.59913990465688,spoofed
520,22.50383980289142,4,22007964.889191482,40.956123765316825,-144.15755760581305,13.082683024229963,80.27068780093686,76.69210557788219,jammed
312,47.97018631605383,12,22002531.412216652,54.133422100448605,2063.0129429916446,13.08269853192856,80.2707198314176,76.2050756800345,spoofed
849,42.75555379883597,8,22038303.896531515,54.02068374557765,-1862.1808766812155,13.08268080555523,80.2706931279225,82.7811956748664,spoofed
293,38.31320038843345,6,22014102.96319157,65.09528872163631,900.6776041905455,13.082693767863034,80.27071750772888,72.7268093873503,spoofed
785,42.621968274502706,6,22061762.369415514,23.71810933645783,1126.7590753970846,13.082698633406695,80.27068056403299,75.26161498578811,genuine
2,43.87612798951614,8,21942495.72529238,4.037282545962956,863.4525251456965,13.08269864742086,80.27072057396299,84.3398996717413,genuine
658,24.35524182479883,6,21946221.38569285,55.177252809226765,-661.043578508234,13.08271254176359,80.27071637395981,80.67369021758776,jammed
243,39.571972382522745,6,21961060.28052307,93.00288056907652,1893.9670210959093,13.082681030752463,80.27070115977858,77.03052335522132,spoofed
108,44.10077034364349,10,21928911.81753277,16.02353343010265,1166.5366459832876,13.082717185065773,80.27068926448402,81.11449581501918,genuine
625,45.96101761479712,8,22026851.330372218,126.03838215147707,139.4737833050176,13.082698844802879,80.27072195443147,83.03646112493222,spoofed
666,24.3050295420745,7,21952802.3237639,81.74657638363077,-1179.9085266546922,13.082712205584256,80.27071394763318,81.10593242670583,jammed
202,44.622359913888026,8,22116570.329985462,113.07593640887993,-2223.820482281545,13.082063560523045,80.27146449919601,77.67125995797319,spoofed
171,43.115180503705204,10,22011198.371418674,13.002255292057857,7.641829005477165,13.082695807836727,80.27068108770774,77.90807465192039,genuine
412,40.304338899612056,7,22007366.116524324,15.100186454331558,-838.2721750958561,13.08271756623278,80.2706916045671,80.19613963880879,genuine
178,40.80635719376498,7,22025074.10662102,116.09120846460907,372.1683527991786,13.08269202540293,80.27068142132127,71.7688315551501,spoofed
416,44.72304374177698,7,22025491.035388805,24.43961985764733,1937.9583208667966,13.0827183677534,80.2706912167084,77.03547992835364,genuine
367,23.31543378496363,7,22070625.65349805,48.05526847191038,-1021.9707560605443,13.082718082164318,80.27070879597244,87.73216948078026,jammed
903,47.44492539357658,12,21966223.219346583,62.45518900888331,-2698.218709394936,13.08268403610161,80.2707130552047,76.17916121057888,spoofed
294,21.72205385533129,4,22050775.760824148,42.824060331155245,-576.7074997713717,13.082692732265334,80.27071977106681,76.88589581738587,jammed
108,47.90822229916759,10,21928502.047629632,156.61160149115202,2009.8514200687612,13.086727478649152,80.27243761817672,81.11449581501918,spoofed
645,41.67522040514241,9,21995723.01927892,87.00556799442991,2006.0730693594185,13.082706367409854,80.27072057188543,73.10009667048152,spoofed
30,49.61630734235715,12,22056933.68562747,154.60723811793008,330.55459572921995,13.08271010552636,80.27071509675882,85.49675871143828,spoofed
364,41.687477424201056,9,21930151.897112444,10.551048368514012,315.84901691687264,13.08271657162408,80.27071217483471,82.39140350365089,genuine
928,41.45286542563816,9,21980606.099046756,34.658561134547526,-1060.2524443415284,13.082694249342715,80.27071937235466,81.00199750240147,spoofed
407,42.159396166426234,7,22029744.320841197,158.3974629243741,-2120.694054300736,13.082719213266872,80.27069419517365,76.33440834358701,spoofed
934,47.27996295727381,10,22089989.499037996,111.89499281218338,-3150.942138527157,13.082698912556893,80.27071945088147,85.24132188195405,spoofed
740,44.50436349412877,9,21947802.79642657,17.728968799249763,479.6676158323019,13.082715526357624,80.27068745526671,85.85248546713377,genuine
73,43.24290186013441,10,22036485.783689186,5.951915155413854,392.4855219647106,13.082720519520223,80.27070208706279,78.14306679406286,genuine
842,49.419976982314175,9,22039589.2148484,150.36286570841202,144.11105350157453,13.082682786787284,80.27069014141294,74.88525035909643,spoofed
394,43.33186868888663,9,22028921.163133554,86.7719774059504,-2543.567445243445,13.082721172568638,80.270699244892,84.97036585002948,spoofed
884,27.54173572978281,3,21995664.764957894,40.45475414130821,-1062.7352709190393,13.082682580931634,80.27070775365597,78.71737221328699,jammed
817,21.58324193234943,1,22068439.231595177,60.29555111830121,41.31312821518797,13.082688676144794,80.27068394171074,80.09430923362476,jammed
312,46.35983631541948,12,21999971.84514385,5.4221741776550285,127.27699375120459,13.08269853192856,80.2707198314176,76.2050756800345,genuine
25,43.29443761799554,11,21938986.441196986,50.11569320128875,580.7907614080196,13.082708532265782,80.27071823005411,85.326396858496,spoofed
856,42.84145781651359,10,22031080.065656047,17.101614148880646,-918.3223001520071,13.082680547686726,80.27069602128165,79.47571306108483,genuine
378,46.01063590379285,11,21940281.72596378,5.524770750260595,-969.5277759850214,13.082717942944122,80.27070581778679,79.3190014560801,genuine
739,17.013078858581704,1,21953826.011003334,41.919714069653836,32.759794212614906,13.082715381932566,80.27068785415291,81.90467473424285,jammed
492,15.0,0,,57.61512170693129,,13.08269220777454,80.2706812180245,83.70142166826457,jammed
154,41.8655436229542,8,21965293.071942717,26.963383615091207,41.321371557852125,13.082700994824716,80.27068008211448,71.69504055496489,genuine
216,32.83690483476222,4,21886213.179813914,76.15440179722872,724.1220498505241,13.082680959137736,80.27068922015683,77.97571833829076,jammed
772,42.63803354213969,11,21989286.252872277,14.805353997575796,274.11775935584274,13.082703291989706,80.27068184514363,83.07974968574037,genuine
241,43.552056011181286,6,21932364.046840277,106.68744207622653,-922.1192900307308,13.082679334547118,80.27070260032309,88.92563900982945,spoofed
612,36.803675705101845,8,21945351.27715701,147.66659727087242,2431.6136271553937,13.082693207951193,80.27072139022236,81.72408538944894,spoofed
165,40.3832247662889,11,22121905.987362154,152.2941399335608,1404.0791812048024,13.082695222318788,80.27068062928151,89.83434321456333,spoofed
54,41.95594692773229,11,22019250.506246552,160.7332624077713,2641.658717043548,13.082716820081474,80.27070842146091,75.21527825505449,spoofed
930,42.015041701090176,11,22056689.4636282,16.876287390833678,582.0269549006393,13.082694433895208,80.27072086648276,72.76846322734943,genuine
213,42.89642667155807,11,22048387.952690415,98.66648844369126,1956.7204363175777,13.082681205145555,80.27069142442635,84.00678618177774,spoofed
500,46.6730392984454,11,22018137.9869988,56.010483256009714,-2554.7711295912213,13.082690197056325,80.2706817487119,85.41210725808475,spoofed
308,43.456638104969265,12,21979517.5535816,10.090450770245983,240.8905336805549,13.082698516516437,80.27072096628,83.05789682510404,genuine
1,15.14308428950973,2,22016139.873204663,29.202278218232006,783.1641389198473,13.08269992144484,80.27071939530352,79.79626821091404,jammed
5,41.46080004090005,8,21972756.792209316,57.218440241662115,-2006.3946688028066,13.08270050861159,80.27071940705905,86.2555474115609,spoofed
143,42.66927865585959,6,22000414.095497895,18.321461510278176,189.8704830350776,13.08270508585887,80.27068115160539,83.74001131367949,genuine
965,38.58814586949609,12,21937029.346664693,15.509103065516493,305.35242758369094,13.08270926542422,80.2707192939095,81.75456484905051,genuine
192,41.77360293054613,6,22014554.941660028,152.72859150767474,915.8578476096308,13.082685639604756,80.27068605372274,74.56839721059261,spoofed
80,23.23660738608568,2,21936880.535057142,58.694780678901054,-1637.8637260373243,13.08272035406506,80.27069933341811,79.61902163988026,jammed
405,15.0,0,,42.01592494398218,,13.082717315554975,80.27069518051478,74.666103812213,jammed
632,40.98682683637667,7,21973811.36107294,17.064456976112,-243.44813559183396,13.082702844432438,80.27072043686624,75.99260299628487,genuine
456,26.3847307041493,2,22012268.550449766,70.35528978436078,1890.121872938876,13.082705171809145,80.27068161710504,89.25426817145635,jammed
678,26.48327198032299,5,21939169.81423553,34.588919869109525,-1000.1678068853206,13.082715803741689,80.2707097115204,77.55794171967231,jammed
483,45.990287492870216,7,22076595.62873246,48.669714621125216,2606.652024820829,13.082696465586487,80.27067999698252,89.84612908411081,spoofed
955,45.42635247153533,10,21973245.642331164,7.093446092445036,-614.9142439691731,13.082704757014362,80.27072017646755,68.31629311821305,genuine
757,30.583700804864193,6,22033757.232994746,20.161608566722638,394.1207866313387,13.082712467858695,80.27068414733279,75.17093840407907,jammed
514,44.37977629425964,8,22028606.914748084,132.73728501057545,1700.5479889727078,13.08268520770908,80.27068728995214,79.12173597930072,spoofed
0,44.04537277207638,7,21946932.994616378,151.0509640667153,-1831.7559097085518,13.082955094661349,80.26988297644351,70.13647887903082,spoofed
178,41.703404184725294,7,22022501.033671092,17.425991157388534,-1546.0712167524885,13.08269202540293,80.27068142132127,71.7688315551501,genuine
498,37.02297001219001,8,22048258.524636433,26.95111355325902,-552.2636633422206,13.082689122061254,80.27068248294948,80.171050591664,genuine
340,36.27177622850475,9,22004398.14481655,14.46233127866968,225.44683894684167,13.082709148119276,80.27071540928415,80.07194846576117,genuine
670,29.627468512763688,4,22062360.571057122,61.75961788671534,73.95274509330801,13.082714108885385,80.27071399082119,83.86845945549385,jammed
484,41.858042014018274,12,22024433.426223364,26.498320348074195,620.1833494805716,13.082694238389896,80.27067924575874,72.08522290138882,genuine
669,20.157898276043237,4,22030249.668783944,32.768071407062244,-248.5557625371555,13.08271363052203,80.2707153515497,80.10653745177555,jammed
369,41.86941295042257,6,22013828.120494105,62.16711400600691,-2120.639696989488,13.082716924786295,80.27070852112266,78.55417800794694,spoofed
198,41.98719533319982,6,21973406.125302862,13.171416071768954,-1057.8291167201473,13.082684655712375,80.27068776956303,83.11838163239557,genuine
766,43.44693517161932,12,21962751.951963287,71.09899648276146,1421.6087705142813,13.082708469453818,80.27068196348989,85.91552704274035,spoofed
92,42.171872463975525,8,22046484.96268594,152.88914257010052,-938.9583365486938,13.082720781261797,80.27069546385904,81.42602963182878,spoofed
306,41.3676108383566,11,22025034.755305544,39.9989759725917,1491.2847429938827,13.082697293436043,80.27071834018014,85.2526682495325,spoofed
640,40.16663518890753,6,21984182.199301906,150.13461436910063,-1316.4827090798644,13.082704306913904,80.27071943615576,92.53862392753467,spoofed
166,28.39558621639918,4,21944993.222313784,37.16921024505335,507.68195179244026,13.08269609214415,80.27068056169021,92.22050151163185,jammed
43,41.96181261896139,12,21953042.710406974,115.27390776458532,2546.3008171555084,13.082714050268766,80.27071361349164,78.82857148836318,spoofed
220,29.062027447998062,4,22006329.835513886,48.792214957857055,-863.6101145939538,13.082682604383736,80.27069361197316,74.26849547135666,jammed
943,46.46123178856061,11,22049286.747515794,109.0745541254944,-1655.4952046764863,13.08270053207537,80.27072078251432,76.27401264589268,spoofed
339,15.0,0,,51.913452876650645,,13.082707918073568,80.27071740717462,81.99815343080036,jammed
433,37.823065758405136,6,22045024.591137845,133.59816608746516,865.0178673206733,13.086189967140875,80.27270929399354,76.21485217074766,spoofed
759,43.10636406051013,6,22051689.308396947,13.148146951694464,-632.4275597783354,13.08271086069205,80.27068294274163,80.5104531244404,genuine
170,40.36303076142652,7,21965189.397421006,15.593982699514509,-1265.5620139503194,13.082695774863613,80.27068056853808,78.67614114547634,genuine
597,30.756169296359428,8,22006593.69065606,85.0554958910625,-186.8012777691128,13.082686935626802,80.27071586816929,84.15915726048189,jammed
356,26.941542729476453,3,22011564.10113717,49.25599348715521,-120.73897226708698,13.082714649075672,80.27071446963635,89.43670473127973,jammed
773,45.37656280238164,9,21907683.149443977,13.434788570368973,926.3752420524396,13.08270564924336,80.27068053250981,89.31246086026187,genuine
673,21.460384723025978,5,21963081.170956146,49.88197956373337,78.70932994824109,13.082716603343275,80.27071246496322,73.16393554349001,jammed
365,48.4726371336499,9,22034806.594687767,109.03724130195917,-3282.351097520795,13.082715412775253,80.27071172072083,79.94568126650903,spoofed
568,45.24082742226174,7,22020443.376028135,56.024044518456634,1499.7836975430814,13.081721184198742,80.27358428486295,78.73404727302797,spoofed
494,41.02344131517548,9,21929488.673166092,117.86755853953943,-1950.2940141977806,13.082692034017608,80.2706815409062,73.93483097075676,spoofed
598,27.333703391225157,2,22040938.197517373,29.402586742684168,-779.2469590071476,13.082688601052515,80.27071591559013,77.26610788867887,jammed
992,46.485925136500896,8,22042397.937173184,16.327643245582358,-840.3359546788377,13.08271602151181,80.27071093805758,84.81177855667183,genuine
45,42.54672149182253,7,21986955.008849956,17.401205762558835,141.63947800793,13.082716724372961,80.27071256476908,72.20791360141561,genuine
52,39.587483280164776,10,21961385.465259988,127.34041665720243,2261.9926971066716,13.08271849091493,80.27071111172825,88.43997720734232,spoofed
467,46.843077906073795,9,21986455.318646453,16.52217761406908,413.59237772891345,13.082701948082988,80.27068166676682,78.89762708706841,genuine
111,42.161621851243666,7,22028177.84541542,43.024977059783666,-3563.614604802168,13.082714873433181,80.27068769278236,79.27169463401283,spoofed
969,28.67576559672369,3,21964862.25200894,72.42103603506084,677.2840367932371,13.082709143092597,80.27071732961119,80.60080466689521,jammed
225,44.40683788544625,11,22049543.444755346,63.056989194549516,-713.0639909824392,13.082677703783784,80.27069593638439,87.58012562274763,spoofed
189,44.07890087080802,12,21967344.26204386,39.03609396917196,-1407.0599902272625,13.082687432532403,80.27068294539777,78.65883400233366,spoofed
939,45.64549959278236,11,21986955.69116036,95.54990880509946,2453.1986438295544,13.082697671458464,80.27072029226127,75.09689594616289,spoofed
496,14.319280689341557,3,22027266.163098354,50.31839507395372,-1345.7228450195228,13.082690429630668,80.2706833249837,81.68353595878153,jammed
319,39.054240942212836,12,22008508.847159598,15.036035301881851,918.9938798581942,13.08270210808976,80.27072067737856,81.23778492344397,genuine
184,43.07189109615403,8,21985969.977658097,17.269978157234796,63.73819141405157,13.082688649220165,80.27068367914158,88.86394961545523,genuine
329,42.73066277157612,11,21953940.354724284,136.57991367592751,1238.8571022824065,13.082324064055074,80.27299580573676,81.36547052815776,spoofed
888,13.332390663168368,3,21974149.28875228,26.711980676102748,-451.1629972528291,13.082682650929975,80.27070808649108,77.83083179545812,jammed
304,41.84668913542788,10,21977849.392337926,11.78219437524676,-39.924312869370105,13.082695538111816,80.27071999894439,87.60053061208436,genuine
784,19.974154099676067,5,21900792.83884355,42.596430791948976,-1030.8190009453137,13.082702534535594,80.27067785221206,85.76291289450697,jammed
156,43.72206974140194,12,22065408.920552082,55.88163867696916,2637.1148424052426,13.082701423713855,80.27067857440898,77.62792702317077,spoofed
855,29.14480574758709,3,22032577.031032197,31.53353733025793,-508.34371838858044,13.08267975389655,80.27069682683172,86.8539828038192,jammed
839,41.16015193739963,8,21975422.95869214,15.281028265445759,461.86619342774407,13.082683538935145,80.27068881353307,79.21604104652123,genuine
954,38.678842008999574,8,22043727.612883832,85.35344533472534,-1351.712449542134,13.082704729139843,80.2707209344747,80.0386916721081,spoofed
504,37.666558927567955,11,22113089.79620219,61.430826919031645,-1897.8958447695054,13.08268692056147,80.27068275898537,82.35324793052035,spoofed
744,42.247587052518,7,21984751.339064345,9.24203233296022,512.6281074021134,13.082714545495074,80.27068594178655,78.55167725087284,genuine
539,40.03358556223958,11,22005687.40767431,20.45791809688736,-579.6590625503263,13.082681476822628,80.27069542015006,77.70192456963038,genuine
154,29.998638635222,4,21965293.071942717,68.4953953562909,-143.35002578021786,13.082700994824716,80.27068008211448,71.69504055496489,jammed
642,29.996316643577966,4,22042315.203115385,40.960143442465856,95.55201987135841,13.082705865901483,80.27071717132384,77.21013995726904,jammed
801,39.29075293160485,12,22128625.871848486,17.211110310183,-209.13696573843006,13.082693119717621,80.27067971451392,78.87539856247004,genuine
695,38.91518620145772,9,22036770.150842547,118.60427514322787,1651.912408833261,13.082719546636223,80.27070452739578,77.35537470427128,spoofed
135,15.0,0,,61.408012649801364,,13.082706787688734,80.27067992264958,81.69480949620558,jammed
734,42.80624367256862,7,22014287.67548789,54.96507986632232,-326.21596475800857,13.082716813225366,80.27068954248571,84.59116263266725,spoofed
422,24.26769989117292,4,22051267.401712887,89.37808325625474,111.98195370560506,13.082716611643393,80.2706890767913,77.91455886429024,jammed
210,44.289756355890034,11,22095145.373113707,14.11893470519012,-185.70055239628581,13.082683143831884,80.2706904216566,79.99493383731692,genuine
67,38.19330547261518,6,21960037.610203944,103.35995932100417,497.8183295549668,13.082719788168902,80.27070502247688,82.3077695898064,spoofed
18,45.38636752393599,8,21898998.94822992,154.86248624875262,-70.9212598597178,13.082098910848494,80.2693688866153,79.31144279609717,spoofed
65,43.983368087999814,10,21980398.010206465,16.794782203257355,574.1804870000508,13.082719915312046,80.27070697476162,79.96281826677205,genuine
863,42.209952508286136,9,22060463.228421267,9.902077459162784,-358.2931294211685,13.08267957422775,80.27070077168187,73.28623025358745,genuine
967,39.63711035727685,7,21993813.53023924,68.9554439204492,-969.2518745269066,13.082708357204625,80.27071736622716,85.24634174442906,spoofed
33,42.04921448784155,6,21895452.921334337,72.49672044375617,-1772.7833413681665,13.082711558177103,80.270715572167,86.35535935430072,spoofed
203,43.60984698319214,9,21913114.27024314,16.966148884924138,-849.6370070772438,13.082685186408785,80.27068724646502,78.37420298498122,genuine
132,19.012527732739688,2,22079522.614895802,106.33950553519007,-804.3990074382091,13.082710403536742,80.27067807452762,78.74640543638863,jammed
820,28.79249510444039,2,22018316.6466825,77.12359395757461,222.41605756901092,13.08268831039972,80.27068654946736,79.9211053981352,jammed
21,15.0,0,,31.60415693632797,,13.08270896432655,80.27071833676003,74.26366754269269,jammed
716,39.301543990084205,7,22047595.61774767,157.4832018685313,-1683.4997843920698,13.082720406873941,80.2706975768005,74.35894647147126,spoofed
26,25.212370130671857,6,21862516.19901847,84.95067379095366,-240.7326337856831,13.082710255961985,80.27071799668597,83.76400911470886,jammed
609,42.33226177268259,8,21983622.842235845,34.987969873186685,-2504.1705023261557,13.082692499978329,80.2707188330671,79.06811468021608,spoofed
341,42.76091682257565,6,22010979.246358998,17.771650023161953,462.52393349161724,13.082708213311967,80.27071811321692,81.73754654966542,genuine
307,46.180555482956585,6,21985092.108880475,156.76749093884177,-1386.8745854324638,13.082697131735125,80.27072049636575,79.38409852120547,spoofed
875,37.10352139900742,6,21944966.936788283,13.724179124892729,-1243.7680584638824,13.082681237681015,80.2707050133477,83.43433480667429,genuine
506,34.22285095646944,5,21966706.114443976,91.28028747075386,596.9926475122277,13.082686889394875,80.2706845884272,75.54695851496207,jammed
120,20.643481366062367,4,22026606.468694072,39.06502554195641,836.8157429142005,13.08271516816078,80.27068486135475,82.9137322032905,jammed
372,44.141984956416316,6,22033926.19757,22.646567394836477,1331.3866011981104,13.082717977932155,80.27070936989294,80.7343758656091,genuine
576,45.34046525003043,9,21929654.291719906,16.03875298807062,-125.85426627877303,13.082682638923629,80.27070868217379,84.80578606858926,genuine
942,43.22691677248455,6,22013820.718212686,15.50084818996737,654.4560746195888,13.08269973268554,80.27072109195846,80.5569253066554,genuine
211,38.68401820565109,8,21977328.08508157,17.001549541548368,-142.85757431508296,13.082682798066145,80.27069155816534,77.5490194326099,genuine
520,39.57462620087147,6,22007964.889191482,12.166434873449251,-90.43229669710749,13.082683024229963,80.27068780093686,76.69210557788219,genuine
475,17.564341492169092,3,21988208.28780929,64.6663785406881,-1237.1898875321897,13.082698318874126,80.2706804940746,81.04601246243321,jammed
939,44.16492159604288,11,21987869.047629986,8.603730139123668,1526.3587946775053,13.082697671458464,80.27072029226127,75.09689594616289,genuine
889,37.740017843474064,9,22034201.89565587,14.632606692047998,577.819317742402,13.082683987787966,80.27071012217046,85.45286793686924,genuine
258,28.418638888724086,2,21971718.062582247,50.68434695280372,217.37754231645,13.082680540828642,80.2707098047582,82.99913387730325,jammed
585,48.339649048534476,9,22018418.45539628,93.08851115717287,-1414.0000512246952,13.082683776279799,80.27071213952563,86.13725648404328,spoofed
959,28.24072851972216,3,21979473.30059925,46.10902345134803,847.5754585034863,13.082705763868011,80.27071889625854,78.36653705706524,jammed
236,34.20957275972159,8,21997671.275608514,124.29286488173923,-1867.6613348034412,13.082679708805555,80.27070018453439,79.497455815929,spoofed
325,32.95059998348959,4,21894615.53061928,22.55789969410827,779.6334678857935,13.0827038313995,80.27071914909226,79.35620712135166,jammed
354,44.671178889972595,8,22033068.909494586,19.87992025147026,-648.7111550468709,13.082714327214445,80.27071394305622,86.36211080142024,genuine
578,41.82251545531387,12,21989556.395453546,84.21612891960817,3297.719983880431,13.082682824742916,80.27071098866392,80.24393552517316,spoofed
96,38.693250969114,8,21929501.514845807,25.79329505352417,1077.858593290847,13.082720338805954,80.27069332734575,88.59118620725691,genuine
791,18.08738549892536,3,22034874.41559605,19.34761213541013,-179.50316301273216,13.082696819060503,80.27068135819474,78.01767058976746,jammed
470,46.14936767149115,8,22026876.931459025,137.23272526312397,-2743.020812876329,13.082700621344564,80.27068122749529,81.5014671872059,spoofed
644,22.464133366070826,3,22062955.742466737,81.77329386365669,-255.6616976016378,13.082706639129713,80.27072047211549,82.10506651230276,jammed
589,46.027790371249054,7,22051120.361268025,12.645891711122319,820.9517344854911,13.08268655439341,80.27071305537626,84.34033949222922,genuine
13,44.629882884381736,10,22101736.111617226,84.042326575087,-1322.4521525787559,13.082704224528486,80.27071949891346,76.76136178460843,spoofed
689,26.66003906493701,4,21912974.85054861,54.09584248554845,57.136239731453934,13.082717660593728,80.27070800211318,81.02110462810818,jammed
756,40.13501389446472,8,21996947.65291371,84.15283901882813,-929.371712773519,13.08271251967631,80.27068407690571,77.6290669207263,spoofed
129,39.68356014648619,7,22009621.05588841,12.239876354942117,-51.09646809959407,13.082712490200155,80.27068258693919,76.46238351998026,genuine
513,41.78474837044738,10,22059439.205717694,13.648017220983208,-670.4153443405481,13.082684355803147,80.27068639126522,78.33055594244269,genuine
71,39.1667819649913,12,21941826.310010385,16.00672426607461,573.8787660869418,13.082716700004987,80.270704345625,85.85033202109828,genuine
635,15.0,0,,43.37617192179185,,13.082701728043011,80.2707196799183,80.09412548290524,jammed
905,49.84750940689338,9,21974855.82685078,85.79454939679417,1815.1628792047086,13.082686061629369,80.27071572356074,80.92073486455787,spoofed
442,43.32605908389035,12,21939555.504872374,111.71118897938481,-458.0047334165325,13.082709369225954,80.27068408741472,77.26118185826563,spoofed
379,40.38961309711514,7,21947580.66758286,92.67305332293414,-2190.5400119338474,13.082718212901518,80.27070413194382,73.93841285854022,spoofed
507,21.89569722517951,6,22021700.491172504,72.41571691384534,-536.7419929288939,13.082686187638872,80.27068576509063,76.4040655201853,jammed
495,44.190124907825265,9,22018348.678584903,155.68612969851617,-1965.8042262223298,13.08268928891465,80.27068009230203,77.36095426820053,spoofed
545,41.768136854640545,10,22043622.044536486,145.4938345185876,2160.747202716349,13.082680096806072,80.2707002245835,80.63620724486626,spoofed
370,42.02856513890165,8,22007861.64217181,8.71308762509315,-874.04341630673,13.08271806067271,80.27070712188022,82.40587044337269,genuine
456,44.69060039366596,9,22012268.550449766,18.774309462370216,1907.0888303854986,13.082705171809145,80.27068161710504,89.25426817145635,genuine
725,45.65294716680082,12,22004633.97230145,22.134923836132344,1298.3787589035044,13.082719623545731,80.27069438667101,83.25369713828614,genuine
68,44.14493970314288,9,21942658.39589163,23.41191792670049,-135.89958686379134,13.082719329824423,80.27070286078123,77.74499385276603,genuine
245,38.51231789381687,6,21978043.789173782,122.39975326973821,-3178.75532398188,13.082680080273994,80.27070449594292,73.15754283238807,spoofed
268,20.832407097019292,3,21947142.256293084,70.65470546986587,651.0886585049218,13.082685655815073,80.2707139930268,86.91163722948232,jammed
794,13.344269708273373,1,21920983.034107722,32.35332456176767,-543.6762443734854,13.082698347010346,80.27067943745712,85.25612986862963,jammed
881,44.369124024620746,9,22025222.232383125,18.12605965289733,-1211.0093013119804,13.082681140082947,80.27070491902796,74.67731487622001,genuine
947,14.81942088038069,2,21951419.06134935,50.020066584446084,-120.57522915191768,13.08270253420258,80.27072115742651,82.62445182158497,jammed
231,40.52323246509128,7,21952973.48922494,10.47596248392789,182.76854538585695,13.082679763760755,80.27069644437991,85.55077057941338,genuine
377,36.99119426983371,10,21969190.363000464,9.631921354312166,-392.1106785915034,13.082717670431922,80.27070635448227,78.9943191107919,genuine
428,38.19698100805239,6,22059110.24569062,88.69129344583402,-1286.0067991107155,13.082713903969818,80.2706858194512,85.2291529588035,spoofed
862,41.85397189035329,7,22016199.512813605,12.377925535144785,-290.0887603495337,13.08267995745142,80.2706999592257,78.19490782636854,genuine
432,41.672283373280685,11,21949138.782944918,16.384098646654103,-1137.4096552376925,13.082714456271146,80.27068674487663,78.85000401986109,genuine
517,43.99233673871128,8,22030226.174675945,94.96842816910473,1866.374823738478,13.081983856897693,80.2693569040809,77.99478091290456,spoofed
228,42.55360676042923,7,22094099.766652156,37.81243865296813,-1288.3808711706743,13.082679875163485,80.27070014386733,73.01563545358607,spoofed
751,18.171301719916915,5,21920891.649193656,42.42216887051101,179.16766178865058,13.082715940559908,80.2706836960926,73.43780573899738,jammed
928,22.492999553755133,3,21978213.495591663,44.626518555821285,-745.5052322820952,13.082694249342715,80.27071937235466,81.00199750240147,jammed
994,41.72566454592454,10,21999887.487774793,13.81370140451299,-256.19259384114633,13.082716428428224,80.27070951963151,79.17172093687925,genuine
301,38.165346487709655,11,21983634.72848725,17.801645891161286,-1327.6774706611236,13.082695147062669,80.27072158398292,78.25756960986551,genuine
992,15.0,0,,80.53995503129946,,13.08271602151181,80.27071093805758,84.81177855667183,jammed
378,25.64120487174578,5,21940281.72596378,25.778431148766067,-831.1183209599736,13.082717942944122,80.27070581778679,79.3190014560801,jammed
591,26.76637995562513,7,21995235.710649304,41.34770638699217,-203.90379945013774,13.082685444587757,80.27071546051457,76.53459724005896,jammed
143,30.678834192657785,2,22000414.095497895,40.53313163788425,-255.52376132621475,13.08270508585887,80.27068115160539,83.74001131367949,jammed
110,45.538775523147976,10,22066143.719627813,139.8314847766248,1899.6609458383668,13.082662711311794,80.26868184306007,73.27846438237185,spoofed
172,40.86254129914805,9,22000099.967820756,13.643117535341377,-880.4522664241214,13.082694915276765,80.27068069771016,84.0587954923968,genuine
679,18.278694043418383,6,22016752.11837687,80.45844810738974,-910.9379909732522,13.082719034897712,80.27071228677649,87.72029024000263,jammed
485,42.96849988119194,6,22006826.6359741,123.0333205432829,2199.3297943102534,13.082695151369808,80.2706800023271,88.04815528515817,spoofed
248,28.148501124528636,7,21934409.84171114,27.9007013092076,121.58735568199552,13.082680531612983,80.27070555545356,87.40114934485653,jammed
814,40.42983479068656,8,22013071.0206365,12.780491817906219,-1902.4431702006402,13.082689886156183,80.27068173705162,78.60036086898573,genuine
208,39.80461908267812,8,21883731.431256287,20.930712510594155,-624.9528209176048,13.08268324289097,80.27068952586002,88.07715136589297,genuine
218,41.61373580187525,12,21994341.579513554,9.29896571674421,64.48622049641727,13.08268034611735,80.2706956675026,76.08961063165819,genuine
948,42.95721434096262,10,22036984.625420645,13.132785168252425,-816.2106336947365,13.082702151435027,80.27071978724886,74.43198584192561,genuine
16,42.92187696020625,11,22027406.41898211,23.533838202094866,-1115.0681216277005,13.082706121988707,80.2707189970695,76.5653575006914,genuine
271,43.34890150962933,8,21937383.931649435,107.06217241737524,1668.430350039498,13.082683812465659,80.27071251328822,89.36117337818226,spoofed
367,39.9443749567742,10,22070625.65349805,11.082994730516898,-947.007277648156,13.082718082164318,80.27070879597244,87.73216948078026,genuine
406,26.874874270470634,2,22053565.22694648,39.52159833446171,243.56511794890417,13.082719367095196,80.27069441426995,86.78668791999903,jammed
128,26.143523833963666,6,22058775.32882544,58.75549174842254,781.1952374820816,13.082711833233976,80.27068160174775,81.96249468500807,jammed
884,39.26669035528155,7,21995664.764957894,13.609518535060452,-1059.5057664615106,13.082682580931634,80.27070775365597,78.71737221328699,genuine
319,28.27159707756562,5,22008508.847159598,34.96155307017122,789.8218944362942,13.08270210808976,80.27072067737856,81.23778492344397,jammed
388,15.0,0,,48.968920113965325,,13.082719633373078,80.27070181701251,78.10830982738048,jammed
675,45.04765882890863,8,21959580.513515312,61.775327059252014,-1472.316704557607,13.082716802085045,80.27071322454233,79.29054500714429,spoofed
793,41.94726731407688,10,22051272.078235567,86.70706851770187,661.6393566495058,13.082697898216852,80.2706803049504,76.96906526182933,spoofed
888,34.38254395203077,9,21971574.235863928,45.89898552328843,-2596.107749028799,13.082682650929975,80.27070808649108,77.83083179545812,spoofed
614,41.59160378472184,9,22009675.86113818,151.68193013566218,-2397.2403244452844,13.082694959339516,80.27071846444575,82.80640263200608,spoofed
443,44.89026478751487,11,21964919.859525677,61.869098185238165,2162.8811923577205,13.082711404238697,80.2706833512057,79.03736715238371,spoofed
936,15.0,0,,71.47781872443474,,13.082697731466046,80.27072002949052,86.75592164229501,jammed
394,43.75488406555318,9,22027142.91122388,13.337787328301149,-580.6865765497114,13.082721172568638,80.270699244892,84.97036585002948,genuine
319,43.382053700163844,12,22006945.13848416,103.51984049679888,1573.9768443199514,13.08270210808976,80.27072067737856,81.23778492344397,spoofed
624,21.778284460203288,3,22038626.99037914,22.704472122223557,-690.912734049465,13.08269892872086,80.27071948865198,72.95315306220729,jammed
984,42.93596612926566,11,21985996.568655957,15.091971077856599,311.44431288352814,13.082713778963756,80.27071324334686,77.13029918150292,genuine
632,44.518503688541664,7,21974869.812925972,145.2815039392749,-905.3705392706095,13.082702844432438,80.27072043686624,75.99260299628487,spoofed
542,42.619164752772356,7,22049827.74422492,14.520581987170146,-14.07834340451051,13.082679470383054,80.27069744485772,75.89994398680248,genuine
803,42.94820008591291,7,21974629.971179977,12.793088438170251,1342.0555599003287,13.082693723358298,80.27068220678629,80.24469196354056,genuine
677,43.05047149681234,11,21985017.34679723,19.88332684989065,58.92527599375562,13.082716106679944,80.2707109326139,78.28739575650306,genuine
406,41.70614458167967,9,22053565.22694648,7.967496864938837,530.0209038250242,13.082719367095196,80.27069441426995,86.78668791999903,genuine
459,29.501032864080557,7,22010765.131497074,19.917434566453622,25.6270744229732,13.082705969920317,80.27068038940469,78.97383914031316,jammed
16,44.73981003115327,11,22026740.211626858,103.4266860827997,11.058768256579242,13.082706121988707,80.2707189970695,76.5653575006914,spoofed
819,28.566890410453695,2,22024806.03540444,85.46766623401474,-131.29398810255108,13.082687521947394,80.27068610979723,77.5838464601727,jammed
552,42.74104500202165,6,22024896.14671347,17.614218803745153,-452.9514198880005,13.082678970436358,80.27070035458776,83.63064528057777,genuine
362,44.49956061727573,7,22052187.169886027,15.630825982154873,8.26845054588378,13.08271570346414,80.27071150118256,88.24287361486934,genuine
549,43.65666492596371,12,21931042.53743257,16.00425148637965,-770.104380068761,13.082677875327994,80.2707004650924,77.87357401400945,genuine
970,41.293010627131075,8,21961295.705750898,25.31947267828334,430.798282912866,13.082710947470614,80.2707158101005,82.2260635512351,genuine
835,39.50216794122336,12,21953039.98949594,122.81978825247106,-237.34654925576274,13.082683644790212,80.27069049961652,80.32283987193695,spoofed
38,39.9387969607719,7,21941758.595176946,15.727574026677976,281.54461665492596,13.082712279533624,80.27071466316906,87.85697498475385,genuine
940,42.52902433198763,8,21952099.41996494,17.63101009061948,678.298631597874,13.082698334638964,80.27072018110606,69.06853377186535,genuine
81,40.345185147333375,8,22001471.17877925,10.920866760077837,271.71341337068066,13.082719077777117,80.27069942156365,82.9280282090489,genuine
779,41.126838647694576,8,22005564.97864649,29.82683108177335,-963.885641709998,13.082701891129856,80.27068004084644,74.91620212580736,spoofed
788,39.29393200652928,11,22013847.933760967,21.522568485577757,-370.99595023802954,13.082699867996393,80.27067887247019,80.2138378265398,genuine
730,30.3405220621039,5,22011714.918018844,56.35681088042795,432.1600240648793,13.082718282985224,80.27069077239386,80.57058785569306,jammed
805,45.90077937948803,9,21976314.688914083,50.82211953706097,-1549.6371816474384,13.082691592182977,80.2706830878876,80.81940384538021,spoofed
877,41.44758170553411,9,21994261.102549903,7.613960182694842,-909.0422903140244,13.082680612962305,80.27070471514276,73.09878678344418,genuine
355,42.58219505034292,9,21967922.86396086,14.224348552337998,472.8852115444454,13.082714258038274,80.27071470004525,86.15129228939848,genuine
676,15.0,0,,77.75415165007865,,13.082716218383364,80.27070972745175,79.59556773152434,jammed
559,15.0,0,,36.35212469873148,,13.082680370343914,80.2707035712585,84.50539420118828,jammed
299,30.32691122539071,2,21907391.90722994,41.982483689772415,-1311.466066047349,13.08269517003112,80.27071809447932,80.32584533182116,jammed
937,42.01369413354766,8,21951447.31150367,143.77024745067465,-1758.4072304524925,13.082696726727065,80.27071967732564,87.22237649686546,spoofed
487,42.38122802382358,12,22002001.47055518,103.21732761613178,832.589738381032,13.082692087909072,80.27068077884945,77.76495270044073,spoofed
35,46.24848794967779,7,22027030.34184979,77.91136869197996,529.7753963234504,13.082713792940547,80.27071457775827,78.54768412929775,spoofed
961,43.455714112876834,7,22052479.832600523,120.55800665675179,-2367.248448256662,13.082705384567767,80.2707187723757,87.34785347880755,spoofed
642,47.131712454864726,12,22042315.203115385,20.32842587360024,161.3260341075844,13.082705865901483,80.27071717132384,77.21013995726904,genuine
958,28.77597659399833,5,21958620.787963267,42.5014513808195,372.5258918806967,13.082705080027749,80.27071937565671,72.24874289857357,jammed
554,41.782264572368724,12,21943852.147544645,22.117797361325167,48.81188433136428,13.082681090741744,80.27070152820993,84.98692291853183,genuine
821,47.9048130807564,9,21986954.520191845,160.02659094928694,2171.8643210859977,13.082687691497187,80.27068479737893,73.92373267848633,spoofed
693,36.370556773452385,6,22100546.305620026,13.213474698665921,-582.0589454571154,13.082719346870823,80.27070718701665,75.46844253524748,genuine
233,47.445239149460235,12,22004060.909205906,56.110690950526696,2661.3778440272727,13.082680352291435,80.2707001000773,89.156501602887,spoofed
643,45.321376086892734,9,22016321.090610925,162.0032606607232,-1466.4420871631023,13.082705207244933,80.27071900752101,96.46927054184074,spoofed
482,44.1234769884829,7,22009058.13738064,145.0685582310541,431.06359784331374,13.08524302637128,80.26815427963025,82.66088079922577,spoofed
649,41.023840126342975,7,21964025.922701072,13.01111043029896,1136.0223342296833,13.082706356899855,80.27071926666514,78.94518860314659,genuine
944,31.24915382262253,4,21993513.189840574,108.82767151049448,-448.9065854958897,13.082701092488913,80.27072141019578,85.86781171877801,jammed
479,49.34404861919707,6,21934813.749428265,156.25001353359454,428.8868247289869,13.08269646164539,80.27068154504754,87.22125198201189,spoofed
223,21.634481073336303,5,22030314.557805434,41.42189018080874,868.9964352743699,13.082680921008427,80.27069604201498,70.44092420124248,jammed
420,42.23031664608527,8,21847618.37173236,24.72298896130114,-195.28697481768117,13.082717194288497,80.27068992819207,75.78758978715636,genuine
593,37.870602129551834,9,21968532.775783274,15.770399960744344,-353.05159511654614,13.082685582218657,80.27071702648654,84.18926674434069,genuine
559,39.778006716922704,6,22018322.557328578,12.744123213802927,457.67657887878556,13.082680370343914,80.2707035712585,84.50539420118828,genuine
339,43.5219036805611,6,22028933.08169076,17.466338969195494,1144.879332471438,13.082707918073568,80.27071740717462,81.99815343080036,genuine
972,24.57411208772865,3,22066125.216576155,24.92311744037115,-356.9584730536386,13.08271261140805,80.27071676000223,84.19854968279984,jammed
89,28.365255441720397,2,21994031.690036155,47.86308576162177,-115.66320768815086,13.08271926871543,80.27069529435371,79.29140952228084,jammed
667,46.472113647107754,7,22065924.851615377,38.52246152469072,-640.6589836164088,13.082715591006208,80.27071438016117,77.91957439366736,spoofed
706,39.723562790196375,9,21991157.04032136,20.817479071532368,-1591.3340570378186,13.082719518720273,80.27069951195627,83.69472952061723,genuine
715,39.79163023407584,6,22040891.13769788,102.56379072908038,-671.551003538299,13.082720115191476,80.27069613220662,78.49942453507494,spoofed
134,40.149449061565306,9,22054615.36647331,134.17934881150398,-24.66024594436834,13.082707874155396,80.27068401127829,76.72863157007835,spoofed
194,41.08113597495163,6,22045287.296189014,63.332700296394854,2450.629809445437,13.08578673040703,80.26953661378792,89.10316298602861,spoofed
605,42.66256422618671,10,22014159.66271538,44.22512335704204,1101.8411313278502,13.082690129294646,80.27071753952534,86.19579999210217,spoofed
802,24.023905652484597,3,21962499.913187575,39.60021970952018,-871.4379319526331,13.082693438530155,80.27068120435139,78.77466214203318,jammed
444,20.402224702393156,3,21959919.057961576,35.367287674326406,1661.3462682913382,13.082709410993305,80.27068350621363,79.54517552604335,jammed
936,35.647191144820454,10,22050489.71537629,168.86150864382756,-2104.026390909444,13.082697731466046,80.27072002949052,86.75592164229501,spoofed
960,46.042185996246516,11,22004479.63836842,10.769489319113346,1975.3568293542544,13.082707436332774,80.27071812006876,81.69240306844516,genuine
265,33.604085513945975,4,21941189.98416783,28.367283431173554,-354.1750969102771,13.08268353382293,80.27071349873077,84.4189248063098,jammed
164,26.273346177354597,5,22006431.079624563,37.39174352430204,1.9254834508470258,13.08269629574882,80.27068036000792,70.94777147820844,jammed
371,45.32240147609247,6,21989548.38719863,17.550693578067204,333.89664242546337,13.082717246534202,80.27070812226201,77.07144235505407,genuine
649,42.23377390152488,7,21962252.413749002,147.52963795018462,416.34254217075227,13.082706356899855,80.27071926666514,78.94518860314659,spoofed
97,39.45255108763754,11,21990108.061775174,48.49377246508754,-945.1747372084089,13.082718892371794,80.27069371722446,83.93161834145789,spoofed
75,42.84493339220898,9,22004011.336140815,73.26067242039122,2818.910700117447,13.08023984060261,80.27041917445617,76.47404395535337,spoofed
493,24.710397941986386,2,21959685.908965766,69.31290483382635,1099.8307092071743,13.082691073188084,80.27068204543096,76.68516976515123,jammed
575,24.87092281768928,1,21982892.355463397,80.92551376300726,-115.94193071926274,13.082682012791583,80.27070858219889,81.11807453219853,jammed
694,27.73781321832435,2,22027449.143703844,17.479794395445705,1473.7527663964593,13.082718297479573,80.27070485669749,77.13716674189381,jammed
484,15.0,0,,103.06134595628006,,13.082694238389896,80.27067924575874,72.08522290138882,jammed
786,28.146382386434812,4,22000667.779577184,51.7487011563217,-2368.548712462907,13.082700142142308,80.27068257337896,77.76290427905161,jammed
500,45.409655574534774,11,22019600.546868287,11.167690829011654,-543.0305390737426,13.082690197056325,80.2706817487119,85.41210725808475,genuine
147,41.648022783959036,12,21879294.607448447,10.153007111306897,-72.255208204104,13.082704885523158,80.27068109688555,77.1650083202938,genuine
858,20.582793521324735,2,22009877.814126376,42.661128402738505,-1629.612725870201,13.082679313906883,80.27069705076744,80.2856380672678,jammed
258,41.665442588709894,6,21971718.062582247,15.56937597071006,606.2214087489498,13.082680540828642,80.2707098047582,82.99913387730325,genuine
56,45.87447474190901,8,21962474.768222343,93.53510050856003,-2085.2155784839942,13.082717324468831,80.2707085556277,74.57214882542249,spoofed
769,46.20454154825206,12,22023880.53648784,12.547689196531447,-536.9190361045373,13.082705457657873,80.27068111754717,82.77534860035672,genuine
13,44.818103017420086,10,22099875.708890237,19.526297007469772,436.7030701913162,13.082704224528486,80.27071949891346,76.76136178460843,genuine
635,41.28444262539833,7,22004900.09570497,18.342088426430045,813.7418780961642,13.082701728043011,80.2707196799183,80.09412548290524,genuine
892,19.66802078831032,5,22033427.767162837,43.00834424047673,412.5716847150198,13.082682804012567,80.27070913960664,81.01606881147346,jammed
133,41.23192444091407,8,22016019.504564755,51.378022579483414,2069.945033054472,13.082708565572602,80.27068294885632,77.327646891437,spoofed
296,27.499219591136313,4,21999604.774231337,39.04701700461452,1145.8549883765356,13.082689784440737,80.27071872354944,78.12299918012383,jammed
114,42.180323769284676,10,21980809.953714613,8.345613736932547,-31.12802782897402,13.082714745502404,80.27068744494315,76.85781199408933,genuine
816,15.0,0,,65.17830677256764,,13.082687475650852,80.27068485188138,88.14599007404445,jammed
594,16.475145207835816,1,22023390.989145484,79.76472319788589,901.6525090247329,13.082689355696056,80.27071478531677,79.78926593143655,jammed
957,47.60730078100746,11,22027056.5419109,24.704334695909345,-1075.3891176133852,13.082707485321116,80.27071884046322,83.81667056192245,genuine
867,43.393246085523174,11,21979948.336387027,122.81578618842138,529.2077872577553,13.082681961119373,80.27070096534969,77.68710576356457,spoofed
241,41.764343614368606,6,21931583.285122443,10.277885607984542,-390.41592124954764,13.082679334547118,80.27070260032309,88.92563900982945,genuine
541,39.93442633409012,12,21976872.21418377,15.69555869880796,1759.0782827858657,13.082681020519798,80.2706962036017,82.78279564046662,genuine
354,32.055420352348094,3,22033068.909494586,92.23106999455047,-711.8299891012995,13.082714327214445,80.27071394305622,86.36211080142024,jammed
770,32.34065687943259,4,22039468.327783484,78.40103503279113,-570.8518744020663,13.08270595739045,80.27067979397894,82.10589541832113,jammed
679,41.58268017472859,12,22016752.11837687,18.884038494325733,-856.7255966756154,13.082719034897712,80.27071228677649,87.72029024000263,genuine
992,47.49606732277223,8,22041830.648369767,132.63295695882425,1081.6903403411482,13.08271602151181,80.27071093805758,84.81177855667183,spoofed
56,41.31214437193329,8,21963782.87402959,14.458833308385135,-947.7477149298593,13.082717324468831,80.2707085556277,74.57214882542249,genuine
252,29.87978194143082,4,22015690.951005355,37.043467091621686,705.8789141847278,13.082679833464342,80.27070493458116,83.30336456501125,jammed
870,42.368511494088565,11,22071498.363676038,105.91266603926883,37.42557111243377,13.08268214155881,80.27070207243575,80.3954991027291,spoofed
795,39.50499658134827,6,22023536.41097081,109.29928541123425,-1127.3549689619567,13.08269666313619,80.27067982120107,88.87849016182857,spoofed
435,40.48749821797817,6,21914041.943306196,11.26941758528637,-845.0123266325344,13.082713943013331,80.27068555600263,72.9927442613791,genuine
249,41.21131774076537,11,22035546.018890996,131.2273242874021,3546.231024808413,13.085491319866026,80.27267071863882,82.62536020431034,spoofed
57,22.818100835420964,6,21970913.932539888,33.2352438820404,876.4082818061393,13.082717484217804,80.27070891241836,78.70839821364441,jammed
917,44.23251772085937,11,21913890.212890614,42.46197661463433,-1120.1913025266185,13.082689709177913,80.27071645691645,77.64638038874247,spoofed
155,46.41982478394971,10,21974669.86520144,9.713066276683604,1143.6255796547518,13.082699886985317,80.2706804107128,84.09703060432398,genuine
699,42.70137596432699,12,22007893.49900929,46.71869553890154,-1353.901083351382,13.082631490350398,80.26986423925423,76.50541831296664,spoofed
996,43.54073655373826,11,21966623.92816949,93.53834216412949,-1645.2451617917673,13.082715193721999,80.27070917490835,78.97739230413401,spoofed
361,32.1833755740928,3,21991567.412329976,30.417912381642566,-1038.5864896557905,13.08271464761552,80.270712626768,74.96480887857446,jammed
16,30.911251501498775,4,22027406.41898211,74.35946469886255,-897.2562681917847,13.082706121988707,80.2707189970695,76.5653575006914,jammed
60,37.79282557096049,11,21968581.444594026,13.09980968903902,-202.1778500584468,13.082720264368898,80.27070741130247,80.32234463051336,genuine
29,43.07705250751971,7,21978776.864510905,24.46524442711272,-736.3646049994398,13.082711999732346,80.27071656887638,81.04839654545745,genuine
782,46.4939029166116,6,22094309.457927804,4.450246765600141,-191.5989084693971,13.082700887345313,80.27068169150496,78.73369195170595,genuine
35,44.82243073180223,7,22027768.011425428,20.741282122579943,1248.949226541186,13.082713792940547,80.27071457775827,78.54768412929775,genuine
613,43.06159900377594,11,21962435.769139223,55.43087448219067,468.2963789407303,13.08269370791848,80.2707203736999,82.91176303683561,spoofed
446,28.32032612738534,6,22004741.34298652,106.2826870559935,-803.8366297571133,13.082709150641769,80.27068101079577,69.8845737348347,jammed
171,27.71837660631605,7,22011198.371418674,48.73599664864287,-2.894020319073082,13.082695807836727,80.27068108770774,77.90807465192039,jammed
650,21.94789471688391,5,21965286.811887596,41.58421141792128,-1270.9919351268447,13.082708516031937,80.27071769770474,77.80102075255296,jammed
310,29.159720863993368,4,21903954.20370524,54.3551607647306,-2563.199552066024,13.082697009816739,80.27071955360627,77.73779830243642,jammed
60,23.682099741754715,7,21968581.444594026,50.5387442303549,576.6878854337615,13.082720264368898,80.27070741130247,80.32234463051336,jammed
358,39.841636838151544,11,22033605.715754822,16.216994582002695,-278.6954905872578,13.082713612108769,80.27071133743136,73.53682599001054,genuine
123,29.922859985472712,3,22016200.626209497,53.61202152729106,862.4211714918056,13.08271533190131,80.27068450016846,85.52091691084847,jammed
499,38.262347924431985,12,22004393.381854035,12.573018985429385,481.51651888515323,13.082689886107818,80.27068203814629,83.48103730918042,genuine
630,46.35022777802206,12,22010463.744112372,44.59276775804628,1753.5789900710508,13.08270215419654,80.2707185369863,82.58207141377203,spoofed
427,47.791998432986944,12,21902547.703894682,58.16979194483819,-1798.0735235065617,13.085453307153182,80.2735798634642,78.9989359518875,spoofed
524,45.50955348016639,8,22023830.148366198,4.7763586849758966,4.149158927216068,13.082683483217732,80.27068997410953,80.47255746683787,genuine
200,15.0,0,,69.69962011628381,,13.082685224951197,80.27068912823073,74.56382339205823,jammed
737,44.01752070486118,8,21935654.62797318,9.623558098893128,-768.797073539456,13.08271593307693,80.27068856058605,74.38688405705842,genuine
50,42.72279849672496,11,21988167.058767404,12.564432195924109,-519.2478024330235,13.08271685061834,80.27071247632655,79.80208642513776,genuine
265,44.53178954454957,9,21941189.98416783,11.527673790373235,-355.29716349241227,13.08268353382293,80.27071349873077,84.4189248063098,genuine
880,46.18095311974529,6,21880925.072050214,48.25880663399475,-3095.117227705662,13.083914348862862,80.26691039548673,76.37067978753387,spoofed
585,22.277937779927676,3,22020363.194686774,32.53697935649481,1001.2869242399019,13.082683776279799,80.27071213952563,86.13725648404328,jammed
664,19.465802670949813,2,21962806.95364522,29.461911546533525,684.5133313698503,13.08271097439388,80.27071610816036,73.74380607202504,jammed
315,15.0,0,,38.184038640721276,,13.082700403459121,80.27072188934156,81.7477897431603,jammed
518,28.125757382980574,4,21999490.194218747,75.44843684522506,1535.0568833524012,13.082685579813498,80.27068817418102,78.03351026488927,jammed
60,39.76492247327722,11,21966510.27116312,67.34003720901705,1473.6343416166965,13.082720264368898,80.27070741130247,80.32234463051336,spoofed
345,37.75337694229341,9,21971743.300983585,40.61288436004051,1313.2020387728405,13.08271175626296,80.27071573214842,88.87091111751884,spoofed
143,44.1992115447154,6,22002093.86250296,59.215461328246356,1774.7495597149434,13.08270508585887,80.27068115160539,83.74001131367949,spoofed
802,44.40724537512824,11,21962851.126140006,59.026912640501386,-2776.150807681679,13.08455598750299,80.2685456100708,78.77466214203318,spoofed
336,40.32214930650855,8,22002870.50357191,19.903366471637128,1714.757459821584,13.082706513802778,80.2707183307183,81.02828320297449,genuine
548,43.76712410224763,10,21961828.034134466,12.538764556173069,-1154.7574375494717,13.08267820441641,80.27069794391957,90.09132771896093,genuine
356,45.060391026713894,7,22012876.59099175,52.606446263666285,-2129.0384240898925,13.082714649075672,80.27071446963635,89.43670473127973,spoofed
156,29.508315165200194,4,22063644.138437733,24.757751238057043,346.2367911047713,13.082701423713855,80.27067857440898,77.62792702317077,jammed
887,40.921651404401224,9,21923356.756082363,24.39189565996565,379.8530582904732,13.082681421389488,80.27070962889759,80.39462606341613,genuine
721,24.494403757505886,5,22000563.884830933,20.64443830569004,1004.9174209646507,13.082718422639104,80.27069441008713,72.18098249897164,jammed
916,45.4038058470127,11,22081766.870770402,52.03438863440085,-697.9127656873208,13.082691184167496,80.27071733355453,75.44168811915624,spoofed
494,41.22831736113397,9,21931987.82812039,21.918601805964997,-726.4499458633201,13.082692034017608,80.2706815409062,73.93483097075676,genuine
580,35.97519508550031,12,21935693.49816456,10.714117981112851,-659.6980569636902,13.082683582473187,80.2707087730761,68.60655498277322,genuine
246,38.40465937216003,6,22073081.43546218,144.3107452545571,-2345.101024580347,13.083284802789787,80.27251852536946,87.36612172819736,spoofed
569,44.279037744204864,11,21981736.334839966,150.82019045859147,1642.2312295998909,13.082681164440354,80.2707091433847,87.89501555794945,spoofed
431,43.186742721158005,6,21970844.246384867,19.003595608348277,632.0604395777851,13.082715609518727,80.27068603128617,73.2566217181302,genuine
189,27.042072600742557,4,21968024.830455627,25.560735340527913,-1474.9368748187194,13.082687432532403,80.27068294539777,78.65883400233366,jammed
229,28.659008527662706,3,22056367.738082122,39.90074188542506,85.97577800913291,13.082680422115144,80.2706975112951,82.29915153232413,jammed
449,42.91543318780781,12,21978991.398092195,75.7438433266509,-522.3697673157502,13.082708443919664,80.27068317050492,80.68129153126746,spoofed
447,40.674237865246404,9,21939401.137958843,122.40332935620107,43.71045383616172,13.082709055819597,80.27068296764658,77.19535499560482,spoofed
212,42.076578731486045,8,22012990.392840274,1.0,477.5567178471066,13.082681841736864,80.27069133042066,78.28135664231073,genuine
275,43.58526757886162,7,21976580.93192433,97.20225123883189,612.0532458587091,13.082686089198798,80.27071537717764,82.59092441392251,spoofed
64,21.244528201978028,4,21992709.47709556,61.8601101296539,-328.8627366912848,13.082717903333531,80.27070439101975,79.17117541673063,jammed
245,24.81634760983004,4,21980568.34094666,49.208144180214816,-1566.5667012358633,13.082680080273994,80.27070449594292,73.15754283238807,jammed
75,43.72621338516942,9,22001256.4355608,26.364959129896945,580.5663866549777,13.082719847313786,80.27070227932249,76.47404395535337,genuine
396,43.419225883811265,8,21962655.664742045,48.1551779943675,-592.8523196343322,13.082718489189588,80.27070038653187,78.12759055257091,spoofed
748,15.0,0,,61.643187863277596,,13.082714425171178,80.27068656502144,68.29153479571778,jammed
312,27.05502798059542,8,21999971.84514385,11.43547744604815,-23.803800866885226,13.08269853192856,80.2707198314176,76.2050756800345,jammed
712,42.2712518510118,11,22021392.9528615,79.90300917724723,-1606.9636692995343,13.084246676409183,80.27268318289477,83.82402135863295,spoofed
31,29.245978271976902,7,22059925.991825834,42.38307643341389,812.8903419752442,13.08271138452291,80.27071673277186,84.5970639587005,jammed
998,40.82339147997175,7,21963039.294383083,137.05083858108088,881.9396889986211,13.07971680906517,80.26880884955278,70.76064940097291,spoofed
247,46.59228382080329,9,22025329.157709513,10.842386136668118,-1366.719914362678,13.082680411048349,80.2707050965412,76.10912857861067,genuine
595,15.0,0,,50.753263431354,,13.082687941927254,80.27071594022529,74.76908890134706,jammed
680,21.506798282542594,4,22002584.91607143,29.025652585232105,-392.59783519238675,13.082716994487596,80.27071047835814,86.9302216019304,jammed
172,42.38180760698314,9,21999588.89210591,65.20162546977645,-2652.132309162406,13.079735462325031,80.27302200558483,84.0587954923968,spoofed
500,29.08560221372972,4,22019600.546868287,23.90358198904201,-1268.1396200506317,13.082690197056325,80.2706817487119,85.41210725808475,jammed
918,23.61129251296603,3,21927932.460013296,52.319274287590616,18.01248749262095,13.08269152254615,80.27071733606338,84.61827077684457,jammed
919,26.47560301657214,4,22055498.482155286,39.180822650930374,-717.9771031399789,13.082692311095299,80.27071623795872,71.24892267576965,jammed
186,42.45808609305477,11,21948729.493611105,13.892019150009487,449.23292369571584,13.082689167080595,80.2706851486956,72.40817426230005,genuine
116,42.13016832080044,8,21989113.030558493,91.94167606518515,-1761.818455419399,13.08271663561576,80.27068568672831,74.5915014115854,spoofed
668,40.693203259575796,9,22031671.077051368,18.383072758882626,-1076.3768783463154,13.082714434849924,80.27071354783217,81.68838509352348,genuine
529,46.27081411437192,8,21931108.67050692,36.83309341737117,-1288.4007163194383,13.08268127600596,80.27069058928184,80.20927237891239,spoofed
336,15.0,0,,68.15986473144756,,13.082706513802778,80.2707183307183,81.02828320297449,jammed
8,41.957997106239276,7,22016514.49728083,17.42226719624211,-952.3870037506842,13.082703983307823,80.2707190020761,83.790781308873,genuine
73,44.959795808333894,10,22038086.384120587,45.263165451132565,-741.397421930983,13.082720519520223,80.27070208706279,78.14306679406286,spoofed
622,32.616343184900686,8,22005376.70900268,65.40156165517014,1012.5525481179117,13.082697279455214,80.27071871237035,74.27699881106591,jammed
979,26.448938898803988,7,21954619.12469497,41.879663138598104,-489.55624519000264,13.082713613195493,80.27071315857651,86.12198239964388,jammed
125,42.890543078229676,11,22031749.081851058,120.65579232473522,802.8412696831656,13.082710863457933,80.27068651212043,79.298581061297,spoofed
75,33.35885322276897,3,22001256.4355608,101.63277260381494,142.08218686617403,13.082719847313786,80.27070227932249,76.47404395535337,jammed
188,40.44569590240043,6,22060387.87642767,74.34530418427279,-1915.9146113270472,13.079665232725919,80.2713500540155,78.00517612336542,spoofed
631,48.37331988151751,11,22110326.26535702,14.786584518862616,808.0509574919422,13.082701551912677,80.27072075298601,78.04233783122287,genuine
293,35.583353897671756,6,22015077.615340646,12.116507555362489,1424.9815420652544,13.082693767863034,80.27071750772888,72.7268093873503,genuine
781,26.58941505129635,5,21936095.58186441,88.35722997811575,418.4078915967686,13.08270188030691,80.2706808209325,90.80970890594251,jammed
204,39.8603414562016,7,22009212.157742362,148.85022467551812,-2771.6825483624298,13.082683875634338,80.2706863315351,84.7483995140818,spoofed
655,20.693093255772254,3,21996824.566278085,40.49221302097673,-210.10193921376737,13.08271180046043,80.2707165776999,77.77777738103451,jammed
105,15.0,0,,58.42264867861295,,13.082718006792293,80.27069159290053,84.41675818879396,jammed
32,40.71939317732116,7,21991480.578832194,13.142911319589658,-1058.8706411211112,13.082712132619791,80.27071625887699,81.88047683776996,genuine
134,38.32298426374336,9,22053892.167787258,14.787830949604459,504.6401313168158,13.082707874155396,80.27068401127829,76.72863157007835,genuine
124,27.361833474619182,6,21961990.495569054,103.98260085391642,-750.6367295645692,13.08271287836723,80.27068469238816,77.04944773921281,jammed
162,48.02754001837126,12,21910245.398544703,152.17075255599394,3522.908299673846,13.082698105524356,80.27067976449977,78.92218312668709,spoofed
445,38.30785545788567,11,21936269.079899225,23.213301467181168,92.14470652223204,13.08271039102524,80.27068085164083,75.84651131699114,genuine
668,16.33694277579201,3,22031671.077051368,80.27402870603288,-400.81974615561353,13.082714434849924,80.27071354783217,81.68838509352348,jammed
226,48.2936850938348,7,21930115.69184408,21.449648493091203,557.1295126582154,13.08267946252099,80.27069697318571,85.60955534537062,genuine
464,39.20653971752598,11,21970697.418001223,24.75471741343346,-663.1001302402173,13.082701981365176,80.27068145087797,79.04446895110046,genuine
455,42.400476483292685,8,22002820.57835848,9.151619994877905,-581.5954979258776,13.082707511937642,80.27067877239034,88.54949627963691,genuine
682,46.03720111197857,10,22026286.827593576,45.60972488352247,1124.994607652914,13.08271897226509,80.27070957290545,79.46249922784638,spoofed
965,38.704787918449846,12,21935845.130492125,136.73545486654274,-2086.5707762199863,13.08270926542422,80.2707192939095,81.75456484905051,spoofed
131,40.5947125480177,6,21880381.12878055,158.75711462800137,-1304.8346116479256,13.082709425444547,80.27068306178097,82.5482538160314,spoofed
999,44.059382829690456,6,22054532.996804405,22.204062990021317,258.7720407604882,13.082718875791182,80.27070864317247,74.57410314944711,genuine
128,39.37664529873878,9,22057876.21749866,98.89626108826714,-544.0431847536346,13.082711833233976,80.27068160174775,81.96249468500807,spoofed
681,19.562346222239846,2,22024051.433238182,50.71020889361995,99.89381574114634,13.082719500097546,80.27070912059574,82.22196701788836,jammed
317,38.64889067208205,12,22011972.971290655,106.35113450817715,-1074.0834038152923,13.082701118248751,80.2707205401247,80.24987987353298,spoofed
809,31.741436939776364,5,22018467.902984995,117.55356391321651,-229.20573947354683,13.08269241811895,80.27068317788111,79.77621179382102,jammed
752,39.46233023567796,6,21962768.83217807,8.250662938521419,400.6505068368888,13.082713442299005,80.27068380305496,82.13474805394593,genuine
913,41.808526327310744,11,21880437.86107767,127.94650972292246,1124.682667688875,13.082687794925405,80.27071549395791,66.1556338926782,spoofed
946,18.522324712016804,3,22028558.703314554,63.85064148907892,-1446.7849166217943,13.082700077825605,80.2707201180483,77.87922370884529,jammed
455,41.127754791771956,8,22005656.69733143,110.44929183177524,556.3940328492246,13.082707511937642,80.27067877239034,88.54949627963691,spoofed
533,43.13083487660785,9,22010270.52634806,10.79525430664771,-135.14332505979067,13.082681940315831,80.27069426844352,78.6885868949197,genuine
243,38.33238688652252,6,21959012.303561457,27.2912180286828,-538.3768141819718,13.082681030752463,80.27070115977858,77.03052335522132,genuine
704,34.09305707947904,5,21959330.479382668,51.44167920249602,129.5448950533784,13.082719747697157,80.27070127941538,84.16475603811342,jammed
401,42.491940241642396,6,21922449.029382598,19.894206706185997,-1094.498277002644,13.082720339655546,80.27069727093391,80.46132800071588,genuine
32,43.3369068384301,7,21989835.20520422,74.11770439937474,-3122.2789612259267,13.082326586159647,80.27023611238322,81.88047683776996,spoofed
984,28.09405203323303,3,21985996.568655957,67.2914762034456,370.9818179919229,13.082713778963756,80.27071324334686,77.13029918150292,jammed
495,20.394744377253076,2,22019536.251304444,45.37767174146921,120.98805102330277,13.08268928891465,80.27068009230203,77.36095426820053,jammed
585,46.993241326869985,9,22020363.194686774,12.667917469962827,886.141871587008,13.082683776279799,80.27071213952563,86.13725648404328,genuine
244,47.323117780070746,7,22005567.521469906,21.960354604871277,-379.26437869308904,13.082680232522836,80.27070447107897,74.98068708191242,genuine
337,43.994858045101424,10,21942585.5256946,138.32091002276638,-1084.1502911791533,13.082707734331024,80.2707181515594,84.60207249170305,spoofed
658,46.835520765256554,10,21945893.227528907,131.37388128163732,682.7645555909771,13.08271254176359,80.27071637395981,80.67369021758776,spoofed
340,23.60438947499816,2,22004398.14481655,52.68645602226368,130.76252878912373,13.082709148119276,80.27071540928415,80.07194846576117,jammed
501,33.85445597049227,3,22015191.871281877,32.67743300510655,1230.2201142959505,13.082688442891797,80.27068366341224,78.44952345705285,jammed
450,41.67215617449164,9,21909857.190179106,16.13581399193733,-40.469921146744056,13.08271013174925,80.27067995407762,85.99777234912914,genuine
227,34.68010190137743,2,21966864.92958224,19.97212945095937,630.294549635124,13.082680245597754,80.27069658602258,77.07407961736666,jammed
182,27.833466283648875,2,22018226.25189964,64.68555321001733,208.46778593240492,13.082691238368005,80.27068281599496,78.01102297087213,jammed
340,40.13379811398492,9,22004758.330727912,106.49045608283478,-1585.5041023389158,13.081094572554967,80.27257597869718,80.07194846576117,spoofed
315,40.39622483754881,12,21903924.534963492,110.94393601882929,1985.2190285437025,13.082700403459121,80.27072188934156,81.7477897431603,spoofed
471,40.98230440912419,12,22011919.41874187,22.04953108637514,-795.8184952229159,13.0826996860933,80.27067920208259,87.22171851046716,genuine
184,43.71367486891629,8,21985502.71433287,133.12568149147003,1445.1788599383738,13.082688649220165,80.27068367914158,88.86394961545523,spoofed
719,39.3737935545558,11,21956189.721302588,158.79238954050018,901.849533498488,13.082719950642813,80.27069595208002,75.23731666852157,spoofed
586,39.215756721072275,6,22018111.205942754,31.819746329302653,2950.880382879147,13.082684383821231,80.27071105126021,85.19571915742091,spoofed
674,28.717522847221627,3,21969191.245791275,31.649053192651387,-108.30101776543665,13.082718066307246,80.27071430073697,88.95361369340586,jammed
864,42.88828021332696,11,22080324.778075732,125.9809890838328,3821.551205257272,13.083496343498538,80.27150467836279,83.35742447504641,spoofed
787,15.0,0,,50.72160483677532,,13.08269836456772,80.2706806327037,86.24526083993084,jammed
833,17.77479951246149,2,22008473.69355966,24.06710739332455,520.1560653813215,13.082684234586264,80.27068941482833,74.81374526867188,jammed
611,42.58819027897066,6,22070044.09301565,18.791765163220326,-1934.8914261565717,13.082694100302945,80.27071854997378,82.09224684492462,genuine
407,25.947752209518697,2,22030146.84718776,77.57707304879564,-1036.7123516749016,13.082719213266872,80.27069419517365,76.33440834358701,jammed
909,40.000370625230126,9,21959179.612069573,90.73183315921887,794.2567105812489,13.083428891649369,80.27479767868681,94.02231246368041,spoofed
303,40.920536661231225,8,21974189.756912358,149.26986148610953,1235.4900259291999,13.082695125795485,80.27071872833795,72.1723638626578,spoofed
330,46.13334202940333,6,22036678.026172552,77.35572177996607,-2291.3078509450143,13.082705580406818,80.2707195123136,85.86056463738348,spoofed
104,41.63660989279447,7,21948919.400010858,69.8665438240696,-272.13607461253787,13.084703822325586,80.27089344244327,86.3296681327841,spoofed
438,39.79579406437876,8,22067104.8707039,102.51690154054822,1858.7333014128267,13.081959263397934,80.2707598926034,80.94918197176239,spoofed
94,38.44831116557343,12,21975272.939177133,158.72290087831564,-1828.3212429840473,13.082718593115612,80.27069292146378,80.18861448341119,spoofed
218,15.0,0,,24.757960860998786,,13.08268034611735,80.2706956675026,76.08961063165819,jammed
776,15.298644413512203,8,21945477.637372475,31.400319730209144,-1125.7798779628617,13.082704845516082,80.27067832379352,83.36077489100354,jammed
498,15.0,0,,99.75147284256326,,13.082689122061254,80.27068248294948,80.171050591664,jammed
628,41.69473066945351,6,22005937.109516364,161.3750411316459,-782.2033351893211,13.082699789691551,80.27071973522847,81.7573243079099,spoofed
729,15.0,0,,61.20210761476136,,13.082719081607832,80.27069145384507,76.06441182396448,jammed
540,37.78382962191475,12,22036841.826546002,17.434092735746418,129.32990910364288,13.082678910031364,80.27069547759933,73.93482207400646,genuine
110,43.086059108864646,10,22067906.05479336,10.512535145726687,644.880173440109,13.082716359568575,80.27068696885394,73.27846438237185,genuine
631,29.381301774795645,4,22110326.26535702,57.376042874296346,811.5519620759945,13.082701551912677,80.27072075298601,78.04233783122287,jammed
510,38.097604117513896,8,22056133.912728187,12.687393080285872,-246.02221177361247,13.08268441185655,80.27068625992916,83.5352036254845,genuine
613,15.0,0,,36.05617294337718,,13.08269370791848,80.2707203736999,82.91176303683561,jammed
995,24.39954352618994,5,22040765.80360858,20.918194756294454,674.8273390867587,13.08271709838096,80.27071095423992,73.33941285295069,jammed
868,42.20912790456973,12,22026953.374115657,96.26099589660244,1214.2175965907506,13.082679742041268,80.27070165772747,86.17739298732073,spoofed
45,45.000629793529775,7,21987701.869654916,66.55931913535139,1115.3270078881312,13.082716724372961,80.27071256476908,72.20791360141561,spoofed
719,16.418551599413405,5,21956679.19306703,89.14202352338569,184.56988652159438,13.082719950642813,80.27069595208002,75.23731666852157,jammed
607,31.878758385394818,3,21964309.025139064,52.27325089701389,-752.5973262826053,13.08269277097378,80.2707176495191,82.84898974352883,jammed
346,43.0396741068159,10,22000988.312287632,130.28994784641247,2155.6879713279714,13.085561335545187,80.27371364884573,76.04805673158889,spoofed
78,43.56397598491834,11,21999353.06159482,15.914573650643526,-57.929871064434955,13.082720436507707,80.2707008371199,74.2593335259777,genuine
984,43.62422529477297,11,21988872.09331363,129.77281618773168,2488.884267354035,13.082713778963756,80.27071324334686,77.13029918150292,spoofed
996,19.855618911397496,6,21964911.65268666,50.470053939044654,-636.1842052961267,13.082715193721999,80.27070917490835,78.97739230413401,jammed
313,43.09748289684575,8,22001984.676329877,16.391664697852523,-79.09049276982869,13.082698967893316,80.27071943225627,83.88967110013772,genuine
307,28.378918079455605,3,21984778.661857165,55.53780351814406,-42.31301105257754,13.082697131735125,80.27072049636575,79.38409852120547,jammed
911,42.99258325003873,6,22014536.65889334,18.548309328189383,-426.60174614615727,13.082686639027933,80.27071573082262,70.54503095048362,genuine
697,39.59090388907799,12,21950042.755433448,15.431269181125028,461.03135337456854,13.082719940110303,80.27070259149036,85.07831141692832,genuine
466,41.26702103337809,8,21967975.49640723,14.862833229081382,1072.203520761463,13.082702718303388,80.27067870699314,88.61544947386255,genuine
19,27.940485115906625,2,21915883.67591045,64.60442139131693,427.71030511685655,13.082707509703162,80.27071816598604,70.36239432141626,jammed
363,39.35365979505398,8,22019668.843512706,13.301974871967158,-326.5385407911633,13.08271604533895,80.27071233017075,91.19751439821869,genuine
842,15.0,0,,69.77606171259131,,13.082682786787284,80.27069014141294,74.88525035909643,jammed
797,44.96699796402185,7,22057547.994216047,45.27705178560566,-1820.9799332454822,13.082695739735586,80.27068063945624,79.03393489620903,spoofed
344,28.63043787419839,3,21954965.390814368,69.33788188873916,90.75007015386427,13.082711643801389,80.27071511590628,79.48245675785137,jammed
360,19.122272136741103,1,21965403.31519127,75.51089335777628,-1756.3441745534878,13.082717085106186,80.27071189217219,80.05712257680656,jammed
539,42.13858248003548,11,22007817.243219536,129.55460441112263,-2844.889795911809,13.082681476822628,80.27069542015006,77.70192456963038,spoofed
69,42.63242922717087,8,21953934.063845865,70.07732260910291,-158.71076426018703,13.082720138278935,80.27070301962152,86.30767537405525,spoofed
465,40.610785309641024,12,22007190.458753895,81.51738943475895,2909.4452816745675,13.085981222620727,80.27234621346497,68.2241505741085,spoofed
940,45.883103198128765,8,21954225.522989005,130.75868506033615,-65.69951165606983,13.082698334638964,80.27072018110606,69.06853377186535,spoofed
524,27.485872617947035,3,22023830.148366198,15.328014992222846,-301.5204502815934,13.082683483217732,80.27068997410953,80.47255746683787,jammed
34,24.34489904064313,7,22030864.079024613,50.685342261090604,-122.98532104266019,13.082714007337596,80.2707155140013,68.27105878748301,jammed
83,41.04565526500418,9,21889290.63144785,21.33152278584683,446.060674259853,13.082719443358897,80.27069737251888,71.98499959235781,genuine
79,41.226633650699405,11,21927320.03600342,14.633908380080893,-486.6939967232147,13.082721043644824,80.2707009407251,77.70861165841359,genuine
662,39.74394226301872,12,21959527.313545134,13.682613749104823,1070.5569063509224,13.082712971464945,80.27071527680623,81.25743265508909,genuine
439,27.163847901221263,2,21932495.04409368,32.31749886579473,52.423956218431385,13.08271163458107,80.27068243111893,87.20538389120009,jammed
922,42.38002650417983,7,21971116.404835332,110.5148143555086,957.1933896625582,13.082692994470953,80.27071820347251,76.2383258126659,spoofed
919,37.29800393006486,8,22055498.482155286,9.47082408923941,-131.8755052638117,13.082692311095299,80.27071623795872,71.24892267576965,genuine
440,29.469039814299812,4,22080211.455234252,3.556558335743079,-38.855923217447895,13.082711030073854,80.27068261682952,77.81102250814067,jammed
565,46.64926481159082,6,21928459.885502163,108.41189452614009,-1503.4152751190095,13.08267987118736,80.27070547417509,85.3054512880129,spoofed
305,42.383463203835404,12,21999715.502834994,146.60103226433833,-2007.812707802357,13.082696382012747,80.27071919536006,77.61396685527568,spoofed
263,39.67032379020754,11,21949316.524066955,99.11989268857614,-1147.7043160795622,13.082681937604692,80.27071073477288,88.67536981257138,spoofed
808,41.202233507472755,12,21978265.026313845,19.879949749079206,-475.7818750191974,13.08269245557881,80.27068092923675,79.40706205587585,genuine
510,22.540972590272148,5,22056133.912728187,34.674524967769806,-351.45281857444684,13.08268441185655,80.27068625992916,83.5352036254845,jammed
656,39.827381880338045,6,22036574.620397046,10.455011527431413,1163.6144327672293,13.082710432225772,80.27071621099878,83.05677210129105,genuine
921,17.456208752802606,6,21962750.853063717,58.97296484766319,1228.336829291677,13.082692283002736,80.27071954335541,78.8594240914218,jammed
442,24.300154653833836,7,21941903.279680997,84.04328198902876,-108.52497544920755,13.082709369225954,80.27068408741472,77.26118185826563,jammed
834,40.282289265972075,10,22051060.33167105,112.22048933457016,-3722.7818492156257,13.087090922881963,80.27047958931094,85.73372302724849,spoofed
858,37.15758266823646,7,22009877.814126376,10.97140916693604,-1171.625894650871,13.082679313906883,80.27069705076744,80.2856380672678,genuine
803,19.628219680373483,3,21974629.971179977,62.091700397644175,1415.6210533042,13.082693723358298,80.27068220678629,80.24469196354056,jammed
155,46.944212333547775,10,21975320.944266967,141.96024648170197,-1144.0001800095085,13.080880396093502,80.27273434979662,84.09703060432398,spoofed
437,42.03834339544363,10,21957488.77747916,122.01290832514474,1049.9695963455852,13.082714381449643,80.2706842646871,80.57774761582232,spoofed
183,45.918501702265644,9,21964293.01856879,82.09600803455636,1216.4282490620444,13.0826891504898,80.27068285935809,82.7404385204107,spoofed
844,42.327644565115364,8,22042196.844577666,6.859788930243944,-199.8978072684479,13.082682700557935,80.27069226473549,74.83510387150734,genuine
833,41.050483720525264,10,22008473.69355966,11.630741559097197,454.72761965985524,13.082684234586264,80.27068941482833,74.81374526867188,genuine
614,15.957636987660706,2,22010569.323752414,38.76592899586982,114.65608942612727,13.082694959339516,80.27071846444575,82.80640263200608,jammed
213,40.78957641666605,11,22051246.08465627,16.511291092427307,-113.63168658635212,13.082681205145555,80.27069142442635,84.00678618177774,genuine
627,44.55596255099236,8,21959217.79180603,64.34505123945486,-2101.8395827800746,13.082699144579216,80.27072093736867,71.77108417592878,spoofed
131,38.55828463110923,6,21882785.105310567,21.765367887710298,37.04797183531197,13.082709425444547,80.27068306178097,82.5482538160314,genuine
439,43.069726101737295,6,21932495.04409368,11.223902902914897,317.1894539287346,13.08271163458107,80.27068243111893,87.20538389120009,genuine
548,43.226787090948804,10,21962908.10214379,130.03249365226046,-2686.917768836082,13.08267820441641,80.27069794391957,90.09132771896093,spoofed
609,27.816798311826478,5,21986016.158443354,44.06435813540538,-822.1522322702485,13.082692499978329,80.2707188330671,79.06811468021608,jammed
853,42.07771396942788,9,22075101.462592155,17.69652276471437,325.7038425666209,13.082680980859687,80.27069630105404,82.66200653118929,genuine
448,44.78648111144344,7,21890981.68956309,13.532984544680131,562.420367236329,13.082708207576665,80.27067934290814,81.79912833143445,genuine
662,43.37078041932713,12,21958664.57565081,150.39563275679305,2774.6459966481934,13.082712971464945,80.27071527680623,81.25743265508909,spoofed
400,40.69300490170763,12,21968282.61413906,119.91641178188551,1157.7214868293422,13.082719696875188,80.27069687330608,75.74900183197069,spoofed
421,41.182681073852734,7,21971599.16495154,95.00459477905342,1993.8468396222581,13.085062862817779,80.27201033261986,78.81551220443353,spoofed
727,31.845862008743623,4,22004299.674037382,27.758734189638165,3109.632827408979,13.08271975291663,80.27069217998465,82.88442655299325,jammed
103,43.843788921167715,11,22078888.410246596,5.431101325855369,-1419.9544356629815,13.08271883467428,80.27069089037609,74.95987521098554,genuine
523,41.52164003326235,6,22029092.521965355,16.893196619190178,-256.78387230697786,13.082681609913823,80.27069085777053,75.96443239679338,genuine
102,18.099532487713446,7,22011930.039546423,44.61460690935092,-296.046162490298,13.082718168880332,80.27069024025764,79.28213676680917,jammed
821,23.504437891375655,5,21985585.727093633,33.061261079512754,1006.1036848521242,13.082687691497187,80.27068479737893,73.92373267848633,jammed
415,29.34453512967876,3,21960978.327267777,52.43295065669158,1052.4972622897465,13.082717268029553,80.27069299696095,83.15212643990083,jammed
165,39.742682054782435,11,22119347.589978695,9.95845556862869,11.90870016607636,13.082695222318788,80.27068062928151,89.83434321456333,genuine
557,41.01842154189689,6,22060077.010568354,63.27437049237616,839.7516837670964,13.082681303379625,80.27070168142855,82.61163771427299,spoofed
907,38.80745888757443,12,22014058.658282176,11.43476459154343,-548.4855938866099,13.082685646635882,80.27071519710275,72.59334969624932,genuine
506,50.12003497586466,7,21969288.15606988,100.67500191086143,-395.41805287070895,13.082786974068787,80.27173690986639,75.54695851496207,spoofed
860,25.874297724431788,2,21890677.90106247,3.5763891227182065,-801.716644457789,13.082680930065179,80.27069823756726,74.82869570429942,jammed
230,38.633777382548,7,22003486.968990464,118.78568090723115,2198.1695579559864,13.08268125566224,80.27069795223156,68.41285874896249,spoofed
741,33.8945845753802,2,21998045.05393917,71.69159075813305,269.4518776290277,13.082714633182928,80.27068720909973,88.33304454157461,jammed
395,42.34560358014671,7,22051225.633771334,10.912208008350174,-972.402287076556,13.082720538196904,80.2706999086689,74.74412026366454,genuine
625,40.66636913208819,8,22027757.284097243,16.667745058181026,-516.4772819661378,13.082698844802879,80.27072195443147,83.03646112493222,genuine
695,40.04395916509638,9,22036304.918072317,7.889741169299337,802.5646956942005,13.082719546636223,80.27070452739578,77.35537470427128,genuine
947,34.67351406036806,7,21951419.06134935,15.319888556844274,-29.72862794710643,13.08270253420258,80.27072115742651,82.62445182158497,genuine
761,43.58842785715319,11,22016599.774672847,11.762702857602404,-1389.9375432496886,13.082709863718572,80.27068117392153,88.37179620093411,genuine
383,14.178288280916362,4,22071266.447173513,30.308502615995614,-152.97787200893617,13.08272014788505,80.27070513657796,80.00523593041268,jammed
573,42.75825652069411,9,22029089.307363544,135.62016215895798,846.3508412914965,13.08287750305838,80.27010714579703,79.57213660105687,spoofed
401,18.065889019243563,2,21922449.029382598,69.10041067761966,-626.2089088920106,13.082720339655546,80.27069727093391,80.46132800071588,jammed
645,41.6449919639812,9,21995251.734470367,14.053771517158042,-116.89122527563609,13.082706367409854,80.27072057188543,73.10009667048152,genuine
774,43.73993609876749,9,21974346.447809346,157.41049859482118,-2267.979807605982,13.082703766754697,80.27068031477693,82.35850332531315,spoofed
287,41.530400757421674,7,21880012.92398876,91.19835483773412,980.9206058081444,13.082688812483738,80.27071593746517,74.22925532206536,spoofed
931,42.74249749436895,10,22107216.366465956,164.686170364987,1662.5387521624973,13.082694764513976,80.27072044003019,82.46295775822436,spoofed
882,21.060641104108655,3,21965048.907344803,61.302771050932705,-179.98857718492843,13.082680974194377,80.27070775365164,70.63912129564713,jammed
771,45.39805150073903,10,22030422.586821485,1.2528230698072225,-639.469171459979,13.082704172882162,80.27068125231732,77.3003041070363,genuine
688,41.10272326407078,8,21950367.393101845,81.67025704162035,842.9361976665568,13.082721590474033,80.27070698460516,81.26132132001716,spoofed
51,43.57822056459635,12,21910963.094621826,13.440543438723001,1284.3867062351717,13.082714348157822,80.27071218163371,79.84786417548679,genuine
375,31.40436698264848,8,22043596.718325973,20.43956868891048,-25.516327978503085,13.08271757247296,80.27070710993651,79.47794479432163,jammed
121,19.852920033256652,5,22145712.232420772,38.82008420139747,509.26851687253003,13.082710399277033,80.27068487769675,80.40765139615745,jammed
726,43.726993486281536,12,21962243.867799968,48.53533863915462,2507.269510300519,13.082716574922689,80.27069221316705,79.67226729108519,spoofed
35,15.0,0,,102.09045751152885,,13.082713792940547,80.27071457775827,78.54768412929775,jammed
145,42.954614304774196,8,21926013.906808525,149.56196468580384,-3532.368824088546,13.082706304511264,80.27068016916058,82.76364250449882,spoofed
556,40.22259228408939,12,21936640.897999037,153.99462102814329,-1744.2925242035717,13.083709916865672,80.2746703791314,88.80440570016152,spoofed
111,42.5943390058307,7,22025403.955259953,10.035765960830302,-1318.2217128835769,13.082714873433181,80.27068769278236,79.27169463401283,genuine
183,44.76572177514972,9,21963699.245114952,6.132927305951597,-549.5500973326768,13.0826891504898,80.27068285935809,82.7404385204107,genuine
613,43.11580536885766,11,21960092.33211226,8.53247570330812,1175.0109957236655,13.08269370791848,80.2707203736999,82.91176303683561,genuine
267,41.88265525015053,11,21970597.269465864,151.16915259726073,-1386.9130306678705,13.082684112471615,80.27071114855107,78.49841013419464,spoofed
706,29.05020838886889,2,21991157.04032136,48.671936431544424,-1696.8414509598933,13.082719518720273,80.27069951195627,83.69472952061723,jammed
557,26.206897028595765,3,22057947.479118846,43.08483281136632,95.41834209196179,13.082681303379625,80.27070168142855,82.61163771427299,jammed
895,45.90522814418933,10,21903185.103740457,119.74940205056969,2338.19954418034,13.082685341267764,80.27071157060313,73.82187950335658,spoofed
711,15.0,0,,66.35831711411065,,13.082718461760624,80.27069975599551,86.44952763380834,jammed
178,17.129427983021973,1,22022501.033671092,40.95068537362588,-1236.8089210783282,13.08269202540293,80.27068142132127,71.7688315551501,jammed
129,39.79619782214936,7,22007328.274981454,129.22150472698328,1574.4872316451347,13.082712490200155,80.27068258693919,76.46238351998026,spoofed
397,42.57302843528767,10,21943153.87092948,14.529924129574223,-1871.7984925659177,13.082718823916991,80.27070028004242,73.09184338032462,genuine
291,32.023074070574,4,22055458.490574606,56.20316851967036,-226.1277711493253,13.08268974496877,80.27071842866968,71.18940993763728,jammed
630,32.74391992611096,5,22009659.07899066,42.577314697320965,105.23670884737335,13.08270215419654,80.2707185369863,82.58207141377203,jammed
575,38.64987617078444,6,21980901.650023825,48.53370977663943,-2488.7580283051952,13.082682012791583,80.27070858219889,81.11807453219853,spoofed
743,16.06718751630646,3,21954874.674677834,67.27357895138707,-668.8093319474722,13.08271426242789,80.27068573303451,89.18872815393378,jammed
136,46.89656628309857,6,21957649.180238083,115.15595893368561,1842.3841819930785,13.082706619155,80.27068327062045,78.20972860394657,spoofed
86,40.46808512440967,9,21994440.933650333,78.25515139577955,2237.4968661738917,13.082720578973692,80.2706975173546,77.76601296930565,spoofed
232,46.98097080440052,9,21972593.08596203,146.16916975528468,1341.2034627437997,13.08267899472397,80.27069801003417,78.93206271058379,spoofed
571,41.830049360038984,9,22048227.534111965,16.2824598922177,-659.2851994112036,13.082679655388594,80.270708879943,84.67971320650783,genuine
997,45.102940287367474,10,22039776.02032181,54.05581823907701,1881.9476907055168,13.0827175292159,80.27070814713541,73.692124688011,spoofed
636,40.78930213575639,10,22115960.933919683,52.61211984270669,-2526.8400734280517,13.082703072444971,80.27071993448949,80.73979232712396,spoofed
597,43.78031678013236,12,22005377.685077928,72.20767272282583,-1187.0818395680142,13.082686935626802,80.27071586816929,84.15915726048189,spoofed
534,23.18882079697473,7,21976095.84711231,50.61388054911701,437.8277569171653,13.082679101329106,80.27069159049422,82.53302954839728,jammed
697,40.293285798173194,12,21948017.332347453,104.09310586502518,1830.8670217457466,13.082719940110303,80.27070259149036,85.07831141692832,spoofed
874,18.580105971517696,4,22039445.394169163,70.37730381153604,781.0811128633395,13.082682185508357,80.27070560859809,83.23930408743253,jammed
356,42.58600223174674,7,22011564.10113717,22.15459509412176,-593.6107399117923,13.082714649075672,80.27071446963635,89.43670473127973,genuine
608,37.78600670653798,10,22038593.714618493,20.263222088077807,1480.3298579000207,13.082691958909686,80.27072011354358,85.1576188749685,genuine
239,40.676401431584814,9,21974174.46289196,14.871804698261629,56.795772339958525,13.082679657361187,80.27070101506581,82.97873953355858,genuine
907,40.36238557108636,12,22012844.378420573,153.14734969243713,-1218.5770439055718,13.082685646635882,80.27071519710275,72.59334969624932,spoofed
520,39.53252464210586,6,22005979.378654156,100.22197251285749,-2391.0786840052033,13.081516944338057,80.26633347788798,76.69210557788219,spoofed
167,45.38494173122029,7,21993419.803948466,50.52793288205576,-2817.8739902775906,13.082696624807202,80.27068012802138,66.46831235289959,spoofed
814,23.89741804788511,5,22013071.0206365,50.76924645122937,-1728.0432949965327,13.082689886156183,80.27068173705162,78.60036086898573,jammed
374,43.385291253310236,10,22011778.493531995,17.86121210093637,450.2863361459129,13.082718713298155,80.2707093243042,85.43543594626217,genuine
824,36.41412151461624,7,21987895.01921282,48.44412955525816,979.6690509379591,13.08268630147821,80.27068664713734,78.61298207621918,spoofed
937,26.55716060675435,3,21949084.223381937,31.846753921750388,881.1970137590441,13.082696726727065,80.27071967732564,87.22237649686546,jammed
321,29.45603071850761,3,22033217.683712,29.394076311733095,-617.1354768126629,13.082704608641706,80.27072008566182,77.29923222963764,jammed
125,27.376684102523672,6,22028870.128875963,49.250428980196496,433.5193536280927,13.082710863457933,80.27068651212043,79.298581061297,jammed
527,24.84606811071589,4,22006496.492708303,59.14141612775023,-1129.0641031860885,13.082681639201034,80.27069105372135,76.99808785541825,jammed
415,43.073487961421215,8,21961705.058882877,82.58417275068174,3543.875723115587,13.082717268029553,80.27069299696095,83.15212643990083,spoofed
729,39.201160311823685,8,21945017.08270778,16.27541021933879,-551.4762017738733,13.082719081607832,80.27069145384507,76.06441182396448,genuine
391,15.0,0,,51.15425525383042,,13.082720214513186,80.27070104764844,79.37019783726501,jammed
671,43.68289232087118,6,22143071.260255255,63.16273589042809,444.4027558194697,13.084101701058907,80.26793854762461,83.31556190532865,spoofed
408,21.000186654896424,3,21993498.696925074,47.59262026906848,-185.0342835563071,13.082719253741747,80.27069411013831,82.3311256132574,jammed
724,44.728151807974825,6,21927965.565334585,70.79903590795263,1087.7560193339737,13.082719437671901,80.27069258345408,75.62349594918842,spoofed
382,37.99435114735269,6,22090445.72710414,12.31403102993291,255.6432053786891,13.082720122261266,80.27070360000033,77.56788813400385,genuine
502,15.0,0,,65.55334072036317,,13.082689237883814,80.27068528053458,74.7788899221192,jammed
633,37.49389320719901,11,22020353.195760455,44.02216823534336,1253.2737976085477,13.08270213327818,80.27072119839679,76.14577686771096,spoofed
320,30.784899138563183,5,21976893.646241378,57.04489461583875,-966.1811194100353,13.08269997349664,80.27071945058842,80.22093917479793,jammed
524,44.39695245126675,8,22021901.539748646,44.94853591227621,1615.2374090577882,13.079893366386191,80.27091480879193,80.47255746683787,spoofed
233,20.655218543417526,8,22003663.765729286,106.66293427527044,-535.3638561616567,13.082680352291435,80.2707001000773,89.156501602887,jammed
295,43.84766972188724,6,21919633.084721394,89.51776218816492,2075.6435784685586,13.08269079683188,80.27071967617896,83.72204366848858,spoofed
681,43.562713003120386,6,22024051.433238182,19.315437590226775,327.9484679844537,13.082719500097546,80.27070912059574,82.22196701788836,genuine
288,40.847034753201854,10,21953126.94210831,109.88226760272661,2962.493281596111,13.082690320327945,80.27071680684128,87.67953524621316,spoofed
274,29.652091996477505,6,22140478.44850482,52.10506058392096,561.0480635825579,13.082687209441668,80.27071403784768,73.00804044654998,jammed
123,45.397968938101094,7,22016200.626209497,11.143849168826806,278.562412755855,13.08271533190131,80.27068450016846,85.52091691084847,genuine
660,37.77009337707559,12,22030047.964234997,11.117627959258181,-447.7602169198507,13.082710965841564,80.270718211458,84.25243601600954,genuine
796,33.551817033766284,4,22057074.03840516,34.21521241252318,-1571.32662731922,13.08269489355022,80.27068193406447,75.74528388094214,jammed
960,24.761388287752258,3,22004479.63836842,46.43492626573556,1850.2789998657063,13.082707436332774,80.27071812006876,81.69240306844516,jammed
617,43.46697100268179,9,22042946.03711488,55.043015905350686,-1016.7250837073042,13.082695521730827,80.27071963561995,85.8339158109512,spoofed
230,38.34139499540749,7,22004880.199624773,13.146448077634474,1109.5941839270704,13.08268125566224,80.27069795223156,68.41285874896249,genuine
901,42.256382959315665,6,21977904.499146014,10.480603552095626,52.78664153459687,13.082685684816424,80.27071467207125,82.86207791281598,genuine
393,44.64453169480888,10,21922256.947866354,62.705449233371255,-2701.840642229386,13.082719827778995,80.27070077682782,79.81826938166547,spoofed
765,37.54097217571454,9,21881135.4754135,15.537243513486581,233.45021394104805,13.08270845801091,80.27068107828433,80.36388784970775,genuine
429,48.56658234351465,12,21996794.611982726,71.17963282033786,-2122.4932716751055,13.082713541307616,80.2706854625819,79.84907571427074,spoofed
445,37.36828771502565,11,21934221.01216329,159.796713472665,1680.7226513251017,13.08271039102524,80.27068085164083,75.84651131699114,spoofed
412,42.23078887252249,7,22006418.928214416,116.64384688533163,-2698.653181420487,13.08271756623278,80.2706916045671,80.19613963880879,spoofed
745,25.400943627879784,3,22061468.785882507,59.997674501662146,386.4621865706004,13.082715306493528,80.27068731638624,85.49383811181487,jammed
787,41.49271503801113,11,22055247.024447888,12.214147364734503,638.2873602234154,13.08269836456772,80.2706806327037,86.24526083993084,genuine
149,45.0385189739423,7,21923807.423716098,110.31604334554851,-2582.8336397738262,13.082703175501575,80.270681390135,77.03421746330959,spoofed
641,43.78284096053409,6,22014158.198582012,131.71567364608265,1846.6651435932736,13.082705431857123,80.2707183015251,76.14637424250895,spoofed
357,43.37445985682882,8,21986235.522394087,101.66933277464646,1382.6266722997057,13.08149128824714,80.27007773774267,79.91235875858911,spoofed
421,39.90650444043135,7,21969197.548722193,22.879601442726948,-253.09233852915506,13.082715151787118,80.27068933275163,78.81551220443353,genuine
459,42.64449201668758,10,22010090.330648635,44.97357252090411,-780.4758372030143,13.082705969920317,80.27068038940469,78.97383914031316,spoofed
873,27.175090312155476,5,21955840.018442243,66.81544080866043,-244.68807522595574,13.082680332905673,80.2707026628772,86.74659024225336,jammed
138,48.74501768484239,7,22001976.655476328,96.38061963787426,-1329.8191613023453,13.082706270191022,80.27068237654476,73.31969122472297,spoofed
798,44.564592107213095,12,21978669.750847045,17.76976752997662,1025.0670851716154,13.08269743993485,80.27068007266719,81.94312637072225,genuine
870,32.11365465878595,5,22074004.960185695,25.852122420671588,623.9091477445206,13.08268214155881,80.27070207243575,80.3954991027291,jammed
7,43.37010339923253,9,22065179.98104543,118.33170090591159,2503.587434452728,13.082701483195395,80.27071871365995,94.00042967957164,spoofed
626,40.97090419445948,6,22002210.85014501,15.927566532923718,586.1116531723926,13.082697650291387,80.27072098021074,80.82977657451026,genuine
495,44.33886781366287,9,22019536.251304444,18.203645551014603,226.75314859570972,13.08268928891465,80.27068009230203,77.36095426820053,genuine
458,44.90824108592827,6,21966229.2155303,30.573251091656406,-893.8336153384278,13.082703411941239,80.2706811237563,83.53190073212292,spoofed
616,26.25004605326174,4,22024817.151717037,54.889916157153934,330.58754400577845,13.082694887318393,80.27071918183472,84.95133248852471,jammed
782,33.636728089030356,2,22094309.457927804,21.855886596703492,-233.83963451679034,13.082700887345313,80.27068169150496,78.73369195170595,jammed
206,38.301663377108156,7,21973343.87892517,135.33779360896625,-1828.881288806493,13.08268291796432,80.27068997770266,88.67511499886938,spoofed
890,15.507691792741255,5,21969295.761232782,55.789398825333535,-120.1261594962946,13.08268380194672,80.27071203357546,79.19187117987582,jammed
790,40.13475435836872,7,22018150.462385725,20.04549901867003,1353.85212489425,13.082698541207346,80.27067880396056,82.71994807161309,genuine
596,40.12870172796591,7,22029044.095471196,140.52711276445984,-1674.3924585273471,13.08070018291359,80.26895165580322,71.57568582245437,spoofed
806,41.803462170927524,10,21954661.616341997,55.522430432857504,-985.0291896090794,13.082691180953958,80.27068095635836,77.00586827271607,spoofed
410,35.425920435593774,10,21943466.952009056,107.56156476897041,4254.235101735185,13.08044544464272,80.26787074645658,83.79766872881609,spoofed
417,45.31921533066923,6,22027592.938576564,14.99440139001055,-380.5992954500939,13.082718040903243,80.27069123217349,83.42524481825257,genuine
742,39.44844245121666,7,21995490.37933113,18.706408834925107,180.88640803549703,13.082715596125949,80.27068575571974,80.20683081840437,genuine
127,39.229994372524956,12,22038523.11848613,171.73369864992662,-1952.4592371796625,13.082711386579176,80.27068417389239,87.09453024347653,spoofed
214,23.242475149639695,6,21991802.32499865,35.91886189113,-460.4598133734088,13.082682392383058,80.27069082222012,87.49913398614406,jammed
492,41.28437816611077,10,21961639.14657347,22.930019154799332,351.9391733501314,13.08269220777454,80.2706812180245,83.70142166826457,genuine
909,17.587821891773043,2,21956703.005808387,29.886802669490503,-42.79761644256578,13.08268782351382,80.27071550072728,94.02231246368041,jammed
169,15.0,0,,47.778493333439016,,13.082697797602279,80.27068156772559,76.40526484065218,jammed
342,29.22892960576288,7,21987064.704915714,52.02582680909531,111.78295049048704,13.082709551706076,80.27071620817676,77.401140246232,jammed
824,37.34538711689372,7,21986480.152895227,18.86945590454933,2419.025162097913,13.08268630147821,80.27068664713734,78.61298207621918,genuine
475,41.50052504830117,8,21987187.992023375,75.41887869060727,-3161.3156599359504,13.082698318874126,80.2706804940746,81.04601246243321,spoofed
381,45.60557373044359,12,22034618.911320675,65.01756938446673,458.67627536531904,13.08321160261003,80.26678413952695,75.62080022988454,spoofed
481,29.294231975817485,2,21905341.441938095,27.013476885500758,481.87762161812805,13.082696268491652,80.2706799849103,82.80228887479403,jammed
843,43.191876358320286,7,22049815.252462436,145.37137650350869,-2123.4581750329476,13.082564388480016,80.26943561779568,77.57500960854566,spoofed
657,43.64767846168709,6,21959104.495717287,97.58676612580852,1767.295092142155,13.082710900308268,80.27071561876636,86.04607696342231,spoofed
24,16.50432253963543,2,21903273.463214345,24.230619922050064,531.9928065439902,13.082707496768048,80.27071675238068,81.09469423535818,jammed
592,46.55324712703277,7,21976601.184333786,10.47317393659084,-1372.9989419876413,13.08268598283674,80.27071566325999,76.82382984438836,genuine
540,39.938249764287995,12,22039281.49257921,59.89902025411408,1656.1682865876778,13.082678910031364,80.27069547759933,73.93482207400646,spoofed
788,38.602224090392475,11,22015648.960475653,150.4514865940008,1069.4772309129617,13.081170863612545,80.27003669288021,80.2138378265398,spoofed
702,42.7730380492321,7,22003223.40419706,58.64912622865027,-3463.8924745644317,13.082718733901764,80.27070249444378,79.05928657430951,spoofed
797,22.08651278235555,3,22060135.040326808,28.05949231296768,-859.7920006213538,13.082695739735586,80.27068063945624,79.03393489620903,jammed
323,43.4002339559359,7,22023513.65711974,93.30450718431663,434.56296172329246,13.082704098519143,80.27072012664293,80.67002238083955,spoofed
127,39.02809236419287,12,22038092.738702122,22.68678775948901,-706.7401248701086,13.082711386579176,80.27068417389239,87.09453024347653,genuine
535,46.484837315710784,11,22067856.080755662,111.16188534227287,1190.8846244136332,13.082682029166037,80.27069452089512,79.09774986436418,spoofed
403,41.01564706943857,7,21977501.480906766,10.685999902133648,-509.1968398786032,13.08271988523851,80.27069634248718,74.83252234269797,genuine
150,41.60341290740328,12,22002672.895630874,14.217892604283508,-1181.8462034538657,13.082701987019872,80.27067821227423,80.09825047568285,genuine
892,43.88523429417455,12,22034213.813033417,48.504851247088816,-1188.8110365580308,13.082682804012567,80.27070913960664,81.01606881147346,spoofed
437,26.365386000124317,7,21956840.716882788,97.96209608979775,756.0999246164639,13.082714381449643,80.2706842646871,80.57774761582232,jammed
629,13.421965851115125,0,,56.92275572342178,,13.082699762121408,80.27071971182902,79.71745526304855,jammed
62,42.40688266276251,9,22038576.662988096,19.19784045387126,327.80097569863176,13.082719378065649,80.2707069896484,78.818667774845,genuine
256,46.87612549205791,8,21968686.23891205,152.01307260119285,1559.865993581425,13.0826818889138,80.27070825302583,79.28013945389435,spoofed
95,38.382218818942285,12,21930677.88733649,10.833687042313768,-39.672246305551475,13.08271977451786,80.27069359998033,81.91584511328097,genuine
959,43.02009044220317,12,21979473.30059925,22.308995837736525,471.8801970522178,13.082705763868011,80.27071889625854,78.36653705706524,genuine
191,43.850812555296294,12,21975473.86772825,155.39438447545692,472.29796898888867,13.082686165775737,80.27068596116426,84.0967046008722,spoofed
348,41.48364043722884,8,21923527.32457014,157.60578730736978,2174.982014707395,13.082711387104531,80.27071607116592,79.70165759719735,spoofed
576,24.45784994793685,5,21929654.291719906,68.73851320766377,-406.29987843497275,13.082682638923629,80.27070868217379,84.80578606858926,jammed
359,40.95531943804581,7,22022819.496725895,77.11676104447471,675.8796415654224,13.082715392181592,80.27071164057881,77.90208078674499,spoofed
153,41.05389662428777,8,21988636.30652145,92.42889194296691,3480.2844147637043,13.082701800067351,80.27067847356123,75.17271661044067,spoofed
236,36.63177742565336,8,21998458.37429579,8.490327149182477,561.0806706758608,13.082679708805555,80.27070018453439,79.497455815929,genuine
222,42.44143339613428,7,21973578.693444222,15.80959683642534,355.95365003569736,13.082680379372084,80.27069415675513,81.2480281550747,genuine
807,39.854032622405434,12,21863500.984826438,124.73776039245247,-1084.0008776923853,13.082692613859281,80.27068159969207,77.22414137825123,spoofed
810,18.911431699056386,4,21975338.907724705,58.12445477148471,45.097855190478576,13.082692355490757,80.27068447006081,77.80575330026691,jammed
120,39.441256268445336,8,22026606.468694072,11.605103428240088,689.4067953626937,13.08271516816078,80.27068486135475,82.9137322032905,genuine
685,26.62050075476031,6,22106057.170131683,33.95627396360929,1040.4827683244357,13.082717450049724,80.27070850393461,79.0488854083845,jammed
193,45.65361073060551,9,21992930.22489281,21.434211313227514,2101.18792722952,13.082686641266221,80.27068554364624,87.46650781062878,genuine
283,40.10765791105726,9,21943228.332597904,162.03740059504548,1364.4552541355029,13.08268825606137,80.27071755090061,73.82748860103695,spoofed
181,42.54845625340964,9,22049426.593142573,22.828897656016274,-837.7670080616289,13.08269117473928,80.2706805996138,79.31323506540238,genuine
389,38.46808529026909,6,21899605.347459767,14.99040799995473,-604.5173731401541,13.08272038665083,80.2707022608015,78.8763412289334,genuine
968,44.310894392968585,7,21940555.99232012,8.094180342546132,-493.583603003822,13.082709631219876,80.27071820637416,76.00428083485764,genuine
452,45.322589067102726,7,21952912.637089554,58.38591007822379,-3794.704175710588,13.082707861545794,80.27068057377942,83.79666885729235,spoofed
545,22.978750549344674,4,22046131.986139394,78.34946517009811,-108.54191324460548,13.082680096806072,80.2707002245835,80.63620724486626,jammed
669,35.58813914544858,8,22030249.668783944,11.775698466813353,-180.45361685488342,13.08271363052203,80.2707153515497,80.10653745177555,genuine
365,25.737623251874442,6,22032780.90305857,37.973374069552044,-240.72550350491224,13.082715412775253,80.27071172072083,79.94568126650903,jammed
394,27.665052483319705,4,22027142.91122388,46.11328506088104,-225.70622869413614,13.082721172568638,80.270699244892,84.97036585002948,jammed
331,43.59383452724424,9,22043026.485398073,24.210753292841318,683.3918884614662,13.082706157029905,80.2707198415849,70.10373761658111,genuine
614,39.98350273923157,9,22010569.323752414,10.935129876799097,23.867029701310575,13.082694959339516,80.27071846444575,82.80640263200608,genuine
286,20.85737159679882,4,22004771.951924387,32.29831688148862,-1831.014848452636,13.08269054964582,80.27071537373354,79.84207625393435,jammed
266,42.388573319171165,9,21961119.70361259,6.9152029991752695,607.5081670645945,13.082686437188142,80.27071198456277,78.06094657312863,genuine
932,19.92527906469107,8,21971157.576342583,39.51562434401298,-1252.9502422634316,13.082695938404342,80.27071842877614,78.34566799097779,jammed
199,39.77357153310617,12,21939571.159080595,146.65718388854845,209.0235448001623,13.081586879256253,80.27013517795157,77.50903788282815,spoofed
807,14.613448335602364,4,21861866.224716313,87.36799348860492,-787.464457949383,13.082692613859281,80.27068159969207,77.22414137825123,jammed
225,42.57057082534726,11,22052365.764303688,15.87850228082425,36.96262065196286,13.082677703783784,80.27069593638439,87.58012562274763,genuine
105,41.48640610533093,11,21997253.256689854,12.281085978236383,774.5964738970353,13.082718006792293,80.27069159290053,84.41675818879396,genuine
508,25.21517184723151,8,22012592.72076475,17.10124898927936,2596.734016961036,13.082687013445838,80.27068577309642,78.96088905639812,jammed
947,34.037236784778976,7,21952338.633939154,86.54055927042937,853.6831706823218,13.08270253420258,80.27072115742651,82.62445182158497,spoofed
630,46.02734248752974,12,22009659.07899066,17.78308332838777,-70.59636023448009,13.08270215419654,80.2707185369863,82.58207141377203,genuine
68,46.942946052227995,9,21940455.57210435,140.49892760928878,-991.3741537288558,13.082719329824423,80.27070286078123,77.74499385276603,spoofed
870,42.697160711618096,11,22074004.960185695,8.590743761356674,774.9924255388466,13.08268214155881,80.27070207243575,80.3954991027291,genuine
290,42.82075132107856,10,22061236.502586722,83.50651902662176,-1490.4866641561687,13.08244114476451,80.2715443790178,74.47397579591241,spoofed
98,42.9826062808131,12,21963021.233136788,87.15381975067109,-1589.8394114437897,13.082718211526252,80.27069280410562,86.07278427976972,spoofed
186,17.472697858195705,7,21948729.493611105,68.41055471127854,822.4449625866131,13.082689167080595,80.2706851486956,72.40817426230005,jammed
891,15.0,0,,66.5304079048351,,13.082681606742094,80.27071178951154,83.48165440700858,jammed
755,34.16918639770073,2,21948170.901256517,56.86810140358719,-225.0974794949248,13.082711326878268,80.27068331611106,75.15523522162901,jammed
926,24.723935870898586,4,21985963.329957463,33.5808507857768,351.6638057839611,13.082692328033584,80.27071956461718,79.25383457410005,jammed
707,43.39637239818556,12,22004540.001180504,13.46898960514226,432.4876023576604,13.08271906418654,80.27070008850568,82.68764914096973,genuine
887,40.39975844894517,9,21920697.86727134,88.88788295418894,-1729.5336974741413,13.082681421389488,80.27070962889759,80.39462606341613,spoofed
525,43.63598626099132,7,22001602.039358635,70.8364066549236,2330.1373565679464,13.08167728609881,80.27436099768418,80.62007659302803,spoofed
220,45.89259565706618,8,22004906.454646297,76.39742319753289,-2259.0304639790497,13.082682604383736,80.27069361197316,74.26849547135666,spoofed
688,18.7882805535488,4,21949881.212711688,58.20198893140591,1897.648613554619,13.082721590474033,80.27070698460516,81.26132132001716,jammed
284,39.2239232889638,8,22073117.76317367,9.945655410718413,-1508.6092884569025,13.08268868619463,80.2707158714597,87.78447300048717,genuine
659,28.17637843139285,3,22011214.86535908,59.6617337786943,-536.0915078690734,13.08271217824838,80.27071811476165,89.00821302173253,jammed
920,41.20523362842884,9,22067838.1578732,15.327662904150253,-693.4818879386838,13.08268966544059,80.27071699864376,73.39214393900227,genuine
433,15.0,0,,32.01638661450898,,13.082715343242848,80.27068616053074,76.21485217074766,jammed
570,41.77896977030323,7,21990812.79715024,68.1282263140013,-405.9152738413277,13.081728239108225,80.27184876442445,82.19334083708505,spoofed
423,38.63814991017006,10,21983053.906645034,146.73534337547576,-865.3596070496006,13.082716719655721,80.27068905993451,78.33621650835063,spoofed
734,42.69535931613657,7,22013864.47656054,7.7362122661892645,723.9348149551074,13.082716813225366,80.27068954248571,84.59116263266725,genuine
812,18.063700840410938,3,22000668.790635794,92.1661832313721,1665.0644166742945,13.082689543008792,80.27068241832502,70.92619125662401,jammed
968,42.98486073846966,7,21943184.98882745,70.3070753688125,704.592791960866,13.08408631424847,80.2746218135001,76.00428083485764,spoofed
922,42.29806465281848,7,21968395.708859555,19.722079342701363,249.12747796054057,13.082692994470953,80.27071820347251,76.2383258126659,genuine
402,24.35776774489874,2,22022650.93781561,38.83552294718277,1232.3554994173064,13.082720910126739,80.27069797502597,73.98199892552273,jammed
814,42.70572604682435,8,22014617.587923937,64.09668226039415,-4159.87358373622,13.082689886156183,80.27068173705162,78.60036086898573,spoofed
167,42.962377415264655,7,21994866.89544797,13.263085832007341,-343.5781167156009,13.082696624807202,80.27068012802138,66.46831235289959,genuine
273,50.52326493709608,11,21953248.51770306,125.72680601437231,2917.635123546549,13.08268383558564,80.27071349279183,88.84212664256923,spoofed
780,43.88883979600301,7,21847643.63939047,68.76302810443379,-1996.5717425254,13.082700309194173,80.27067999732247,77.050565296511,spoofed
12,42.16507674390304,8,21997843.320517953,16.793980419531273,358.1720240760545,13.08270374600466,80.27071820142882,80.53843159747484,genuine
546,20.68216940390011,5,22033001.874589518,64.27447379333026,-282.4309851391122,13.082679232788342,80.27069842806941,85.75111879248726,jammed
617,42.604111304191875,9,22045561.90222845,23.07991212081024,-514.2268557125794,13.082695521730827,80.27071963561995,85.8339158109512,genuine
92,24.99791178663482,3,22047138.290061265,80.2046276579698,317.4720383065278,13.082720781261797,80.27069546385904,81.42602963182878,jammed
90,43.66346277243196,11,21918954.32408459,19.97175234062159,1625.8696197682702,13.082719944567446,80.27069561389145,78.17121640476235,genuine
612,38.44066391150235,8,21947635.64268081,15.658992135054099,1021.1767062247432,13.082693207951193,80.27072139022236,81.72408538944894,genuine
710,41.98851609200572,8,21987915.607617848,96.71943604544768,997.7168274732121,13.08271972558235,80.27069711350792,75.9251534666699,spoofed
404,22.632382483545506,2,21946213.202067737,68.3263751548226,606.2507299566876,13.0827190456484,80.27069597255301,72.6993323507411,jammed
857,43.062414743590374,8,21998137.537372395,19.1283547665183,71.14843271142827,13.082681183669607,80.27069930410384,69.38181270478535,genuine
466,43.20809304630175,8,21966685.764395755,118.85870892404446,-488.159004696814,13.082702718303388,80.27067870699314,88.61544947386255,spoofed
777,42.9924782612471,8,22031563.73650608,14.112612564532062,315.6795370964323,13.082702724175226,80.27068081827143,72.6951169632243,genuine
638,31.980094438999274,5,22016204.461116,25.2300379949577,-11.49799690606416,13.082702481320425,80.27071815603092,77.8834022550174,jammed
986,24.70721707546523,5,21955938.0776282,39.717730050646644,-7.290789980676397,13.082714759568633,80.27071222801763,79.3742720564442,jammed
352,43.200698835205095,6,21944746.89468915,133.94935407790703,1371.9882080042219,13.082714362794936,80.27071598663923,66.69017331421335,spoofed
911,45.39030508164066,6,22012987.426682476,135.22807431716814,1081.0544190140388,13.082686639027933,80.27071573082262,70.54503095048362,spoofed
28,43.03183152898997,11,21990580.79363678,5.997606541329096,-1268.4826996802044,13.082710698651038,80.27071779396815,83.04198095729562,genuine
522,33.2689182651124,6,21966984.9941989,69.76891911123737,707.8657766757582,13.08268249760549,80.2706879401513,82.44102319866786,jammed
66,27.899914811934305,6,22006996.215601955,40.72229545428446,-183.1863308278172,13.082718640228535,80.2707074527632,71.29840217332789,jammed
911,29.752831695332304,2,22014536.65889334,43.87028505405835,-528.4225055981485,13.082686639027933,80.27071573082262,70.54503095048362,jammed
74,42.35606434017641,8,21920645.084960088,17.346803298103872,680.6887230873542,13.08272036354524,80.27070200936456,73.78770756271295,genuine
515,42.861613065590134,9,21936772.900402606,26.79885967164806,289.28041747486697,13.082685427215385,80.27068554273704,72.72678063570947,genuine
309,35.49269953804679,6,22004617.701912723,35.52848107771301,893.2084068923261,13.082697478018837,80.2707195827157,83.355062136055,jammed
227,45.00628162772754,9,21969758.203525346,67.70395978806226,2499.497021980227,13.081885590440269,80.26876716244016,77.07407961736666,spoofed
2,44.2565326744283,8,21943162.88931295,129.70917414496955,-145.28758057904076,13.08269864742086,80.27072057396299,84.3398996717413,spoofed
157,46.578331920766956,12,22027277.195914447,159.43421960185466,-511.2899769457192,13.08270045869354,80.27068077715383,75.81483173388054,spoofed
584,24.30867194876527,3,21954243.767026026,84.70589424667868,-454.2796581860765,13.082683818823275,80.27071119532188,81.6827211213799,jammed
517,19.27859170026929,6,22032939.86841831,43.26499627528745,697.6621798167679,13.08268273450345,80.27068857104724,77.99478091290456,jammed
116,42.58169052838676,8,21987381.293750774,19.11860463521896,-612.3962408337993,13.08271663561576,80.27068568672831,74.5915014115854,genuine
341,43.44922645518484,6,22012262.863399327,142.92021105123413,1229.524803134914,13.085725258237787,80.27237170527813,81.73754654966542,spoofed
72,16.28063135205337,7,22008102.977953143,43.2770827419819,-909.9155544277456,13.082720008058677,80.27070139558354,74.94498103142546,jammed
799,19.531068383196644,5,22058247.222259406,36.05141948382592,376.83897482441,13.08269472854631,80.27067959025929,75.71327123722912,jammed
720,43.319092017202045,12,21999430.037684787,78.20563125273341,-260.9741370331567,13.082718599160435,80.2706945151001,72.60433722929119,spoofed
600,15.0,0,,32.365760467025105,,13.08268901578395,80.27071789410098,86.19853453534562,jammed
622,42.672283619196506,12,22005376.70900268,14.233845198708929,779.7261525601622,13.082697279455214,80.27071871237035,74.27699881106591,genuine
409,38.758819179813095,6,22030955.250923242,12.955504548956053,-1294.5818156147136,13.082721052741535,80.27069531262649,75.81849290022039,genuine
623,27.26628857175092,4,22010754.906790953,30.354292273799743,-1094.9026419452453,13.082697168799424,80.27071940380101,78.19930968211493,jammed
115,40.67626822734049,8,22014410.953154515,6.659827000554516,516.0901501288971,13.082715011697506,80.27068759580978,67.50034637958802,genuine
288,41.269572035491116,10,21950829.20106705,20.32988814871567,1081.3450982880856,13.082690320327945,80.27071680684128,87.67953524621316,genuine
554,40.662367143899694,12,21946839.452293616,122.76409248546832,1412.1341863124733,13.082681090741744,80.27070152820993,84.98692291853183,spoofed
181,25.906622902352215,2,22049426.593142573,99.76290896401076,-835.631834959572,13.08269117473928,80.2706805996138,79.31323506540238,jammed
337,42.78002367887811,10,21944133.619897436,19.852489904318652,-142.26058023095166,13.082707734331024,80.2707181515594,84.60207249170305,genuine
46,44.17857194487048,12,22041996.13025664,17.038641848090194,281.6023631501052,13.082716184365802,80.27071248739135,83.24938986746284,genuine
747,43.290743930253626,12,21930316.375781693,16.297708827857694,-838.8733158620736,13.082714682043202,80.2706851288154,82.10100253431627,genuine
739,37.841446734399575,7,21956209.001016304,149.39276335314253,2840.827655476004,13.082715381932566,80.27068785415291,81.90467473424285,spoofed
753,47.12188912715822,12,21997264.778157536,19.361743399808844,-501.85674073350316,13.08271239615247,80.2706858674411,84.53229060406181,genuine
462,38.02608126672758,12,21939865.17070495,15.568997826701482,786.5919755563233,13.082701549555447,80.27068112099973,83.10625805447528,genuine
938,22.189180700330276,3,22005123.61835516,57.783292572007525,727.8619141022233,13.08269923008606,80.27072145831627,83.76392218682186,jammed
673,38.7079244723544,12,21963081.170956146,10.411455127498702,-75.29685165425492,13.082716603343275,80.27071246496322,73.16393554349001,genuine
201,15.0,0,,86.2683536806642,,13.082685321732924,80.27068748116515,78.55332505873508,jammed
686,43.77386241695443,12,22012864.684905186,87.78566419182751,-1128.9720751461027,13.082718204963312,80.27070894911509,81.69052960753164,spoofed
424,39.77966536566587,8,21926690.700876523,19.560761979883893,316.1385142523891,13.082717180129482,80.27068798739104,73.47883867203379,genuine
325,43.826936727846615,10,21894615.53061928,7.296327518679591,767.0453248087688,13.0827038313995,80.27071914909226,79.35620712135166,genuine
664,41.7960305757872,9,21962806.95364522,11.508892701337137,364.8097456873028,13.08271097439388,80.27071610816036,73.74380607202504,genuine
350,42.92089153175164,7,21898113.574613266,9.77368609300763,-1867.341633768244,13.082714007908756,80.27071581075603,83.16157670233773,genuine
447,41.17127956975686,9,21938604.222465407,15.122243609598934,-670.2586070221197,13.082709055819597,80.27068296764658,77.19535499560482,genuine
709,43.61871172677368,6,22054042.810247544,17.144826955635995,1111.6482068640494,13.082718330478336,80.27069908059573,77.37811666531007,genuine
924,26.041985938682593,6,21883645.010152735,74.0778812552038,845.4796749795933,13.082691565199028,80.27071855440894,73.68124840296738,jammed
722,13.358411142634601,3,21995096.321573373,81.45895317843423,672.6552749471748,13.082720286407085,80.27069337386477,78.1428693615268,jammed
221,18.325802947285283,5,21970815.98215969,36.627084681536694,334.4351647045482,13.082681717421789,80.27069422727637,77.81213346507936,jammed
149,30.15690106805267,2,21925394.70822635,56.55015096454796,-322.4733548629612,13.082703175501575,80.270681390135,77.03421746330959,jammed
387,43.310469607031926,12,21977159.500963066,18.761918663563392,258.975116463252,13.082719241902481,80.27070222372393,83.97615109321856,genuine
369,24.62596817898458,3,22014494.27379592,24.332335170716917,-1528.7143189684703,13.082716924786295,80.27070852112266,78.55417800794694,jammed
337,30.87780245351809,7,21944133.619897436,52.5054523552564,-219.51891543096062,13.082707734331024,80.2707181515594,84.60207249170305,jammed
754,46.46292100518033,10,22058283.60449419,15.929172887594579,1172.5281346762783,13.08271087403162,80.27068405662446,77.4933990364086,genuine
186,44.56954681882353,11,21950887.802569877,54.4482606825699,-1441.40426852071,13.082689167080595,80.2706851486956,72.40817426230005,spoofed
451,42.87193973511574,6,21962391.956596624,23.00023640659804,1046.332499023871,13.082709261353106,80.27068245954766,89.77743271981895,genuine
194,15.0,0,,24.323231911578844,,13.082685944855484,80.27068431308062,89.10316298602861,jammed
699,41.49723836370293,12,22008650.35698261,14.42098245014117,1022.024153392219,13.082721166101477,80.27070267468895,76.50541831296664,genuine
247,44.92773574342593,9,22024150.00808839,154.88385822369492,-3157.404192067079,13.082680411048349,80.2707050965412,76.10912857861067,spoofed
608,18.04001357008939,6,22038593.714618493,76.74012785613773,1439.4557609142091,13.082691958909686,80.27072011354358,85.1576188749685,jammed
830,42.98983468607706,9,22025835.140932422,16.419530005877366,-353.9783542800087,13.0826860608124,80.27069000795262,86.93860634835463,genuine
950,37.691341481486454,8,22130181.31493752,13.355400648333115,-862.1890864378107,13.082702289805415,80.27072149566929,85.44568591956681,genuine
988,41.11395618657998,8,21996911.318475198,47.77461061299894,-1191.3897294397427,13.085490326397464,80.26998087851695,64.91809376739894,spoofed
734,27.591129329782003,3,22013864.47656054,27.760941527680675,443.6894753719468,13.082716813225366,80.27068954248571,84.59116263266725,jammed
413,33.2954639070616,3,21976508.174575064,43.10968324371823,-687.1219056354348,13.082717861018558,80.2706928175403,80.26425654934475,jammed
409,23.49346124029429,3,22030955.250923242,27.95121881917129,-1289.0727123238785,13.082721052741535,80.27069531262649,75.81849290022039,jammed
981,40.916823157053855,7,21899973.588384904,121.29968907812187,2518.6298041604846,13.083418199864445,80.27156500516813,74.88517416888799,spoofed
831,46.30749665442496,11,21891650.838678535,55.802557414957754,2049.721201456192,13.085375698091724,80.2702971801388,83.36493712082239,spoofed
177,24.996405634782654,2,22006756.172593404,51.04085606858479,248.0444216958636,13.082692799200217,80.27068159465469,74.0813933611736,jammed
871,40.49272771241574,12,22056889.971883114,60.696454894708296,-1488.3486146310504,13.082679649141534,80.27070452684832,77.79681922806802,spoofed
6,42.83146675261648,9,21969474.047180958,84.36817994937792,2397.7371974903467,13.08148162265731,80.26656032801041,87.24467012375426,spoofed
253,19.254803455431762,3,21975412.629013494,64.84771407188435,-308.2380661936905,13.08268014555195,80.27070607704586,79.92264618581599,jammed
21,40.29767613899015,8,21964256.171905123,15.054914462912006,357.1688169961499,13.08270896432655,80.27071833676003,74.26366754269269,genuine
305,20.73217631815365,3,21998014.68588265,43.12442209768227,-36.94021143838418,13.082696382012747,80.27071919536006,77.61396685527568,jammed
298,37.45747320507774,7,21983757.70692322,70.00505082927685,2627.7412748820984,13.082693552015195,80.2707200895051,76.38332670233883,spoofed
618,41.85638059746948,10,22011549.210482504,67.06555937805976,-494.42618785701734,13.082696697177749,80.27071887439507,80.93041446845149,spoofed
671,42.6809243881856,6,22140632.462411936,10.619702679447109,-910.075196290151,13.082713184018116,80.2707138148658,83.31556190532865,genuine
813,42.22767287652004,6,22067492.62704839,38.81381452042032,1790.7000013327454,13.082690862540787,80.27068423561623,76.34766870545525,spoofed
941,21.604344566716584,6,21950844.903617088,48.52953381493316,168.4275331175191,13.08269881969677,80.27072089191219,85.3941745712997,jammed
845,42.91368618160708,9,22073973.10719261,13.259151045816626,-1630.8884052579267,13.08268160559378,80.27069236044781,73.85027755870888,genuine
694,39.933237382707766,7,22027449.143703844,8.189745845736738,1697.3399880527522,13.082718297479573,80.27070485669749,77.13716674189381,genuine
473,42.48320051773868,8,21976510.097153183,89.89762121787331,-1373.0498426877857,13.082698963141679,80.27068013344258,91.9868829479885,spoofed
353,29.479148430746754,7,21980772.494499106,56.32729240385426,798.352520508754,13.082713282670682,80.27071483270966,64.68565938412846,jammed
133,15.0,0,,38.455655627306975,,13.082708565572602,80.27068294885632,77.327646891437,jammed
869,41.88353182415165,7,22126595.23388711,17.428444795952576,-1749.1251520137205,13.082680394119691,80.27070149790431,79.79541919113304,genuine
604,40.40846179224441,12,22077174.642800726,17.956603644262422,-175.72933755084594,13.082689629503367,80.27071763661739,81.8987143781398,genuine
834,40.11777020692845,10,22049983.7009936,13.69367804479373,-1416.9638707134902,13.082684038090548,80.27068896721788,85.73372302724849,genuine
453,47.36498982490072,8,21956894.978667285,57.65811385217899,-1277.7925635329677,13.082707109543206,80.27068236484382,86.91260321204113,spoofed
627,45.40660659950835,8,21959543.700752947,18.438262422545066,-799.9878246483177,13.082699144579216,80.27072093736867,71.77108417592878,genuine
902,41.63139377520458,10,21990835.122178636,13.698856847184395,-371.5294553849444,13.082686696067173,80.27071252931171,84.53797784654498,genuine
747,30.38645230955808,3,21930316.375781693,57.302238930047324,-817.45356699282,13.082714682043202,80.2706851288154,82.10100253431627,jammed
51,42.45022202989412,12,21909050.817936193,77.21621028488553,2177.4722512674803,13.082714348157822,80.27071218163371,79.84786417548679,spoofed
321,41.523372356237104,7,22033217.683712,7.687713075729237,-50.24537851516438,13.082704608641706,80.27072008566182,77.29923222963764,genuine
696,36.19910996903464,8,21953446.325602897,10.89082351796223,657.5497608869412,13.082720041634786,80.27070516423927,74.63974113813161,genuine
179,28.43258691722268,4,21988629.029367805,56.35911537526435,-819.8476654755689,13.082691785513223,80.27068156327938,89.9637140041766,jammed
624,43.17784073349982,12,22038626.99037914,8.756286946461442,-586.8610748008325,13.08269892872086,80.27071948865198,72.95315306220729,genuine
778,41.04026140596473,7,22042613.897242963,62.16129728203005,822.1933007599814,13.082703538790339,80.27068332041797,82.30112336603145,spoofed
173,38.608825589931016,6,22013314.26354927,119.11532332893539,-1929.158582926112,13.082695591777792,80.2706803585369,79.43715046516004,spoofed
11,25.872330140283196,1,21894640.382633515,65.32581193621714,-303.1175804031218,13.082705114143002,80.270719004497,77.20381783302503,jammed
480,19.182418297059446,6,22038492.84465277,50.913137368646275,172.63223256796977,13.082695893265923,80.27068030994825,70.66469909552518,jammed
90,15.0,0,,92.8149396155755,,13.082719944567446,80.27069561389145,78.17121640476235,jammed
848,40.23183867512134,11,21990570.6933497,18.9106411954737,-387.84031960178964,13.08267898925836,80.27069292772454,80.26183161595068,genuine
512,41.559702141282806,8,21941483.25876381,71.47422677230198,1021.487355315932,13.080824024025103,80.27477771151675,72.10140651402787,spoofed
780,41.87200722045851,7,21846811.00668438,9.340067799615195,-309.5172405210021,13.082700309194173,80.27067999732247,77.050565296511,genuine
605,43.35282902701133,10,22012832.93653561,9.91991735295889,451.9525228374516,13.082690129294646,80.27071753952534,86.19579999210217,genuine
174,38.80515606420095,10,21965065.97820076,11.72128268783843,109.49865655150796,13.082692573294253,80.2706816571877,75.44546392900021,genuine
202,20.351619183399254,5,22118730.327501323,59.35643726138703,-59.10993566320619,13.08268425939003,80.27068714583424,77.67125995797319,jammed
269,41.550999666138246,6,21950078.098440737,49.77029701258276,1347.672580969728,13.082685499614124,80.27071203480249,78.23084981216293,spoofed
463,37.482548143752524,7,21985369.19116909,48.17865706449205,240.66231238255023,13.082703889556585,80.27067882254615,76.39825981320325,spoofed
100,41.05459361490153,6,22022626.92094898,10.886489884604494,1994.1910933108147,13.082719054651214,80.27069199735496,77.37908546872498,genuine
243,19.339519790723365,2,21959012.303561457,71.61561726433594,-539.3679915144029,13.082681030752463,80.27070115977858,77.03052335522132,jammed
741,44.969312733154844,8,21998045.05393917,20.486637536014335,163.4781497671633,13.082714633182928,80.27068720909973,88.33304454157461,genuine
334,42.08195523219065,8,21988677.270772792,27.46963502863995,-900.178808303868,13.082705839797534,80.27071790722283,73.10717928198946,genuine
705,29.02124814315529,5,21973023.240903944,52.8957330406543,-514.1619796104193,13.082720238533607,80.27070223360931,84.23368122095533,jammed
594,38.79732698288542,7,22023390.989145484,19.847048953741027,603.7148937380869,13.082689355696056,80.27071478531677,79.78926593143655,genuine
333,15.0,0,,15.180958263875416,,13.082708643055339,80.27071820563086,78.00354469125047,jammed
214,42.74680745913743,10,21993856.653870218,49.54520379462947,727.4139987879975,13.082682392383058,80.27069082222012,87.49913398614406,spoofed
904,43.455850939106874,6,22026658.446789574,64.14692298023056,-3142.3176386657456,13.082297243888897,80.27153115475035,80.08875486103588,spoofed
551,22.06814888583186,3,22033022.12832742,46.17426015661147,14.061537248950941,13.082680909765989,80.27070136529657,82.85724612758172,jammed
518,46.357246939092825,12,22000375.29197216,97.57122910778105,2978.9302597518745,13.082685579813498,80.27068817418102,78.03351026488927,spoofed
542,21.895045200563143,4,22049827.74422492,37.90575622655986,447.7035822258314,13.082679470383054,80.27069744485772,75.89994398680248,jammed
543,42.604863290829925,10,21949692.75164044,52.32975676034985,367.5836959090925,13.082678532120683,80.27069648956918,85.49074126093873,spoofed
327,41.8326170677545,8,22061086.43331088,18.379894279034616,-51.0034119925186,13.082706549743845,80.27071949031615,91.72866519480503,genuine
933,21.81398490058393,4,21999158.16381333,111.00938729938494,-563.8481334368307,13.082697237934688,80.27072088389876,79.1670084617519,jammed
640,38.26398595045173,6,21982423.763242837,9.375353224489228,-487.2825150586566,13.082704306913904,80.27071943615576,92.53862392753467,genuine
152,37.48124816204722,6,22061179.470402356,55.91228209334379,2129.290433237513,13.0827012632636,80.27067925715419,80.48028569558721,spoofed
42,40.18952955819766,12,21916834.316983618,68.38348814338731,623.3959545538856,13.082715193576941,80.27071113931207,74.29392377219588,spoofed
468,24.12377288596057,6,21988193.4954111,32.957710643004056,-221.6265066064617,13.082700806544564,80.27067997460452,82.27790218668288,jammed
838,33.87841546361055,3,21998319.828002192,61.67668251193947,981.4770525123774,13.082684318873229,80.27068830020896,89.8644792739024,jammed
460,42.78477052864388,12,21948773.55435435,9.909411942406571,-1602.2509908206637,13.08270652282254,80.2706806329099,79.79331359518045,genuine
46,26.515238677872482,3,22041996.13025664,34.315903388930174,508.4000806062752,13.082716184365802,80.27071248739135,83.24938986746284,jammed
398,29.22691002351556,2,21892198.8478725,50.605476400974034,-1117.1249435168202,13.082719054110418,80.2706990704939,84.70690975245172,jammed
562,30.779073646819832,5,21909489.333945658,30.276402597353332,304.67581632544113,13.082680204665248,80.27070378805512,77.1282794576139,jammed
975,25.622358104796223,3,21976948.68597096,21.911745242681146,-125.4780857291785,13.082711813652658,80.27071662744954,80.97052054024417,jammed
419,45.38396472392349,8,22059515.285175506,16.78682486077837,-1789.540398980817,13.082718493078206,80.27069048613946,71.85181954757853,genuine
738,37.950320014020576,11,22079141.472338665,19.34880593582478,1126.2070442033585,13.082718289404966,80.27069014152727,76.6111514963559,genuine
879,21.679458171321258,6,21982265.134852014,37.51524399448592,888.445169779485,13.082680976407763,80.27070527342272,78.97506303200437,jammed
389,15.0,0,,63.879211173338824,,13.08272038665083,80.2707022608015,78.8763412289334,jammed
438,28.803046280610584,4,22064675.49842297,43.51061933852581,597.7035616761581,13.082712873989255,80.27068423882992,80.94918197176239,jammed
497,41.16098157970338,10,22011583.022211827,14.704788913474722,-243.9377367513297,13.082689581563804,80.2706828393508,78.6132336903449,genuine
375,47.819132750865215,12,22043596.718325973,5.782262912706452,14.029521338446784,13.08271757247296,80.27070710993651,79.47794479432163,genuine
975,39.39603091844682,12,21976948.68597096,7.273500272356212,238.34654157473173,13.082711813652658,80.27071662744954,80.97052054024417,genuine
209,27.39567772568174,6,22011841.3058394,64.6469849830165,469.7912704955128,13.082683493386059,80.27068885320305,74.91744689046654,jammed
637,40.453386143789125,8,21983887.077823844,126.01120110650324,-393.73487163814224,13.08270346821981,80.27072059118255,79.04640061095948,spoofed
404,43.30291813933028,6,21946213.202067737,19.04273874801009,256.8368073318686,13.0827190456484,80.27069597255301,72.6993323507411,genuine
467,48.54346532845267,9,21988856.330798585,125.97257398281336,-1802.257355354428,13.082701948082988,80.27068166676682,78.89762708706841,spoofed
425,23.402940930748557,3,21945313.146914165,35.00843556653762,1248.6818659877067,13.08271563226585,80.27068771726516,87.01978026775006,jammed
93,41.800704472734004,12,21950750.253613777,16.547064198799625,-639.7259378381153,13.082717462788356,80.2706941088196,76.7649168902427,genuine
769,21.602653293073693,6,22023880.53648784,32.82983927244245,-514.2868677925741,13.082705457657873,80.27068111754717,82.77534860035672,jammed
221,44.6900018628083,8,21969381.968019105,145.56020298271164,1979.2011644847876,13.083635410074423,80.27123997930201,77.81213346507936,spoofed
849,23.778043576082922,4,22040586.785499826,36.86552725386685,-1004.6154330455154,13.08268080555523,80.2706931279225,82.7811956748664,jammed
827,41.705972861437196,10,22057012.664047215,15.827577310083813,-1196.5282007002938,13.082684559016746,80.27068663526191,87.31963202257167,genuine
428,38.5445462115574,6,22056449.5550481,11.777721175586418,532.6664782453727,13.082713903969818,80.2706858194512,85.2291529588035,genuine
889,13.728451721960457,2,22034201.89565587,53.5966740337152,912.7387304567908,13.082683987787966,80.27071012217046,85.45286793686924,jammed
576,46.57767507074007,9,21931691.428265315,44.652829410242546,1869.1848235662183,13.082682638923629,80.27070868217379,84.80578606858926,spoofed
781,43.95530894931655,8,21938958.50434591,41.22792514901763,-1054.5824911567677,13.08270188030691,80.2706808209325,90.80970890594251,spoofed
282,44.31859620389545,11,22010533.34388623,12.680997793242827,367.9202130462163,13.082686699071052,80.27071617441591,79.52595720305005,genuine
343,43.03472571343173,10,22073913.946785804,20.981697426851234,-254.93847246144333,13.082712107555814,80.27071672942421,86.9156756993106,genuine
113,16.937927375868068,3,21989115.765328266,56.30919923488016,486.27821880183535,13.082714294868515,80.27068751100015,83.11821049805826,jammed
574,15.0,0,,47.57321246362873,,13.082683521112479,80.27070835067244,82.05275817529147,jammed
691,41.38559624996775,9,21993909.738797333,10.094503162658928,319.6198048361076,13.082719618963605,80.27070646670407,76.90431521262195,genuine
0,42.76179269938608,7,21944800.56823142,26.053204386966197,-33.43778230041002,13.082698626949341,80.27072035241939,70.13647887903082,genuine
582,18.273314092825252,8,22002687.628149524,30.759687615138226,-697.8771805378817,13.082684081060671,80.27071112051652,78.33057587003223,jammed
707,20.369699899317794,7,22004540.001180504,47.857077005852034,137.1442465569765,13.08271906418654,80.27070008850568,82.68764914096973,jammed
416,19.84775080156001,5,22025491.035388805,94.43569925325632,2387.784682007186,13.0827183677534,80.2706912167084,77.03547992835364,jammed
21,41.57972876946118,8,21963327.383861903,68.06923738951183,-2104.645319708681,13.079914427710605,80.267267821663,74.26366754269269,spoofed
3,41.68921071701825,8,22035086.553136688,148.98351825682167,-932.8228956377055,13.082701439701484,80.27072068727387,82.25614692760917,spoofed
993,31.9327440604457,2,22068886.81181374,69.34307857027828,-24.370939131493458,13.082715955484007,80.27070986173676,78.94871124113286,jammed
131,19.90778888731495,2,21882785.105310567,78.68133753983861,-61.952100212341705,13.082709425444547,80.27068306178097,82.5482538160314,jammed
304,45.14812990340178,10,21975217.03278544,139.8182087851747,-1915.423717622093,13.081767658947191,80.27184355675236,87.60053061208436,spoofed
247,35.126548957037436,6,22025329.157709513,45.30111820186368,-1239.306665070008,13.082680411048349,80.2707050965412,76.10912857861067,jammed
927,42.88523562451456,8,22079627.761231646,82.45665259586825,-2824.212716109485,13.082693728934656,80.27071637679134,82.74595247116517,spoofed
375,49.00891979670666,12,22040931.148259103,114.29507342657791,724.122898956178,13.08271757247296,80.27070710993651,79.47794479432163,spoofed
150,40.510937923108756,12,22003890.504635997,149.17439869606164,-1900.0482404330508,13.082701987019872,80.27067821227423,80.09825047568285,spoofed
261,40.17095042082475,12,22084518.62721517,135.9353894389908,-2389.4408570976025,13.082682690040569,80.27070887398618,77.73070070822907,spoofed
994,42.72502305147524,10,21998559.292125616,81.79067707576516,2131.2019993218523,13.081081932142302,80.26680550988496,79.17172093687925,spoofed
159,15.0,0,,33.05358201726589,,13.082699377534958,80.27067946659031,82.115179873652,jammed
246,39.2580360538634,6,22073869.683248732,18.23787051530843,-606.0893796337979,13.082680317520568,80.27070525477215,87.36612172819736,genuine
978,39.23401116175175,7,22026815.99620531,147.66167044127286,2436.6508951008163,13.082712656936707,80.27071415775731,76.84614147404389,spoofed
685,42.042415412628245,12,22105225.456898488,69.97535120588245,1626.7126360640098,13.082717450049724,80.27070850393461,79.0488854083845,spoofed
671,21.880757600114848,2,22140632.462411936,26.88458509350395,-694.6788800085452,13.082713184018116,80.2707138148658,83.31556190532865,jammed
929,42.18928321989208,10,22005046.839586757,29.07223726633081,-803.1105088090821,13.082695389469643,80.27071922879853,81.03345036248012,genuine
741,42.70831646281686,8,21999410.321765468,83.8103419785619,-1721.1396069697312,13.082714633182928,80.27068720909973,88.33304454157461,spoofed
461,23.99958004375905,4,22045403.142175898,39.1679691692849,-253.82795581103193,13.082704147077925,80.27067950619053,78.3108133432487,jammed
971,18.168092665133422,3,21977974.6069576,95.92154851836163,-58.36319997104362,13.082711606897144,80.27071750595445,77.99883595047072,jammed
365,45.70363886914743,9,22032780.90305857,7.65680284842354,-971.7346618468491,13.082715412775253,80.27071172072083,79.94568126650903,genuine
296,42.00054024828848,8,22000629.033481807,146.56995433957,1804.4079206379477,13.07871921154417,80.27202903273137,78.12299918012383,spoofed
736,43.944418472712314,8,21946121.933556635,22.549353415601576,563.718265776518,13.08271511167758,80.27068985675555,85.31266758154959,genuine
26,43.33077296388337,12,21862516.19901847,23.91146896352356,32.26912444375255,13.082710255961985,80.27071799668597,83.76400911470886,genuine
441,24.481939434193208,3,21998335.26302415,29.136829144519815,770.2834419908971,13.082711628372472,80.27068242586665,76.37091652633389,jammed
851,42.39188273467335,11,21990873.33489887,119.341147616363,-1691.883691881251,13.082679479389649,80.27069523698839,86.43383001978528,spoofed
680,44.04193966800198,7,22002584.91607143,6.1935529767872755,-408.70167066331805,13.082716994487596,80.27071047835814,86.9302216019304,genuine
250,15.0,0,,97.47385750906398,,13.082681073963823,80.27070654171604,81.6495144079698,jammed
3,44.351411790978034,8,22035598.85114955,12.259635333775885,-185.1574381510328,13.082701439701484,80.27072068727387,82.25614692760917,genuine
182,40.64537287344432,7,22017784.71935348,41.0192421944556,2110.6361579086247,13.082691238368005,80.27068281599496,78.01102297087213,spoofed
837,45.56871320921126,12,22013037.71920706,5.572135477782647,1222.848651435092,13.082683136827336,80.270689490143,78.17451011994623,genuine
403,40.58030908653801,7,21977029.416130636,117.9900516211553,-1012.7135994737598,13.08271988523851,80.27069634248718,74.83252234269797,spoofed
292,45.678729932482895,12,21920399.349887926,14.717794515564464,34.09801846296479,13.08269143552679,80.27071715572805,76.77017434053113,genuine
698,39.712109710385185,9,22001840.274954848,9.097028301232548,-802.6539122893477,13.082720257139808,80.27070330394822,75.15473761905102,genuine
48,31.47845337090539,4,21994752.092199992,61.29119633415262,993.7640084108691,13.082715417037845,80.27071026638282,85.27020798081836,jammed
764,40.35358326234309,8,22028356.570126597,148.62286571891437,-2742.149637849217,13.082708539531072,80.27068082016116,74.79380381843943,spoofed
417,45.77913285993555,6,22026267.04589371,123.95615996153798,-2613.544152733791,13.085152628812638,80.26980060127983,83.42524481825257,spoofed
667,28.786445928791668,2,22065057.917432602,74.96966470778968,325.7814540393206,13.082715591006208,80.27071438016117,77.91957439366736,jammed
963,31.026011428370857,4,21907880.776898466,41.984437233862394,-196.62443680552587,13.082708604524361,80.27071796347931,76.78256145458435,jammed
249,15.0,0,,55.89750059185199,,13.082680523893666,80.27070580928587,82.62536020431034,jammed
274,48.151765002030984,10,22137796.709473882,132.04927668032957,-55.45987404694688,13.082687209441668,80.27071403784768,73.00804044654998,spoofed
298,26.627211063378546,2,21984961.770757664,50.8870240211711,469.2413299291105,13.082693552015195,80.2707200895051,76.38332670233883,jammed
868,17.641311479342086,8,22024016.71479407,24.357903006197695,-182.36976836038951,13.082679742041268,80.27070165772747,86.17739298732073,jammed
387,44.88452460282622,12,21975593.186617363,121.03546717078791,-763.9907024304798,13.082719241902481,80.27070222372393,83.97615109321856,spoofed
443,15.0,0,,30.80097065916119,,13.082711404238697,80.2706833512057,79.03736715238371,jammed
603,40.4310311589077,7,21909592.79765646,25.066232273973,349.02356258629123,13.08268935280693,80.2707184886787,79.14652926890565,genuine
289,21.348345844806744,2,22034388.056579992,69.13913674835912,1414.0145125071233,13.082690423600537,80.27071746508291,78.17034136476427,jammed
502,39.90448264393481,11,21994238.263387706,107.8710604615525,-1569.3337943882038,13.081011864643447,80.27428372150382,74.7788899221192,spoofed
63,43.465555828398195,8,22040456.06554951,22.175030889944676,464.9590495954019,13.082719833305765,80.27070553714319,77.73402633015633,genuine
579,15.0,0,,62.14475471323745,,13.082684558268493,80.27071111390609,85.90613382207496,jammed
883,19.19137307563388,5,22002131.55122189,44.544136598881245,-1258.874213622171,13.082681185140876,80.27070776491617,73.2673539343293,jammed
990,44.17638902354932,7,21994283.891599763,20.406873969685734,-512.8127327900507,13.08271706934674,80.27071106613546,81.69136111913606,genuine
384,15.0,0,,49.25101444383962,,13.082718599142117,80.2707046203274,80.60612091844678,jammed
237,41.59333519863773,7,21989281.244514745,23.637091433140505,2276.235515926111,13.082682249461,80.27070192289474,78.3447473426396,genuine
650,46.61956253239011,10,21965286.811887596,16.861627800301527,-1472.8289338342763,13.082708516031937,80.27071769770474,77.80102075255296,genuine
967,16.331240966523232,2,21992269.462069005,31.20784776511374,781.3736569247133,13.082708357204625,80.27071736622716,85.24634174442906,jammed
112,40.51462511075801,10,22009763.15157399,14.017507898009463,1174.4654581322377,13.082716983375699,80.2706876941678,79.70980736047102,genuine
348,15.0,0,,81.53500221300287,,13.082711387104531,80.27071607116592,79.70165759719735,jammed
804,45.21832777901266,8,21984694.047577,15.757703978826331,-150.55348564086452,13.082693127056677,80.27068080787053,80.35632357789282,genuine
556,24.773888182876078,4,21938764.761117473,46.963440867141905,-41.043919844101296,13.082680302841041,80.27070208109966,88.80440570016152,jammed
577,45.11987496264858,11,21901112.546881642,7.144511287146912,-128.23435425841532,13.082684805288624,80.27071115399819,78.17047877431273,genuine
834,18.77465259984374,5,22049983.7009936,29.102056783562258,-1299.322278099593,13.082684038090548,80.27068896721788,85.73372302724849,jammed
126,45.6582572280489,8,22002327.873666395,11.584540992074126,-502.06179296882334,13.08271160469501,80.27068393071582,74.55370939930849,genuine
666,41.77162121711399,10,21953731.168413304,65.26025082133852,1417.6730506127446,13.08639301560455,80.26998088717956,81.10593242670583,spoofed
730,44.198337152828266,11,22014538.942035314,58.933530356531286,-334.31896288688273,13.082718282985224,80.27069077239386,80.57058785569306,spoofed
851,40.775624542746975,11,21991181.702475533,16.28317190540765,-715.0050706355778,13.082679479389649,80.27069523698839,86.43383001978528,genuine
185,49.12719460024989,10,21922770.14512431,66.30671492994139,1826.8543303696038,13.082691017391106,80.27068250654247,82.89966920864642,spoofed
7,41.209393519141045,9,22066257.33644374,20.043341779774195,508.6746706127458,13.082701483195395,80.27071871365995,94.00042967957164,genuine
550,43.88354433598969,11,21948882.438209888,147.72595819583123,-780.5951474362989,13.082681372583304,80.27070002876778,80.7054769108107,spoofed
854,42.69643978627951,8,22037472.85077033,10.414755267696197,415.28239836545737,13.082680363923833,80.2706960598619,83.10356419614274,genuine
853,41.294359178144774,9,22072103.929158773,166.08085675798108,1822.9352184716008,13.082680980859687,80.27069630105404,82.66200653118929,spoofed
722,37.76471952576156,11,21998041.387364715,71.19809521634036,1388.6135782694248,13.082720286407085,80.27069337386477,78.1428693615268,spoofed
407,44.07379760506018,7,22030146.84718776,20.106111446095664,-1217.8513844864478,13.082719213266872,80.27069419517365,76.33440834358701,genuine
405,42.23161163717916,8,21975167.758248515,52.21527738718951,1170.9154293014424,13.084831948386517,80.27418867716742,74.666103812213,spoofed
153,40.78423022731667,8,21991067.241549306,16.456026005657467,1093.9212221907376,13.082701800067351,80.27067847356123,75.17271661044067,genuine
566,23.725959498202812,4,22086117.997099783,35.550367768550146,615.5241290838537,13.082681845117007,80.27070550475821,76.55760544567103,jammed
391,43.945759398461185,7,21947141.132218227,107.7426460945026,-2616.201777395687,13.082720214513186,80.27070104764844,79.37019783726501,spoofed
353,43.180296508832505,11,21981935.774106536,131.55751183217313,-672.2681760773528,13.082713282670682,80.27071483270966,64.68565938412846,spoofed
4,22.444940248208127,5,21940926.04660356,69.75433185370969,631.8442801243823,13.082701098079022,80.27071916748834,91.14897557597486,jammed
652,48.11283354708497,6,22044227.177042842,145.64172321651682,3866.7785153459317,13.08166067411827,80.27030009589339,82.83200676329622,spoofed
280,43.20035850847903,9,22014845.793536805,28.173703772075,-749.0570200362348,13.082688089673054,80.27071582872803,85.41171527217624,genuine
400,41.550971465421355,12,21970920.30328592,8.948006361086058,-1278.7988256106264,13.082719696875188,80.27069687330608,75.74900183197069,genuine
596,15.0,0,,25.081990373513683,,13.0826884339397,80.27071467616491,71.57568582245437,jammed
497,29.128166523593173,3,22011583.022211827,65.44395928777026,520.5844221050511,13.082689581563804,80.2706828393508,78.6132336903449,jammed
516,42.97964766626234,8,22090577.87829002,152.0934567507059,2570.662205824327,13.08268312208813,80.27068819766515,76.96625578676218,spoofed
479,31.648303064133295,3,21932982.18959894,57.939765919110606,-537.4536323336885,13.08269646164539,80.27068154504754,87.22125198201189,jammed
800,29.740613490660238,1,22046387.11997756,64.86689148336444,301.20017841505285,13.082695703774528,80.27067897510891,81.35147473353915,jammed
9,40.03665592642997,6,21991777.74586313,139.08310652065404,-1259.3760168506224,13.082702879550645,80.27071975104005,80.81535103966351,spoofed
504,34.58867790539587,11,22110707.630789597,13.329396333098458,-1002.6442098761304,13.08268692056147,80.27068275898537,82.35324793052035,genuine
582,42.01647790236115,12,22001261.862348028,100.23001078464063,531.2981370287887,13.082684081060671,80.27071112051652,78.33057587003223,spoofed
744,30.119788935466584,2,21984751.339064345,32.239051959807675,379.73992826426456,13.082714545495074,80.27068594178655,78.55167725087284,jammed
903,45.97069026787315,12,21967789.58748068,5.708786689437323,-811.2553543082236,13.08268403610161,80.2707130552047,76.17916121057888,genuine
40,45.22254370765671,7,21950008.12410562,145.78886231596437,967.8628732625912,13.082714713458788,80.27071277954857,87.05583587074638,spoofed
672,28.221722783009497,4,21914538.694804493,51.05538509243729,-1160.7333416018596,13.082714233822555,80.27071017404776,80.8357664379242,jammed
550,42.962594844140256,11,21950283.244575243,13.132430014095766,-119.46818965719802,13.082681372583304,80.27070002876778,80.7054769108107,genuine
862,26.912293382176447,1,22016199.512813605,32.5393592341607,-219.87126430836116,13.08267995745142,80.2706999592257,78.19490782636854,jammed
805,33.5900918951192,6,21975488.89249806,62.26405493951352,-872.8921248366107,13.082691592182977,80.2706830878876,80.81940384538021,jammed
696,36.86939404015041,8,21950608.720605463,92.45446885942557,2327.945441913743,13.082720041634786,80.27070516423927,74.63974113813161,spoofed
130,26.329757609811516,4,22056602.61442071,43.498529047496014,1975.9785488012255,13.082710698579119,80.27068409103995,79.42772494840845,jammed
945,41.11075421107241,9,22003505.657936662,24.911301500727948,266.514025660088,13.08270100268621,80.27072058324177,75.69220559561096,genuine
163,39.946533301939034,6,22037589.82329177,14.10029956058347,-725.5495880767205,13.08269701637113,80.27068014742424,85.35815919944537,genuine
660,18.293820289986158,6,22030047.964234997,55.13004004745981,-793.8652570644907,13.082710965841564,80.270718211458,84.25243601600954,jammed
690,15.0,0,,32.32768181228324,,13.082719102883326,80.27070516484423,83.01468010628962,jammed
384,37.74532147150784,11,21919355.771270633,61.92230266863082,-1137.8820674559574,13.082718599142117,80.2707046203274,80.60612091844678,spoofed
107,41.46791646935057,9,22060901.032297652,43.529434867443186,988.7102501263421,13.079374652536297,80.27068793983113,83.20855324506927,spoofed
982,41.691412089382965,11,22008465.140770793,63.54104498130311,172.54916220302624,13.081971734403648,80.27366984183367,80.90431712327415,spoofed
514,23.572780567844607,6,22031283.77857981,74.28589528503615,1050.1284259668878,13.08268520770908,80.27068728995214,79.12173597930072,jammed
449,42.958442782956176,12,21981016.17645759,14.339493935934374,989.6404334739751,13.082708443919664,80.27068317050492,80.68129153126746,genuine
941,44.21598489891988,9,21950844.903617088,11.743128549662238,-338.3314046580022,13.08269881969677,80.27072089191219,85.3941745712997,genuine
832,42.17499333870252,12,22071313.699734416,54.59508213183458,-327.86373470866926,13.082683128994347,80.27068764059321,77.73565657310432,spoofed
532,15.0,0,,17.860303844313616,,13.082681080946461,80.27069239366865,80.984896522963,jammed
847,21.197616813601492,5,21897261.934616234,68.20764544584854,189.5249935317667,13.08268125788856,80.27069397590999,79.01685814875489,jammed
437,39.325618971775775,10,21956840.716882788,20.890924264085925,281.04774079033416,13.082714381449643,80.2706842646871,80.57774761582232,genuine
314,28.080605239693718,2,22048036.715379722,22.893346063871316,226.24588012092875,13.082699870490643,80.27071898886587,78.04897352916734,jammed
786,42.11053094526049,9,22000667.779577184,18.843018827481846,-2031.366333996531,13.082700142142308,80.27068257337896,77.76290427905161,genuine
873,42.15750592083675,7,21955840.018442243,16.515509424751652,-109.7813614690046,13.082680332905673,80.2707026628772,86.74659024225336,genuine
739,36.38182861164786,7,21953826.011003334,12.57634619225503,983.459945052331,13.082715381932566,80.27068785415291,81.90467473424285,genuine
6,19.90406210061159,3,21968769.82958924,52.196351465036656,1126.6110017014305,13.08270347985355,80.27071763080953,87.24467012375426,jammed
844,28.044617541678345,3,22042196.844577666,15.228782698416548,-669.108213081189,13.082682700557935,80.27069226473549,74.83510387150734,jammed
586,39.05846320142675,6,22019352.936469786,9.455985125309804,688.4940178695706,13.082684383821231,80.27071105126021,85.19571915742091,genuine
306,15.0,0,,67.02004906500609,,13.082697293436043,80.27071834018014,85.2526682495325,jammed
348,38.046014001365144,8,21925131.34149527,18.65906697160444,1480.3705870750032,13.082711387104531,80.27071607116592,79.70165759719735,genuine
471,42.12360592925321,12,22013476.157270275,145.45361112964193,-125.3168842762974,13.0826996860933,80.27067920208259,87.22171851046716,spoofed
28,30.622051397363066,6,21990580.79363678,22.122861813656804,-1172.809132119325,13.082710698651038,80.27071779396815,83.04198095729562,jammed
163,19.542190781395306,2,22037589.82329177,48.528097865556944,-787.9214347929719,13.08269701637113,80.27068014742424,85.35815919944537,jammed
511,41.34106532972108,9,21997811.969277356,57.222991926444024,973.954575467147,13.082684068092446,80.27068499399573,71.97433399270791,spoofed
901,40.28356289264798,6,21980246.096426345,46.10815611822031,-2271.8339722492983,13.082685684816424,80.27071467207125,82.86207791281598,spoofed
541,16.40525973326146,4,21976872.21418377,39.752019045549034,2052.662602638697,13.082681020519798,80.2706962036017,82.78279564046662,jammed
573,39.750763033780615,9,22026534.696901236,25.383556629295118,-75.19901938302783,13.082681441430816,80.27070780517296,79.57213660105687,genuine
647,37.67332098623196,10,22135199.25536397,13.862352923183899,228.09907307381795,13.082706815234337,80.270720582181,75.44980555399427,genuine
595,40.9409834838479,9,22009755.198657144,21.190801507449248,1821.2309516344717,13.082687941927254,80.27071594022529,74.76908890134706,genuine
251,32.34320514318464,3,21971150.181431122,46.59886951762426,-1044.3237881217065,13.082681692019452,80.27070423689547,78.46565843719851,jammed
558,26.25468907425514,5,22142871.921156995,62.30388678375942,576.872461628466,13.08267953903711,80.27070526307588,89.82317759941543,jammed
308,20.89456677799319,7,21979517.5535816,20.491157915921757,168.88411345052353,13.082698516516437,80.27072096628,83.05789682510404,jammed
470,42.86927113112739,8,22024254.693424854,7.000253329578276,-643.3199692599671,13.082700621344564,80.27068122749529,81.5014671872059,genuine
800,39.88738668007712,7,22046387.11997756,18.101861969656788,360.8698269630577,13.082695703774528,80.27067897510891,81.35147473353915,genuine
281,37.63853503256452,11,21932659.872561023,17.77956015649721,-725.1448474217307,13.082686837373727,80.27071587746534,76.14935958679656,genuine
932,44.91326883886794,12,21971157.576342583,17.62547986986299,-1112.4099469044759,13.082695938404342,80.27071842877614,78.34566799097779,genuine
732,43.371847047160315,12,22028964.098566048,14.686266580156623,1560.1111873400148,13.08271724910681,80.27069125562127,82.69719260318324,genuine
728,39.464554480943974,10,21961335.449625093,80.14399609821437,688.0214448483688,13.08271863066348,80.27069255181507,79.08544604906146,spoofed
144,15.0,0,,28.242234818842437,,13.082704566937506,80.2706812652414,83.50782735970235,jammed
617,32.03988381963583,5,22045561.90222845,77.57591308181306,-8.293638633552177,13.082695521730827,80.27071963561995,85.8339158109512,jammed
684,43.86305373184614,12,21980387.452424902,129.29322250345984,-2474.018106553212,13.082717280180226,80.2707077431939,80.36898490884687,spoofed
503,38.431562033792694,8,21974084.833099596,64.56739191292009,1106.127737172032,13.082688182615522,80.27068410436712,80.38047239461258,spoofed
584,43.78599120657665,11,21954243.767026026,20.240147888086263,-407.981741067405,13.082683818823275,80.27071119532188,81.6827211213799,genuine
195,43.70110454403364,6,21974757.54164362,143.95063907808813,-960.0161540479878,13.085261827638037,80.2732317302163,78.75873233683912,spoofed
160,39.58720809441907,10,21921641.145470727,12.070408947742076,278.3475817461685,13.082698748694611,80.27067986158251,86.87453855733983,genuine
111,31.496487919966206,2,22025403.955259953,20.28940639633006,-1130.1505126452464,13.082714873433181,80.27068769278236,79.27169463401283,jammed
915,27.947538816737975,3,21954948.29853725,9.22576406073601,1319.7669890018776,13.082690331044745,80.27071881324196,84.0489238013911,jammed
859,43.66643167152383,10,21940740.770973384,13.27421566378551,-821.7844773501275,13.082680092626955,80.2706995840337,81.003534290808,genuine
952,43.19382334316699,8,21977095.909916595,19.89296431832482,15.461938933911695,13.082703751873263,80.2707196302296,86.23713168411841,genuine
736,46.560531922523715,8,21947747.708038654,104.84210745444538,-1737.4908348607623,13.08271511167758,80.27068985675555,85.31266758154959,spoofed
331,24.948463507294484,5,22043026.485398073,96.53966746862302,584.8355784930325,13.082706157029905,80.2707198415849,70.10373761658111,jammed
219,21.70167450153577,3,21949365.80743059,31.49035839838623,-1024.090129353438,13.082680511166378,80.27069196558305,75.04224843712653,jammed
215,25.33319860768419,3,21970951.990573425,62.139193821542,610.5082360464935,13.082682103128683,80.27069285119838,85.9526235247782,jammed
676,50.65395053239157,7,21947491.247920927,75.8476028635917,1114.3916606964767,13.082716218383364,80.27070972745175,79.59556773152434,spoofed
606,43.90731620584234,12,21914275.705225196,12.388807602287466,136.75069690263996,13.082692972307026,80.27071733188504,73.35274092668796,genuine
164,44.09622300934086,10,22006431.079624563,17.24907663278267,3.4461138745277538,13.08269629574882,80.27068036000792,70.94777147820844,genuine
154,42.90243819624108,8,21963460.578678187,127.68841946506714,1735.3537768039873,13.082005650402731,80.27321599940112,71.69504055496489,spoofed
40,24.238212890917985,3,21952028.612342905,88.4423588076447,-998.2042603648666,13.082714713458788,80.27071277954857,87.05583587074638,jammed
978,15.0,0,,86.74970034993044,,13.082712656936707,80.27071415775731,76.84614147404389,jammed
665,37.47432930194946,6,21976554.07036294,150.49300319837366,-341.67276895099087,13.082713338154447,80.270715141577,79.54963902095697,spoofed
872,45.67100076915509,11,21979087.82358792,138.41092324141567,-2387.7771210187816,13.082682074097253,80.2707022066184,82.31433411127452,spoofed
329,40.70430039408431,11,21956017.878631625,15.045866240910646,-263.24293763857287,13.082706607593435,80.27071723508703,81.36547052815776,genuine
11,44.47864501858364,6,21892763.880081918,101.39483215018309,575.1962249875323,13.082705114143002,80.270719004497,77.20381783302503,spoofed
528,42.81202724849317,12,21997422.568951372,47.447173060877816,-3238.1093259362005,13.08226798417557,80.27122346290453,83.83669348860286,spoofed
546,40.463201589690016,12,22032584.90084886,151.44743894008354,-1798.5883104091793,13.079337868676143,80.26965347177331,85.75111879248726,spoofed
891,42.46489623515626,8,21920549.697876055,134.18831501684767,-2503.707378131018,13.082681606742094,80.27071178951154,83.48165440700858,spoofed
429,15.0,0,,24.879466046594477,,13.082713541307616,80.2706854625819,79.84907571427074,jammed
768,43.03919175026704,7,21988183.80498914,164.37849302544797,-2.235414817964056,13.082707351262927,80.27068055019879,77.89871051149882,spoofed
141,40.8286976512263,11,21910472.710635792,47.71417735276045,1805.3429319364882,13.082703177892984,80.27068147147347,78.39175825679018,spoofed
809,42.54307798702631,12,22018467.902984995,30.44256097430142,8.197347213518402,13.08269241811895,80.27068317788111,79.77621179382102,genuine
433,37.42273543538117,6,22043311.26004293,8.247892909723072,-1147.3777659660825,13.082715343242848,80.27068616053074,76.21485217074766,genuine
107,28.207964033527293,3,22063226.9904669,49.21112911655207,-1318.0711979160312,13.082716792533457,80.27068985361015,83.20855324506927,jammed
91,41.75235636573425,7,21880679.477783438,89.39201561495636,-1586.2992164169411,13.082719888067643,80.27069450304056,84.22285429858239,spoofed
860,39.54495145042425,7,21890677.90106247,1.4809115996332984,-600.5583492033289,13.082680930065179,80.27069823756726,74.82869570429942,genuine
274,45.933387256188105,10,22140478.44850482,18.849479906373823,600.3388435228615,13.082687209441668,80.27071403784768,73.00804044654998,genuine
967,40.14451976500641,7,21992269.462069005,8.424854472311232,869.0607334984257,13.082708357204625,80.27071736622716,85.24634174442906,genuine
962,41.99531590043221,9,21967008.32797793,140.2312981690139,2204.9774256210367,13.082708886572863,80.27071876022676,77.12490151772793,spoofed
139,48.880412935311575,6,22015346.43086679,115.09999797837958,2333.385375329653,13.082707388523433,80.27068128465966,80.38820288263585,spoofed
346,23.33673870604943,7,22000549.275676377,99.32829210133214,1044.9502096285664,13.082710889971338,80.27071580028759,76.04805673158889,jammed
885,42.722291667921766,12,21986314.800209112,16.129299181582763,1555.8097901203914,13.08268297351246,80.27070778749047,79.65286816590557,genuine
556,40.11618104910656,12,21938764.761117473,10.328804679260202,-79.3693881808407,13.082680302841041,80.27070208109966,88.80440570016152,genuine
908,42.174798952487066,7,21965122.139670186,20.2592743026376,1237.6715889052878,13.082687281064183,80.27071404899307,75.44448727464476,genuine
381,21.10043805961501,6,22036491.439450778,24.051525398330888,-516.3212911058804,13.082720391988124,80.27070413492466,75.62080022988454,jammed
117,45.57225892195184,7,21998978.651955176,122.78702280536676,-1219.4987356925114,13.07994454206729,80.27146526864806,79.69476007144546,spoofed
562,40.39068365818063,12,21910270.242010128,100.8979463626544,2835.445181483494,13.082492042886033,80.2722508903287,77.1282794576139,spoofed
509,43.162700523750765,9,21929760.422619484,13.673199458428726,1143.8299619763345,13.082686525639055,80.2706824517902,76.19483048186608,genuine
388,44.14602588846404,9,22003379.04426849,113.10889471364257,1943.3612865387863,13.082719633373078,80.27070181701251,78.10830982738048,spoofed
221,42.606241978178055,8,21970815.98215969,15.574669557905064,615.3180015734462,13.082681717421789,80.27069422727637,77.81213346507936,genuine
297,19.741889896775568,5,22013692.119915422,25.27582188584255,-304.4486918667177,13.082694003286425,80.27071839122605,81.77846691056855,jammed
146,40.46975800235048,9,22025152.433418844,14.560467563153926,1331.820846998617,13.082703782129686,80.2706786276373,78.79664860682139,genuine
777,15.0,0,,28.50703932703102,,13.082702724175226,80.27068081827143,72.6951169632243,jammed
53,19.165359542088797,5,22027559.586435083,21.496734848690686,-636.9220947185067,13.082717583766154,80.27071011493477,65.82877608683391,jammed
822,20.006735948323584,5,22020249.115946233,39.97583877475425,-592.5285282484866,13.082687962153821,80.2706845913297,79.15091481952463,jammed
508,40.601069284876274,12,22012592.72076475,7.260835836300443,1791.065333131539,13.082687013445838,80.27068577309642,78.96088905639812,genuine
323,43.877172471828146,7,22024199.114697576,18.7643608357444,1248.2807438995665,13.082704098519143,80.27072012664293,80.67002238083955,genuine
561,31.799384660255555,6,21975357.01155522,38.06912200802113,1068.9897796556465,13.082680228796482,80.27070391406113,93.0555133919392,jammed
176,45.94772814102609,10,21920097.381236166,22.179890624008877,421.35843368366113,13.082692165055223,80.27068180106279,82.57392118481205,genuine
908,18.344429968147058,2,21965122.139670186,94.50983942849524,1027.38100641038,13.082687281064183,80.27071404899307,75.44448727464476,jammed
168,41.60840525585478,9,22089914.385046154,7.855922828868609,251.7970444716702,13.08269497183904,80.27068076131944,79.51248385541622,genuine
400,17.34363462675778,6,21970920.30328592,40.02727443366632,-1533.9893632940443,13.082719696875188,80.27069687330608,75.74900183197069,jammed
933,47.783856545522134,12,22000621.446731903,128.20128629290565,1498.9434183570183,13.082697237934688,80.27072088389876,79.1670084617519,spoofed
392,25.060328638534514,6,22009981.750895575,45.330227802064464,-431.8399305633286,13.082721590773629,80.27070225451466,74.84742248806198,jammed
257,43.337820980326455,7,21966267.787602033,66.09830929166188,-1630.54089962341,13.082682306086497,80.27070941106808,76.00832610630587,spoofed
177,43.58290320843904,7,22009536.32355296,42.389788975366145,-672.3941783377941,13.082692799200217,80.27068159465469,74.0813933611736,spoofed
237,42.75313425100402,7,21989609.67363242,90.69433079951173,-24.116698004401314,13.082682249461,80.27070192289474,78.3447473426396,spoofed
136,42.78378461862549,6,21958461.505919732,10.068799447417012,952.480543094335,13.082706619155,80.27068327062045,78.20972860394657,genuine
470,20.790879528663204,4,22024254.693424854,24.479799609163386,-1007.5812676957867,13.082700621344564,80.27068122749529,81.5014671872059,jammed
278,33.227209531007134,4,22085304.587906383,60.48106922818503,71.38530696530665,13.08268741842672,80.27071610442249,78.67997753866102,jammed
973,32.6267063233399,5,22033097.379471526,62.19520993179504,1895.4660144953161,13.082711836395474,80.27071898141878,80.74479270621175,jammed
894,41.22063417294388,11,21997750.23961785,12.445827204734922,1277.6222878807862,13.082683239795585,80.27071173476652,79.54670912131412,genuine
197,41.013487192851024,11,21930902.548431817,14.6834007014452,-1551.0021016028202,13.082685940406298,80.27068577400767,73.84026388957899,genuine
338,46.98053057514497,9,22018269.1864845,104.56213041589596,-1187.114590625042,13.082708367429678,80.27071695793025,74.30868007862394,spoofed
483,15.0,0,,49.63150483511752,,13.082696465586487,80.27067999698252,89.84612908411081,jammed
792,21.71778255162277,7,22113871.522427805,43.76815642168176,-614.1313698111289,13.082696601343724,80.27067921820128,87.69925743265122,jammed
84,38.8717387184055,10,22014777.646977827,144.76756881384628,703.9603387395671,13.084285601637953,80.26874839743134,82.44813071936201,spoofed
767,40.609520102877184,12,22006910.256467663,16.652597642937977,-373.4313504348158,13.082707691451885,80.27068101673888,85.65678576126659,genuine
280,42.166599506471705,9,22012927.449410606,80.73664420274322,426.9788523186213,13.08098818724631,80.27252515187044,85.41171527217624,spoofed
693,38.25056753167444,6,22098897.5713298,89.82661354363657,-1257.031354476813,13.083854909925641,80.26979239539071,75.46844253524748,spoofed
81,40.31060580168424,8,22001868.773644213,62.7968571784352,964.4552180349659,13.082719077777117,80.27069942156365,82.9280282090489,spoofed
112,26.64757832580696,2,22009763.15157399,38.52210979712269,872.6022957040778,13.082716983375699,80.2706876941678,79.70980736047102,jammed
969,42.70129422604454,7,21966666.793300398,58.49128240625198,1908.7553667339014,13.082709143092597,80.27071732961119,80.60080466689521,spoofed
865,44.07757964416994,7,22078499.924249947,14.720272839773658,281.9699977509711,13.082679502882824,80.27070150041156,77.18137424551102,genuine
389,38.9488716998872,6,21902473.235278685,74.19199462680547,1100.0980751854113,13.08272038665083,80.2707022608015,78.8763412289334,spoofed
85,32.27666236340243,3,22059481.10026438,32.62559081084206,1124.1538553236564,13.082719480199879,80.27069781060597,70.25480715541038,jammed
447,15.0,0,,70.17688214220848,,13.082709055819597,80.27068296764658,77.19535499560482,jammed
199,41.591392753688716,12,21937547.0014661,21.995681908480435,1026.2342848821709,13.082685007388806,80.27068728595184,77.50903788282815,genuine
429,42.982068670649795,12,21997244.895047884,11.618766513181924,10.011007537224364,13.082713541307616,80.2706854625819,79.84907571427074,genuine
823,23.482604499969455,4,22111719.312309884,43.28814370560588,-799.0783998436237,13.082684405911907,80.27068447403916,75.31495785702123,jammed
795,21.57472711701481,2,22022333.075763945,55.069900782182614,-409.84088982204605,13.08269666313619,80.27067982120107,88.87849016182857,jammed
970,16.508400038145723,4,21961295.705750898,58.56192307356673,606.0105218768296,13.082710947470614,80.2707158101005,82.2260635512351,jammed
730,43.11953429180678,11,22011714.918018844,12.0401059613501,335.0382625604381,13.082718282985224,80.27069077239386,80.57058785569306,genuine
297,41.07021354669678,7,22013692.119915422,11.071018653086135,-299.83132217460644,13.082694003286425,80.27071839122605,81.77846691056855,genuine
121,43.38314520214816,8,22147556.44836216,127.62324338890933,2261.7828696057586,13.086375570929548,80.27053337783782,80.40765139615745,spoofed
807,38.889485302847824,12,21861866.224716313,19.697102108990904,-577.8882870939082,13.082692613859281,80.27068159969207,77.22414137825123,genuine
595,44.14850603605771,9,22010238.921176378,130.5668683213978,589.5331007384561,13.082687941927254,80.27071594022529,74.76908890134706,spoofed
565,31.919771458760327,2,21927649.771179248,52.52386519853777,110.05862388266632,13.08267987118736,80.27070547417509,85.3054512880129,jammed
172,21.239837456563997,6,22000099.967820756,37.011881985565296,-1131.769597344939,13.082694915276765,80.27068069771016,84.0587954923968,jammed
855,44.43666731485966,7,22033829.094343558,142.11537042844958,-1982.6761138924137,13.084725773499978,80.26688643338584,86.8539828038192,spoofed
862,42.12640469804958,7,22013386.699691746,97.12670001061004,-2515.8016174464274,13.081978255256672,80.2697329586124,78.19490782636854,spoofed
821,45.59444234979116,9,21985585.727093633,14.191394984793765,490.4353678166289,13.082687691497187,80.27068479737893,73.92373267848633,genuine
711,46.384667363255865,12,21978244.32525087,60.58177682511899,-766.1935546355321,13.084241366972188,80.27285651125591,86.44952763380834,spoofed
241,26.360385344113958,2,21931583.285122443,50.02214768535694,225.29266924908256,13.082679334547118,80.27070260032309,88.92563900982945,jammed
563,17.575722471424896,2,21969864.03184849,34.9613088069911,632.1538357307935,13.08268076801318,80.27070499321918,87.47772007600868,jammed
846,50.64024101572735,10,21991375.736687023,159.40892188026336,-1189.786386790286,13.082681473806394,80.2706921338835,83.33533425262475,spoofed
623,40.450835164678466,8,22010754.906790953,10.879346393302617,-565.100401692634,13.082697168799424,80.27071940380101,78.19930968211493,genuine
445,19.959763206501506,4,21936269.079899225,65.36708408357723,-224.63666013185954,13.08271039102524,80.27068085164083,75.84651131699114,jammed
718,18.05459734689883,4,22088916.04533599,31.623448115461443,153.4248316957768,13.082719068478223,80.27069578879554,77.92253667880402,jammed
162,27.942252064861307,3,21912009.214615226,23.50176477080031,1752.1601644031489,13.082698105524356,80.27067976449977,78.92218312668709,jammed
260,42.31877035935556,6,22034394.189242247,106.60921246118735,277.98343830820704,13.082681722055979,80.27070960890954,82.44455005878902,spoofed
640,15.0,0,,46.192760325281235,,13.082704306913904,80.27071943615576,92.53862392753467,jammed
860,39.530955334923405,7,21888071.10321345,44.03144030466878,-2939.4860563686257,13.082680930065179,80.27069823756726,74.82869570429942,spoofed
603,41.71396861454571,7,21910065.105486955,128.0890517765527,-1350.3679231711872,13.08268935280693,80.2707184886787,79.14652926890565,spoofed
775,41.806673181917915,9,22022909.48311355,88.13150607057331,-3417.669009752675,13.082705001848142,80.27068080437111,82.83178189535336,spoofed
749,39.62208608669991,10,22023533.955868304,109.1043442798759,-1730.893146924952,13.08271436196674,80.27068662055532,74.39204494173438,spoofed
22,27.778488730210555,8,22065601.263110995,53.12391674339801,235.85078996395794,13.082708359176634,80.27071952057464,75.58514046943013,jammed
750,21.3539598865782,6,21968974.068967566,77.2649748702864,-351.33175987153845,13.0827131462978,80.2706860616242,82.33338399040383,jammed
291,42.38140628025617,11,22055458.490574606,15.054010424280076,-263.51322993015543,13.08268974496877,80.27071842866968,71.18940993763728,genuine
22,46.55220985888807,11,22064506.90327975,132.7036913354185,476.77962196386886,13.082708359176634,80.27071952057464,75.58514046943013,spoofed
740,25.77524635349839,4,21947802.79642657,52.82977372204871,200.73579120463984,13.082715526357624,80.27068745526671,85.85248546713377,jammed
282,46.542734732822126,11,22007952.65682885,135.03892346530432,1956.9492655955262,13.079603201556973,80.27015734425893,79.52595720305005,spoofed
7,25.071406473603627,5,22066257.33644374,48.86823720963203,482.5204940031156,13.082701483195395,80.27071871365995,94.00042967957164,jammed
67,40.844120518338585,6,21959171.244627222,21.640783104478984,-1004.8438342944305,13.082719788168902,80.27070502247688,82.3077695898064,genuine
24,40.929180444592234,7,21903273.463214345,6.442634201347705,525.4548213761101,13.082707496768048,80.27071675238068,81.09469423535818,genuine
216,43.34528859250982,12,21886213.179813914,18.532662564489137,534.5582748461048,13.082680959137736,80.27068922015683,77.97571833829076,genuine
910,28.336124978424273,7,21917625.185047626,20.235006133896555,1342.2062112377885,13.08268905909459,80.27071676397219,78.63451358022013,jammed
783,46.08132785051016,6,21975179.01506143,112.90225747079946,1963.9416923529086,13.082700518808597,80.2706809979682,76.29912947852887,spoofed
153,15.0,0,,73.95835123907985,,13.082701800067351,80.27067847356123,75.17271661044067,jammed
159,39.906418359617255,12,21986856.80544149,63.914180132862874,-292.777080856171,13.082699377534958,80.27067946659031,82.115179873652,spoofed
166,44.32893253218561,7,21944993.222313784,11.499579851770555,321.9526026748172,13.08269609214415,80.27068056169021,92.22050151163185,genuine
207,38.95296734894093,6,22007070.973667026,19.176884969511153,-592.8148638231158,13.082681375223563,80.27068976599834,73.37470183587322,genuine
322,46.54459364757743,10,22045559.784822054,162.62920216212905,-942.7339716751819,13.082702976167319,80.27071948556456,79.72486016804852,spoofed
89,42.862200190859994,8,21991650.771215644,95.94220900227275,-1281.892720231111,13.08271926871543,80.27069529435371,79.29140952228084,spoofed
591,42.62259030576735,11,21995235.710649304,9.191333205328267,-654.6160311347662,13.082685444587757,80.27071546051457,76.53459724005896,genuine
176,35.69688581649543,3,21920097.381236166,104.75994652469791,366.84167985641744,13.082692165055223,80.27068180106279,82.57392118481205,jammed
720,24.847232514739158,5,22000694.910466626,76.78752162890717,1121.0749411882723,13.082718599160435,80.2706945151001,72.60433722929119,jammed
863,15.0,0,,47.21347123261625,,13.08267957422775,80.27070077168187,73.28623025358745,jammed
525,40.89366072026954,7,22000734.006994486,8.87304100265446,156.30473275103887,13.082681629333647,80.27069039342695,80.62007659302803,genuine
335,40.30328340249312,11,22038079.672928333,126.01013676346864,-2946.9592955714365,13.082706781334858,80.27071717824194,78.81697237775835,spoofed
469,39.59477220914593,9,21963280.612130433,15.141633725414705,-191.57685209305882,13.082700245654337,80.27068192768328,87.28893347355701,genuine
350,28.75316535132252,2,21898113.574613266,34.3676018281481,-1997.9290356246138,13.082714007908756,80.27071581075603,83.16157670233773,jammed
169,43.22959513414519,12,22057179.525095563,124.8516995690805,1701.9096757106329,13.082697797602279,80.27068156772559,76.40526484065218,spoofed
811,40.75249932417255,7,22096216.94138273,88.24596375855603,1484.2989808192053,13.081765418290235,80.27013300782689,81.61969821043009,spoofed
531,20.543679555152252,3,22028257.66894049,39.1437162901357,-608.4216432845027,13.08268127328897,80.27069275287532,86.45445726319704,jammed
928,41.41932667518941,9,21978213.495591663,10.107795599792826,-556.5432956133469,13.082694249342715,80.27071937235466,81.00199750240147,genuine
896,25.518454968928733,4,22035298.48733494,20.855198888671875,892.5612457597666,13.08268255031182,80.2707105643924,79.45939580891539,jammed
721,47.0610439505958,7,21999066.69201897,82.96757742484174,3345.4934821688776,13.080216023462894,80.2687028309408,72.18098249897164,spoofed
619,27.769096199433715,6,22024469.19694692,43.08581392945746,-910.3742091201748,13.082697940621339,80.27072009248069,72.52922346725167,jammed
469,18.746671517630578,2,21963280.612130433,56.17036893871094,-711.6628182488117,13.082700245654337,80.27068192768328,87.28893347355701,jammed
141,22.199416293637483,7,21911738.98423486,56.389028043782346,93.31422516207701,13.082703177892984,80.27068147147347,78.39175825679018,jammed
913,17.230236988522964,7,21881390.223596822,42.5230912860295,-41.89337552777656,13.082687794925405,80.27071549395791,66.1556338926782,jammed
956,40.78992467106831,6,21979841.866153497,18.520951725615834,-197.50868466182632,13.08270447284099,80.2707195886283,74.47113852392347,genuine
488,25.206630714337113,2,21987396.859229833,51.949339025786585,-982.2663242003695,13.082695320963097,80.27068181766595,73.88997806520103,jammed
25,41.119666123779425,11,21936599.3041578,13.923777717119226,-581.8941925273056,13.082708532265782,80.27071823005411,85.326396858496,genuine
134,16.455975041151277,3,22053892.167787258,48.26453361087659,-199.17347632002128,13.082707874155396,80.27068401127829,76.72863157007835,jammed
197,40.33247069810314,11,21932563.457455374,102.89204349889052,348.1910254868337,13.082685940406298,80.27068577400767,73.84026388957899,spoofed
925,46.705437200510126,10,21906940.315774724,15.039970147744066,925.0730375192184,13.082694093343388,80.27071875451918,81.07156742960754,genuine
552,30.082415965616505,4,22024896.14671347,62.32801645946051,-455.78587158228066,13.082678970436358,80.27070035458776,83.63064528057777,jammed
744,42.91997642032992,7,21986138.811984204,108.99286739529886,-1455.6988181968072,13.082714545495074,80.27068594178655,78.55167725087284,spoofed
843,41.76675337586627,7,22052474.930293165,9.605214064756831,23.231657204233453,13.08268204308677,80.27069312302658,77.57500960854566,genuine
645,26.06871114182147,4,21995251.734470367,39.2480564595174,-228.36544775932998,13.082706367409854,80.27072057188543,73.10009667048152,jammed
646,44.83708601631543,9,21982862.750062976,128.1227093115128,2023.18755812869,13.082704056477725,80.27071911781663,84.21343601988632,spoofed
20,20.28237400168606,6,22010514.564554308,57.137506907129705,-665.0893808518035,13.08270874299464,80.27071801792457,72.72221539343955,jammed
187,39.5151865497912,10,21973820.72695348,83.39981044197428,-1916.358439414252,13.083690444328418,80.2707160608554,73.07938286495735,spoofed
749,39.767173446037845,10,22024614.845596902,17.425612794347906,177.70579403956143,13.08271436196674,80.27068662055532,74.39204494173438,genuine
371,46.33249554855113,6,21990104.010356486,109.9524315534428,-1323.352718813489,13.082717246534202,80.27070812226201,77.07144235505407,spoofed
180,45.26500435426706,9,21919247.45547076,16.827436725192523,1578.8171494509368,13.082692470501136,80.27068155671068,76.78786660145782,genuine
272,15.0,0,,116.46954320585445,,13.082686124445354,80.27071495374237,79.76161159193065,jammed
498,34.403194759088294,8,22046603.416960996,77.73407650690186,1215.5590273912007,13.082689122061254,80.27068248294948,80.171050591664,spoofed
434,24.676490770907222,2,22036621.39048814,63.84800630992903,-1198.8524440483345,13.082714612781357,80.27068546726272,81.02615545851489,jammed
607,43.12024840984051,12,21964309.025139064,18.905906026118707,-622.4990734884734,13.08269277097378,80.2707176495191,82.84898974352883,genuine
352,22.845311292351667,3,21944084.70913967,47.65278082103119,2472.8648401255605,13.082714362794936,80.27071598663923,66.69017331421335,jammed
344,48.76853304091705,8,21957119.288359493,154.21682403032585,-1490.5002623292514,13.081576748640744,80.2743921701931,79.48245675785137,spoofed
904,27.51941452558159,2,22029435.163910758,28.634163663363438,-831.7130770191258,13.082687272009313,80.27071508605671,80.08875486103588,jammed
899,15.0,0,,64.33159304220142,,13.08268500646044,80.27071481764352,73.28822831266899,jammed
94,37.78166391510493,12,21977223.607749827,18.120921362347662,-437.60377667599596,13.082718593115612,80.27069292146378,80.18861448341119,genuine
770,46.32248835221426,9,22039468.327783484,16.975714095158626,-382.08183466654344,13.08270595739045,80.27067979397894,82.10589541832113,genuine
637,39.21652989519538,8,21981098.035413425,15.259160494964235,279.81745417204735,13.08270346821981,80.27072059118255,79.04640061095948,genuine
304,25.479735365946716,2,21977849.392337926,57.22689714881719,28.65105440650938,13.082695538111816,80.27071999894439,87.60053061208436,jammed
334,42.95515624625052,8,21985895.178491183,83.77052973327858,749.6048853111238,13.082705839797534,80.27071790722283,73.10717928198946,spoofed
536,43.5353052262541,9,21977472.174222056,148.26719904378015,849.522658017007,13.082681575217437,80.27069617744314,88.40153552989167,spoofed
492,40.420870015723786,10,21962251.581469588,124.30571960843776,2107.769881715131,13.080541708333,80.26683402359096,83.70142166826457,spoofed
208,15.0,0,,58.50056538458562,,13.08268324289097,80.27068952586002,88.07715136589297,jammed
395,27.848370443579512,3,22051225.633771334,51.15248152133423,-738.6870193346099,13.082720538196904,80.2706999086689,74.74412026366454,jammed
578,19.558187964747965,3,21986921.90494668,77.51707707377223,1115.4609667476923,13.082682824742916,80.27071098866392,80.24393552517316,jammed
198,15.0,0,,39.289654001718795,,13.082684655712375,80.27068776956303,83.11838163239557,jammed
275,42.96461638139125,7,21977430.77745178,19.83862693389737,-351.5708106775122,13.082686089198798,80.27071537717764,82.59092441392251,genuine
854,42.47264493687169,8,22036628.650788832,59.120913122341435,-272.37090641347964,13.082810476422415,80.2700741953881,83.10356419614274,spoofed
152,23.38477880329867,3,22058476.907364693,29.36062309027358,-148.63275729585675,13.0827012632636,80.27067925715419,80.48028569558721,jammed
206,15.0,0,,19.23828340000821,,13.08268291796432,80.27068997770266,88.67511499886938,jammed
80,43.72711051641201,8,21934912.22854877,79.69081556643295,-256.78580721834714,13.08272035406506,80.27069933341811,79.61902163988026,spoofed
104,17.511840518380822,5,21946620.311547756,92.36569986310468,1326.1406863802779,13.082719353118584,80.2706899172332,86.3296681327841,jammed
307,45.25011148674739,6,21984778.661857165,19.37138839459532,-176.5248585930262,13.082697131735125,80.27072049636575,79.38409852120547,genuine
818,43.700819772272965,7,22004091.021569014,160.7402540589414,1049.2428521337522,13.082687686594165,80.27068465327216,80.88384839112952,spoofed
59,44.264117646749405,8,21929821.558866315,148.10819095177348,2802.6493082434913,13.082720273158708,80.27070744556337,76.71156945603765,spoofed
872,43.81070669364057,11,21980610.602222536,13.58418335556747,-143.33279457073067,13.082682074097253,80.2707022066184,82.31433411127452,genuine
86,40.82649414949319,9,21992348.70618969,19.83999402276932,1643.6360756966217,13.082720578973692,80.2706975173546,77.76601296930565,genuine
826,40.29026692333566,10,22065561.57677948,88.03407658060746,-1997.4121870013164,13.08268395961425,80.27068598698946,74.35998395778238,spoofed
753,48.93757209862794,12,21997938.1323912,76.15884419601014,-1894.1980676755825,13.083236994539307,80.27062993644024,84.53229060406181,spoofed
830,48.47999037298492,9,22024609.157670975,76.25749816734829,-2389.040987932093,13.0826860608124,80.27069000795262,86.93860634835463,spoofed
435,22.050147220146414,4,21914041.943306196,35.555974856716354,-729.2941101372659,13.082713943013331,80.27068555600263,72.9927442613791,jammed
610,42.80418027145143,6,21976758.382025972,53.77594198192794,2387.0688337057836,13.08269201887073,80.27071884728473,79.31276503553438,spoofed
209,41.16469139824797,10,22011841.3058394,16.054323010440434,417.8881710675749,13.082683493386059,80.27068885320305,74.91744689046654,genuine
787,43.86494576231017,11,22052680.83890129,116.31112440969217,-939.0816914604709,13.08269836456772,80.2706806327037,86.24526083993084,spoofed
966,24.187305325885106,4,21934341.614090003,18.717683554496613,431.98089407959174,13.082708904519823,80.27071879723937,79.22876586301953,jammed
642,49.217354307461406,12,22045225.74323059,153.49463950310366,1992.4723860276404,13.082705865901483,80.27071717132384,77.21013995726904,spoofed
987,24.473578945346716,2,22010872.020765163,45.099736598950805,-193.67535205456494,13.082715563528762,80.27071223982387,80.58956334833016,jammed
171,44.580812868134814,10,22013016.008181464,102.25850848379905,-2122.051143850109,13.082695807836727,80.27068108770774,77.90807465192039,spoofed
782,48.863150180858796,6,22092684.855522223,87.26800475697985,404.90201321178495,13.07942663197528,80.26992058657751,78.73369195170595,spoofed
931,43.1208101649329,10,22105344.236663908,16.904146264188366,136.52155340004114,13.082694764513976,80.27072044003019,82.46295775822436,genuine
146,40.12053746568088,9,22023658.12687368,142.41053100108505,-23.640189265264326,13.082703782129686,80.2706786276373,78.79664860682139,spoofed
425,40.82701499552577,7,21943379.833213124,80.83253319401395,1167.9587646207326,13.08271563226585,80.27068771726516,87.01978026775006,spoofed
130,41.02547549211058,8,22056602.61442071,14.224334344097032,1617.6871606827806,13.082710698579119,80.27068409103995,79.42772494840845,genuine
723,22.39755263677725,5,21967536.854019493,93.42065960632968,955.8027817570814,13.082719850996225,80.27069455897427,79.57452514787542,jammed
71,40.1533475178257,12,21942483.75914875,127.85789337207231,2248.8898699667984,13.082716700004987,80.270704345625,85.85033202109828,spoofed
954,40.219744895302654,8,22040955.20844561,14.811224827757346,5.387627281297696,13.082704729139843,80.2707209344747,80.0386916721081,genuine
555,41.23229195416356,10,22038343.364666454,19.979293621861803,711.5307652196202,13.082680528148845,80.27070135221649,82.59535356460907,genuine
418,44.85456091519679,9,21852787.225600988,141.04627803990095,-2809.593772091215,13.082716405318761,80.27069015248094,90.69087235242604,spoofed
930,17.163262926744913,5,22056689.4636282,69.58757305101959,242.15956788293153,13.082694433895208,80.27072086648276,72.76846322734943,jammed
536,15.0,0,,75.51626516402554,,13.082681575217437,80.27069617744314,88.40153552989167,jammed
431,44.37773772729091,6,21969973.661394004,106.34396397754576,2126.318840729051,13.082715609518727,80.27068603128617,73.2566217181302,spoofed
201,45.51870465328429,8,21976711.591757096,17.47636473034299,-559.4016785312373,13.082685321732924,80.27068748116515,78.55332505873508,genuine
23,43.22943216428339,7,21985718.84772232,64.65745001130031,2137.592485567757,13.084081118707996,80.26917684902044,82.07211664739319,spoofed
368,42.50576547957798,11,22051204.941992052,30.297656144984117,1314.187441550104,13.082718117415517,80.270709965341,80.38153405424524,genuine
973,43.54203549922445,9,22033097.379471526,22.10537969034892,1941.3342069850955,13.082711836395474,80.27071898141878,80.74479270621175,genuine
634,22.51748220467345,2,22053423.103362214,74.67403615766804,-869.4386965973349,13.082702349088235,80.27071966019278,77.30914891725797,jammed
435,40.76928114683872,6,21911206.268859252,47.262733548434475,1400.0131040772649,13.082713943013331,80.27068555600263,72.9927442613791,spoofed
816,40.995018549676985,12,22013962.077696677,18.238069886097808,30.30399559167906,13.082687475650852,80.27068485188138,88.14599007404445,genuine
954,26.645155813331293,4,22040955.20844561,43.560325273555755,-109.9675878391161,13.082704729139843,80.2707209344747,80.0386916721081,jammed
316,15.0,0,,34.472208524332316,,13.082700349443906,80.27072045294113,77.69003498822869,jammed
905,32.4080543055353,5,21977696.531077057,61.788242033898754,194.50571465920535,13.082686061629369,80.27071572356074,80.92073486455787,jammed
256,43.08691518616655,8,21969052.67237043,13.031812643514778,-505.4525512662246,13.0826818889138,80.27070825302583,79.28013945389435,genuine
472,21.888789527223388,5,21995569.30273734,52.817244911289166,-641.0498477714283,13.082698586333839,80.27067991732726,73.79131093924316,jammed
699,16.594679803511767,6,22008650.35698261,45.04702690082225,1423.8316850169376,13.082721166101477,80.27070267468895,76.50541831296664,jammed
217,48.12527523114233,11,22033403.2761484,80.74174545547812,1003.3831707258018,13.082682480208316,80.27069310601152,80.92127611202277,spoofed
605,30.913058552450714,3,22012832.93653561,27.25333498875553,189.07875426250257,13.082690129294646,80.27071753952534,86.19579999210217,jammed
329,15.0,0,,51.179471551984626,,13.082706607593435,80.27071723508703,81.36547052815776,jammed
560,41.823299045869824,12,22029155.406782888,9.308366365195287,300.5842380898854,13.08268039859678,80.27070470461138,70.97124937115869,genuine
877,24.419736661674193,5,21994261.102549903,35.84789481980936,-955.2683163686391,13.082680612962305,80.27070471514276,73.09878678344418,jammed
373,44.104550167225156,7,21981461.091526896,15.322948284716109,252.0344288929366,13.082720621227153,80.27070813810285,72.7876657457717,genuine
767,41.5124588591322,12,22008445.886536233,141.91403950861678,1016.7811531978302,13.082707691451885,80.27068101673888,85.65678576126659,spoofed
839,39.892304811131154,8,21977496.863578595,137.91812113743228,-1804.2725616467008,13.082683538935145,80.27068881353307,79.21604104652123,spoofed
684,24.451044515846,5,21981329.553158805,63.96920926959387,-609.0373343580785,13.082717280180226,80.2707077431939,80.36898490884687,jammed
167,15.0,0,,34.2960004656094,,13.082696624807202,80.27068012802138,66.46831235289959,jammed
24,40.41304419436223,7,21905665.833300706,120.66210250820903,-583.3373413403964,13.084312574798776,80.26894415974085,81.09469423535818,spoofed
204,13.95556947561753,5,22010181.65893549,22.462726043357833,-1069.0035298721052,13.082683875634338,80.2706863315351,84.7483995140818,jammed
972,42.55780504601542,8,22066125.216576155,5.520074004269679,-251.94931260571636,13.08271261140805,80.27071676000223,84.19854968279984,genuine
155,25.415967867844156,5,21974669.86520144,22.673584832343835,1544.775324490095,13.082699886985317,80.2706804107128,84.09703060432398,jammed
36,42.460490609278104,11,22013249.10476297,128.3327264814044,-827.3056808676617,13.084620312582333,80.27366289960243,78.47104767174135,spoofed
960,48.90893332222006,11,22007383.405945286,110.3952510688875,92.16932099946848,13.082707436332774,80.27071812006876,81.69240306844516,spoofed
71,21.933596142001253,6,21941826.310010385,35.19237007041421,330.0642523644593,13.082716700004987,80.270704345625,85.85033202109828,jammed
774,42.03013295150456,9,21977225.937557258,10.907511987948075,-147.29034569373144,13.082703766754697,80.27068031477693,82.35850332531315,genuine
324,46.55161539411701,9,21986958.57707977,19.215871550113345,-240.2466065890506,13.08270253282896,80.27071995557945,76.91821473367443,genuine
251,44.81558116287887,6,21969907.533162206,121.91818451848842,-764.7088631583089,13.082681692019452,80.27070423689547,78.46565843719851,spoofed
84,39.0104008860274,10,22017286.32899008,21.861711714332593,-1070.0349546343152,13.082720641809571,80.27069884669064,82.44813071936201,genuine
681,42.56266692299521,6,22023620.40791437,94.31426146177992,2637.2222725748916,13.081080457438766,80.26720112845331,82.22196701788836,spoofed
589,31.94920394475725,1,22051120.361268025,55.567691875270526,1080.3244146775105,13.08268655439341,80.27071305537626,84.34033949222922,jammed
659,42.15793795240255,9,22014013.348053,50.62322326383393,-2340.8624394865574,13.08200230964582,80.27071475702787,89.00821302173253,spoofed
446,44.79708267325662,10,22004286.778232384,42.27299195252905,1925.4286035745388,13.082709150641769,80.27068101079577,69.8845737348347,spoofed
920,15.0,0,,60.009031540210266,,13.08268966544059,80.27071699864376,73.39214393900227,jammed
91,41.75378628872644,7,21882782.834579058,15.413591009315944,-818.9182093599127,13.082719888067643,80.27069450304056,84.22285429858239,genuine
430,39.39864015210616,10,21940380.23347788,19.492776400713083,710.6860198677202,13.08271581050183,80.27068546844623,75.10302916548615,genuine
827,43.78598882921386,10,22055203.94487817,123.6704944686463,1157.3379633174795,13.082684559016746,80.27068663526191,87.31963202257167,spoofed
339,44.57657571129703,6,22027365.328753565,148.2607380033918,1832.307303783955,13.082707918073568,80.27071740717462,81.99815343080036,spoofed
105,46.17241088884457,11,21995766.738647535,32.77217465510857,2713.075543522683,13.082718006792293,80.27069159290053,84.41675818879396,spoofed
345,19.008603888726018,5,21970633.96186181,50.242529006967935,-1093.2513206618385,13.08271175626296,80.27071573214842,88.87091111751884,jammed
257,41.05960982192475,7,21967181.455322593,6.904640899409177,-142.3660445965492,13.082682306086497,80.27070941106808,76.00832610630587,genuine
888,35.745750389600865,9,21974149.28875228,11.655453299982902,-553.6119593857711,13.082682650929975,80.27070808649108,77.83083179545812,genuine
963,40.58035878652586,6,21907137.531880815,57.04249927252287,1409.58576883544,13.082708604524361,80.27071796347931,76.78256145458435,spoofed
466,16.80363599698977,4,21967975.49640723,45.05997313296204,1098.0375982162063,13.082702718303388,80.27067870699314,88.61544947386255,jammed
641,18.76960846946166,2,22012446.695519835,51.950751448995725,849.4521791686661,13.082705431857123,80.2707183015251,76.14637424250895,jammed
388,42.69068544832138,9,22005072.371532504,20.704063946806905,988.6263143953132,13.082719633373078,80.27070181701251,78.10830982738048,genuine
383,38.38765304871983,9,22070268.676704843,80.14677148124183,-3105.8814218830867,13.08272014788505,80.27070513657796,80.00523593041268,spoofed
273,47.23292077232649,11,21954112.323129125,19.12856820712655,742.0366218508344,13.08268383558564,80.27071349279183,88.84212664256923,genuine
756,39.69787400547718,8,21995774.005924426,14.776335329060661,-346.7415878252072,13.08271251967631,80.27068407690571,77.6290669207263,genuine
925,15.0,0,,39.73991624041129,,13.082694093343388,80.27071875451918,81.07156742960754,jammed
956,22.88191496043499,2,21979841.866153497,42.31333904110464,-714.6511647551188,13.08270447284099,80.2707195886283,74.47113852392347,jammed
948,45.611819558994334,10,22038156.097695835,114.85654954420501,1555.7546860098826,13.081939479767865,80.26981511198895,74.43198584192561,spoofed
176,43.99329159125175,10,21922720.28102077,58.48645995515327,1633.3358273674776,13.082692165055223,80.27068180106279,82.57392118481205,spoofed
802,42.861512261875895,11,21962499.913187575,14.695384726460325,-527.5981569386157,13.082693438530155,80.27068120435139,78.77466214203318,genuine
76,40.604268511982504,7,21988628.41299638,70.0041474520768,2937.5877537643883,13.082721616364573,80.2707006718886,86.26052712254295,spoofed
207,24.638733316000994,2,22007070.973667026,75.66455788411976,-148.50665019120424,13.082681375223563,80.27068976599834,73.37470183587322,jammed
930,43.44909249842409,11,22054267.065893434,84.49123907914559,-293.55490383414826,13.082694433895208,80.27072086648276,72.76846322734943,spoofed
558,38.86052886476766,10,22144682.405644078,132.39933092793248,-1848.3572964764073,13.08267953903711,80.27070526307588,89.82317759941543,spoofed
723,41.034596926425415,9,21968176.607930698,51.60914225019285,3081.2183618705567,13.082100581245603,80.27202343485759,79.57452514787542,spoofed
151,39.41086561793547,7,21994041.558133602,23.201770469491557,1138.476119609296,13.08270236708245,80.27067863277126,76.06856939173758,genuine
292,46.08734082740672,12,21923064.53985748,83.16658655737065,-2219.8653239199366,13.08369897189666,80.27256430653671,76.77017434053113,spoofed
714,41.473274964092106,12,21978289.978337057,12.258272310674908,-274.828575060559,13.082718460416473,80.27069653166556,80.19915884111568,genuine
591,44.464711784142025,11,21993473.56302033,31.200813236091363,-2074.5967345719673,13.080982143521549,80.27128342467168,76.53459724005896,spoofed
544,41.366556077629966,6,22014729.64212792,14.640007037801057,-139.00991148972818,13.082679009285025,80.27069845108055,73.53532472999214,genuine
639,43.311268438215215,12,21960059.712755352,12.367466517419425,-842.2264504893301,13.08270370063594,80.27072028141401,78.2429836599726,genuine
745,45.50732993543232,6,22059413.977715407,69.4679282739928,2331.6826239979246,13.082715306493528,80.27068731638624,85.49383811181487,spoofed
423,38.29865871858746,10,21984135.66373738,9.901199073092682,177.10020318098273,13.082716719655721,80.27068905993451,78.33621650835063,genuine
958,41.933115356705095,7,21957200.63548209,72.39552655223696,-1037.349958917836,13.082705080027749,80.27071937565671,72.24874289857357,spoofed
659,41.1905207392835,9,22011214.86535908,11.958801353313566,-548.1942457432192,13.08271217824838,80.27071811476165,89.00821302173253,genuine
797,44.6480593472408,7,22060135.040326808,12.52625784737144,-692.5585447054124,13.082695739735586,80.27068063945624,79.03393489620903,genuine
973,45.61530908042117,9,22031591.76670342,171.86852127602768,2593.37106758251,13.082711836395474,80.27071898141878,80.74479270621175,spoofed
8,43.37981311093575,7,22015877.42537509,156.78249843481854,-1588.9649694301538,13.082703983307823,80.2707190020761,83.790781308873,spoofed
99,39.73630236159985,12,22018898.549899735,6.959070943942292,-301.2757784187882,13.082719105877475,80.27069250356891,76.94696301850185,genuine
898,44.214214617088466,11,22015857.139921222,57.52177505282744,-1532.1598879273183,13.081728932453059,80.27049870438734,81.90981516742404,spoofed
496,38.082077672377814,11,22025758.033535488,169.85344777051034,-2637.017290923193,13.082690429630668,80.2706833249837,81.68353595878153,spoofed
871,17.957392114402783,3,22055969.85809992,70.56537898392476,293.61858674825754,13.082679649141534,80.27070452684832,77.79681922806802,jammed
46,44.82606368453274,12,22041121.89671795,49.4804551659814,-987.0273388609862,13.082716184365802,80.27071248739135,83.24938986746284,spoofed
755,44.840121708888574,11,21948170.901256517,20.74688420478909,-214.1686616379795,13.082711326878268,80.27068331611106,75.15523522162901,genuine
976,44.761698038506324,11,21978338.367168847,13.483991916447513,-600.175256193706,13.082711948402943,80.27071592008694,81.88202285743614,genuine
163,37.763794343036054,6,22040045.087443724,148.10666481065275,857.7603007738317,13.079355914339688,80.27286864138979,85.35815919944537,spoofed
940,25.590829329809672,5,21952099.41996494,37.937150796631784,453.3085862985786,13.082698334638964,80.27072018110606,69.06853377186535,jammed
825,42.882258012068505,9,22023701.70247529,147.14608246944002,-1157.4282038183571,13.082686458981675,80.2706845802833,67.20041716848752,spoofed
120,39.32309118526015,8,22029365.431766555,79.20939434196771,189.27712301637354,13.08516002987736,80.26925903199324,82.9137322032905,spoofed
893,42.84272333517027,6,22058490.349860277,77.2671480873821,632.5469357766083,13.081937043116136,80.27102981030271,72.98964480377973,spoofed
537,44.86953165183391,7,22032974.210712593,8.852463013202012,469.8061293958723,13.08268190167807,80.27069638392146,80.39235039088506,genuine
701,30.131157839821434,3,21990984.648857523,28.74852628330976,339.80609362622727,13.08271993417067,80.27070318638735,77.14708649073175,jammed
897,41.24782669554425,7,21917649.434881803,136.89479881743893,-3219.112452338116,13.084861396416438,80.26733704223803,76.27434591384656,spoofed
222,42.709424401562075,7,21973104.900145352,70.87824681095971,973.0038084367235,13.080512540906554,80.26907529319683,81.2480281550747,spoofed
135,39.79436705842283,11,21941689.19902408,55.42240557407436,-980.6366903711689,13.082706787688734,80.27067992264958,81.69480949620558,spoofed
599,35.72242298203678,12,22007374.703521945,50.98813299139533,1203.193794931197,13.082689442416765,80.27071712353897,81.65193877827991,spoofed
705,39.56010295971274,8,21973023.240903944,12.131651545707905,-647.2794137559265,13.082720238533607,80.27070223360931,84.23368122095533,genuine
362,45.62940656528935,7,22050731.592308488,141.76142641609883,2129.875994833711,13.08271570346414,80.27071150118256,88.24287361486934,spoofed
648,43.406787165317716,10,22017949.911571447,145.55311112066013,-1647.0193806237198,13.085465783402597,80.27191540338049,84.54530753902549,spoofed
647,40.0104952981505,10,22133785.339300297,40.17368547976137,-2154.4758653058984,13.082706815234337,80.270720582181,75.44980555399427,spoofed
828,15.0,0,,64.33833922278127,,13.082684107053742,80.27068632796507,84.15198874553771,jammed
778,26.348200144159108,2,22045419.664863367,52.38275890433349,1463.395708967903,13.082703538790339,80.27068332041797,82.30112336603145,jammed
277,39.218971320041454,11,21935232.9407767,13.778355724102354,336.2897006740991,13.082686126759183,80.27071467199198,80.1487537232943,genuine
33,18.315321464245834,3,21893265.316626158,76.79131726334684,-917.5607498645576,13.082711558177103,80.270715572167,86.35535935430072,jammed
731,19.74470698300348,4,22007546.076340325,37.220757615333824,770.4118953845004,13.082717762587173,80.27069068417201,73.68662743990839,jammed
763,43.592265708430524,9,22054229.319573194,10.617175879084016,1208.909253087308,13.082707175142081,80.27068085898752,86.95716589627656,genuine
835,39.764134884806175,12,21954894.44309095,15.094955933200541,1469.5161358632101,13.082683644790212,80.27069049961652,80.32283987193695,genuine
653,27.578336652350345,2,21981781.13535534,101.86353813235635,333.0104422844687,13.082709478651235,80.27071555185043,84.86494718724603,jammed
607,43.76306329185017,12,21962742.022159085,98.0143701272458,1256.111968867147,13.08269277097378,80.2707176495191,82.84898974352883,spoofed
732,43.4226910124805,12,22027278.272513017,110.17386154115049,2579.087295437381,13.08271724910681,80.27069125562127,82.69719260318324,spoofed
